date,cereals_price,avg_precipitation,avg_max_temp,price_lag_1,price_lag_2,price_lag_3,price_lag_6,price_lag_12,target_next_price
1991-01,53.7,0.5935483870967743,4.688172043010753,52.6,52.4,52.8,57.9,64.1,55.2
1991-02,55.2,1.8904761904761906,8.229761904761904,53.7,52.6,52.4,55.7,62.2,57.3
1991-03,57.3,2.6774193548387095,13.903225806451612,55.2,53.7,52.6,52.5,61.3,57.6
1991-04,57.6,2.772222222222222,20.278888888888886,57.3,55.2,53.7,52.8,62.8,57.2
1991-05,57.2,3.435483870967742,26.42043010752688,57.6,57.3,55.2,52.4,62.0,56.5
1991-06,56.5,2.71,29.99111111111111,57.2,57.6,57.3,52.6,60.7,55.7
1991-07,55.7,2.9774193548387093,30.52795698924731,56.5,57.2,57.6,53.7,57.9,58.3
1991-08,58.3,4.036559139784946,28.092473118279568,55.7,56.5,57.2,55.2,55.7,58.8
1991-09,58.8,1.2377777777777779,25.229999999999997,58.3,55.7,56.5,57.3,52.5,60.6
1991-10,60.6,1.8623655913978494,20.70215053763441,58.8,58.3,55.7,57.6,52.8,60.8
1991-11,60.8,1.5766666666666667,11.521111111111113,60.6,58.8,58.3,57.2,52.4,62.7
1991-12,62.7,1.156989247311828,7.905376344086022,60.8,60.6,58.8,56.5,52.6,63.9
1992-01,63.9,1.7086021505376345,7.364516129032258,62.7,60.8,60.6,55.7,53.7,66.5
1992-02,66.5,1.4137931034482758,8.426436781609196,63.9,62.7,60.8,58.3,55.2,65.9
1992-03,65.9,1.564516129032258,14.582795698924732,66.5,63.9,62.7,58.8,57.3,63.0
1992-04,63.0,1.6077777777777778,19.91,65.9,66.5,63.9,60.6,57.6,62.0
1992-05,62.0,1.4473118279569892,25.813978494623655,63.0,65.9,66.5,60.8,57.2,61.8
1992-06,61.8,1.6644444444444446,29.842222222222226,62.0,63.0,65.9,62.7,56.5,58.5
1992-07,58.5,4.91505376344086,28.089247311827958,61.8,62.0,63.0,63.9,55.7,56.1
1992-08,56.1,2.770967741935484,28.289247311827957,58.5,61.8,62.0,66.5,58.3,58.3
1992-09,58.3,3.4033333333333333,24.00888888888889,56.1,58.5,61.8,65.9,58.8,58.2
1992-10,58.2,1.3473118279569891,19.788172043010753,58.3,56.1,58.5,63.0,60.6,58.8
1992-11,58.8,2.3466666666666667,11.707777777777778,58.2,58.3,56.1,62.0,60.8,58.5
1992-12,58.5,0.6763440860215053,7.045161290322581,58.8,58.2,58.3,61.8,62.7,59.1
1993-01,59.1,1.2946236559139785,5.2172043010752684,58.5,58.8,58.2,58.5,63.9,58.1
1993-02,58.1,1.3011904761904762,7.324999999999999,59.1,58.5,58.8,56.1,66.5,57.8
1993-03,57.8,2.6849462365591394,11.726881720430107,58.1,59.1,58.5,58.3,65.9,57.3
1993-04,57.3,2.05,19.538888888888888,57.8,58.1,59.1,58.2,63.0,55.4
1993-05,55.4,2.3451612903225807,27.104301075268815,57.3,57.8,58.1,58.8,62.0,52.8
1993-06,52.8,4.42,28.442222222222224,55.4,57.3,57.8,58.5,61.8,55.8
1993-07,55.8,8.766666666666666,27.468817204301075,52.8,55.4,57.3,59.1,58.5,56.6
1993-08,56.6,2.489247311827957,28.320430107526885,55.8,52.8,55.4,58.1,56.1,58.4
1993-09,58.4,3.076666666666666,22.702222222222222,56.6,55.8,52.8,57.8,58.3,61.4
1993-10,61.4,0.5129032258064516,20.09032258064516,58.4,56.6,55.8,57.3,58.2,66.7
1993-11,66.7,0.6155555555555555,10.858888888888888,61.4,58.4,56.6,55.4,58.8,68.9
1993-12,68.9,0.724731182795699,9.109677419354838,66.7,61.4,58.4,52.8,58.5,68.6
1994-01,68.6,1.2967741935483872,5.049462365591398,68.9,66.7,61.4,55.8,59.1,66.8
1994-02,66.8,1.5595238095238095,5.789285714285715,68.6,68.9,66.7,56.6,58.1,64.1
1994-03,64.1,0.664516129032258,15.208602150537635,66.8,68.6,68.9,58.4,57.8,62.4
1994-04,62.4,2.267777777777778,21.202222222222222,64.1,66.8,68.6,61.4,57.3,62.0
1994-05,62.0,1.4612903225806453,27.016129032258064,62.4,64.1,66.8,66.7,55.4,60.1
1994-06,60.1,3.602222222222222,29.28777777777778,62.0,62.4,64.1,68.9,52.8,56.0
1994-07,56.0,4.544086021505376,28.16344086021505,60.1,62.0,62.4,68.6,55.8,57.5
1994-08,57.5,3.8688172043010756,27.817204301075268,56.0,60.1,62.0,66.8,56.6,60.2
1994-09,60.2,2.278888888888889,26.686666666666667,57.5,56.0,60.1,64.1,58.4,61.7
1994-10,61.7,1.2634408602150538,20.18709677419355,60.2,57.5,56.0,62.4,61.4,61.1
1994-11,61.1,1.0255555555555556,13.496666666666668,61.7,60.2,57.5,62.0,66.7,62.7
1994-12,62.7,1.19247311827957,7.065591397849462,61.1,61.7,60.2,60.1,68.9,62.9
1995-01,62.9,1.4118279569892473,4.648387096774194,62.7,61.1,61.7,56.0,68.6,62.5
1995-02,62.5,1.7452380952380953,9.583333333333334,62.9,62.7,61.1,57.5,66.8,62.2
1995-03,62.2,1.5451612903225809,14.055913978494624,62.5,62.9,62.7,60.2,64.1,62.7
1995-04,62.7,2.7111111111111112,19.628888888888888,62.2,62.5,62.9,61.7,62.4,64.9
1995-05,64.9,2.6301075268817202,26.2247311827957,62.7,62.2,62.5,61.1,62.0,69.1
1995-06,69.1,3.651111111111111,30.371111111111112,64.9,62.7,62.2,62.7,60.1,74.0
1995-07,74.0,3.747311827956989,29.289247311827957,69.1,64.9,62.7,62.9,56.0,72.6
1995-08,72.6,5.148387096774194,28.394623655913975,74.0,69.1,64.9,62.5,57.5,75.9
1995-09,75.9,5.21,24.37333333333333,72.6,74.0,69.1,62.2,60.2,80.2
1995-10,80.2,0.6473118279569893,20.204301075268816,75.9,72.6,74.0,62.7,61.7,80.5
1995-11,80.5,1.0422222222222222,11.437777777777779,80.2,75.9,72.6,64.9,61.1,82.7
1995-12,82.7,0.5182795698924731,6.006451612903226,80.5,80.2,75.9,69.1,62.7,83.3
1996-01,83.3,1.4946236559139785,2.881720430107527,82.7,80.5,80.2,74.0,62.9,85.7
1996-02,85.7,2.2264367816091952,6.072413793103448,83.3,82.7,80.5,72.6,62.5,86.9
1996-03,86.9,1.3774193548387097,11.132258064516128,85.7,83.3,82.7,75.9,62.2,95.3
1996-04,95.3,1.3477777777777777,21.116666666666667,86.9,85.7,83.3,80.2,62.7,100.0
1996-05,100.0,3.8623655913978494,27.053763440860216,95.3,86.9,85.7,80.5,64.9,94.3
1996-06,94.3,3.9211111111111108,28.50111111111111,100.0,95.3,86.9,82.7,69.1,91.1
1996-07,91.1,3.0204301075268813,28.53333333333333,94.3,100.0,95.3,83.3,74.0,85.8
1996-08,85.8,4.034408602150537,27.277419354838713,91.1,94.3,100.0,85.7,72.6,75.3
1996-09,75.3,2.9488888888888884,22.765555555555558,85.8,91.1,94.3,86.9,75.9,71.1
1996-10,71.1,1.189247311827957,19.770967741935486,75.3,85.8,91.1,95.3,80.2,67.4
1996-11,67.4,1.3633333333333333,13.23111111111111,71.1,75.3,85.8,100.0,80.5,67.6
1996-12,67.6,0.4612903225806452,6.369892473118279,67.4,71.1,75.3,94.3,82.7,68.1
1997-01,68.1,0.7365591397849462,3.806451612903226,67.6,67.4,71.1,91.1,83.3,68.4
1997-02,68.4,1.2238095238095237,8.132142857142858,68.1,67.6,67.4,85.8,85.7,70.6
1997-03,70.6,1.0161290322580645,14.363440860215054,68.4,68.1,67.6,75.3,86.9,70.8
1997-04,70.8,3.232222222222222,17.647777777777776,70.6,68.4,68.1,71.1,95.3,68.8
1997-05,68.8,2.3806451612903228,25.017204301075267,70.8,70.6,68.4,67.4,100.0,65.2
1997-06,65.2,3.5188888888888887,28.612222222222222,68.8,70.8,70.6,67.6,94.3,62.4
1997-07,62.4,5.453763440860215,28.353763440860217,65.2,68.8,70.8,68.1,91.1,65.7
1997-08,65.7,4.963440860215054,26.670967741935485,62.4,65.2,68.8,68.4,85.8,65.1
1997-09,65.1,2.328888888888889,23.892222222222223,65.7,62.4,65.2,70.6,75.3,65.6
1997-10,65.6,2.5150537634408603,18.14301075268817,65.1,65.7,62.4,70.8,71.1,64.2
1997-11,64.2,1.4855555555555555,11.41,65.6,65.1,65.7,68.8,67.4,63.4
1997-12,63.4,1.524731182795699,5.431182795698924,64.2,65.6,65.1,65.2,67.6,62.7
1998-01,62.7,0.6021505376344086,6.49247311827957,63.4,64.2,65.6,62.4,68.1,62.7
1998-02,62.7,2.011904761904762,10.275,62.7,63.4,64.2,65.7,68.4,63.2
1998-03,63.2,3.567741935483871,10.78494623655914,62.7,62.7,63.4,65.1,70.6,60.8
1998-04,60.8,2.5833333333333335,21.317777777777778,63.2,62.7,62.7,65.6,70.8,60.2
1998-05,60.2,1.938709677419355,27.48494623655914,60.8,63.2,62.7,64.2,68.8,59.0
1998-06,59.0,3.102222222222222,29.58888888888889,60.2,60.8,63.2,63.4,65.2,57.5
1998-07,57.5,6.889247311827957,28.718279569892474,59.0,60.2,60.8,62.7,62.4,54.1
1998-08,54.1,3.3591397849462368,28.072043010752687,57.5,59.0,60.2,62.7,65.7,53.9
1998-09,53.9,2.473333333333333,25.98777777777778,54.1,57.5,59.0,63.2,65.1,57.7
1998-10,57.7,2.6247311827956987,19.616129032258065,53.9,54.1,57.5,60.8,65.6,58.2
1998-11,58.2,1.3666666666666667,12.387777777777778,57.7,53.9,54.1,60.2,64.2,56.8
1998-12,56.8,0.23763440860215054,7.183870967741936,58.2,57.7,53.9,59.0,63.4,57.1
1999-01,57.1,1.6795698924731182,4.703225806451614,56.8,58.2,57.7,57.5,62.7,54.9
1999-02,54.9,1.0035714285714286,10.003571428571428,57.1,56.8,58.2,54.1,62.7,55.2
1999-03,55.2,1.0516129032258064,14.546236559139784,54.9,57.1,56.8,53.9,63.2,53.7
1999-04,53.7,2.6211111111111114,23.232222222222223,55.2,54.9,57.1,57.7,60.8,52.8
1999-05,52.8,2.817204301075269,25.65806451612903,53.7,55.2,54.9,58.2,60.2,53.6
1999-06,53.6,1.8566666666666667,30.185555555555553,52.8,53.7,55.2,56.8,59.0,51.4
1999-07,51.4,3.1344086021505375,30.96021505376344,53.6,52.8,53.7,57.1,57.5,53.0
1999-08,53.0,2.974193548387097,28.104301075268815,51.4,53.6,52.8,54.9,54.1,52.6
1999-09,52.6,1.4477777777777778,25.56111111111111,53.0,51.4,53.6,55.2,53.9,51.5
1999-10,51.5,0.6279569892473118,20.97741935483871,52.6,53.0,51.4,53.7,57.7,51.3
1999-11,51.3,1.3355555555555556,14.795555555555554,51.5,52.6,53.0,52.8,58.2,50.4
1999-12,50.4,0.9279569892473118,8.946236559139784,51.3,51.5,52.6,53.6,56.8,52.1
2000-01,52.1,1.3419354838709676,5.549462365591398,50.4,51.3,51.5,51.4,57.1,52.2
2000-02,52.2,2.013793103448276,9.227586206896552,52.1,50.4,51.3,53.0,54.9,51.7
2000-03,51.7,1.0666666666666667,14.979569892473117,52.2,52.1,50.4,52.6,55.2,51.8
2000-04,51.8,1.3922222222222222,23.816666666666666,51.7,52.2,52.1,51.5,53.7,52.8
2000-05,52.8,2.5451612903225804,27.73978494623656,51.8,51.7,52.2,51.3,52.8,51.4
2000-06,51.4,3.2866666666666666,28.439999999999998,52.8,51.8,51.7,50.4,53.6,49.8
2000-07,49.8,4.006451612903226,28.34731182795699,51.4,52.8,51.8,52.1,51.4,48.6
2000-08,48.6,2.096774193548387,29.441935483870967,49.8,51.4,52.8,52.2,53.0,49.4
2000-09,49.4,2.253333333333333,25.013333333333332,48.6,49.8,51.4,51.7,52.6,51.2
2000-10,51.2,0.4935483870967742,21.870967741935484,49.4,48.6,49.8,51.8,51.5,52.1
2000-11,52.1,0.8355555555555556,13.027777777777779,51.2,49.4,48.6,52.8,51.3,53.7
2000-12,53.7,0.743010752688172,5.502150537634408,52.1,51.2,49.4,51.4,50.4,53.9
2001-01,53.9,1.0462365591397849,5.898924731182796,53.7,52.1,51.2,49.8,52.1,53.0
2001-02,53.0,1.438095238095238,7.252380952380953,53.9,53.7,52.1,48.6,52.2,52.2
2001-03,52.2,1.7268817204301075,13.480645161290322,53.0,53.9,53.7,49.4,51.7,51.0
2001-04,51.0,2.67,22.793333333333333,52.2,53.0,53.9,51.2,51.8,51.7
2001-05,51.7,3.417204301075269,26.1,51.0,52.2,53.0,52.1,52.8,51.0
2001-06,51.0,3.813333333333333,27.254444444444445,51.7,51.0,52.2,53.7,51.4,51.7
2001-07,51.7,4.61505376344086,30.418279569892473,51.0,51.7,51.0,53.9,49.8,51.6
2001-08,51.6,1.7118279569892472,29.213978494623657,51.7,51.0,51.7,53.0,48.6,51.2
2001-09,51.2,2.341111111111111,24.7,51.6,51.7,51.0,52.2,49.4,51.0
2001-10,51.0,1.1548387096774193,20.333333333333332,51.2,51.6,51.7,51.0,51.2,51.9
2001-11,51.9,1.201111111111111,15.393333333333334,51.0,51.2,51.6,51.7,52.1,52.0
2001-12,52.0,0.5021505376344086,7.319354838709678,51.9,51.0,51.2,51.0,53.7,51.7
2002-01,51.7,0.5935483870967743,7.211827956989247,52.0,51.9,51.0,51.7,53.9,50.4
2002-02,50.4,0.9178571428571428,10.696428571428571,51.7,52.0,51.9,51.6,53.0,49.6
2002-03,49.6,1.3849462365591398,14.710752688172041,50.4,51.7,52.0,51.2,52.2,49.3
2002-04,49.3,1.8344444444444443,21.991111111111113,49.6,50.4,51.7,51.0,51.0,50.2
2002-05,50.2,2.382795698924731,27.416129032258063,49.3,49.6,50.4,51.9,51.7,52.0
2002-06,52.0,2.716666666666667,29.73777777777778,50.2,49.3,49.6,52.0,51.0,54.6
2002-07,54.6,1.921505376344086,32.41182795698925,52.0,50.2,49.3,51.7,51.7,58.1
2002-08,58.1,4.26989247311828,28.4752688172043,54.6,52.0,50.2,50.4,51.6,63.8
2002-09,63.8,3.6777777777777776,24.64888888888889,58.1,54.6,52.0,49.6,51.2,64.4
2002-10,64.4,1.6365591397849462,18.331182795698926,63.8,58.1,54.6,49.3,51.0,63.0
2002-11,63.0,0.3411111111111111,13.525555555555554,64.4,63.8,58.1,50.2,51.9,59.8
2002-12,59.8,0.1913978494623656,6.7870967741935475,63.0,64.4,63.8,52.0,52.0,58.0
2003-01,58.0,1.1806451612903226,4.548387096774194,59.8,63.0,64.4,54.6,51.7,57.8
2003-02,57.8,2.0452380952380955,5.1726190476190474,58.0,59.8,63.0,58.1,50.4,56.5
2003-03,56.5,1.2881720430107526,12.258064516129032,57.8,58.0,59.8,63.8,49.6,56.4
2003-04,56.4,2.0444444444444443,21.08888888888889,56.5,57.8,58.0,64.4,49.3,58.2
2003-05,58.2,1.8408602150537636,28.19139784946237,56.4,56.5,57.8,63.0,50.2,57.7
2003-06,57.7,2.738888888888889,29.344444444444445,58.2,56.4,56.5,59.8,52.0,56.5
2003-07,56.5,4.71505376344086,28.640860215053763,57.7,58.2,56.4,58.0,54.6,59.9
2003-08,59.9,3.586021505376344,28.813978494623655,56.5,57.7,58.2,57.8,58.1,60.5
2003-09,60.5,1.8255555555555556,24.431111111111115,59.9,56.5,57.7,56.5,63.8,60.6
2003-10,60.6,1.3763440860215055,20.274193548387096,60.5,59.9,56.5,56.4,64.4,64.8
2003-11,64.8,1.7811111111111109,12.77,60.6,60.5,59.9,58.2,63.0,65.7
2003-12,65.7,1.2483870967741935,7.964516129032258,64.8,60.6,60.5,57.7,59.8,66.9
2004-01,66.9,1.924731182795699,4.72258064516129,65.7,64.8,60.6,56.5,58.0,67.5
2004-02,67.5,1.1482758620689655,7.367816091954023,66.9,65.7,64.8,59.9,57.8,68.5
2004-03,68.5,1.886021505376344,16.67849462365591,67.5,66.9,65.7,60.5,56.5,70.2
2004-04,70.2,1.591111111111111,22.5,68.5,67.5,66.9,60.6,56.4,68.8
2004-05,68.8,4.0,26.343010752688173,70.2,68.5,67.5,64.8,58.2,66.4
2004-06,66.4,2.172222222222222,27.64,68.8,70.2,68.5,65.7,57.7,60.7
2004-07,60.7,2.793548387096774,29.074193548387097,66.4,68.8,70.2,66.9,56.5,59.1
2004-08,59.1,4.438709677419355,27.055913978494623,60.7,66.4,68.8,67.5,59.9,60.0
2004-09,60.0,1.3555555555555556,26.106666666666666,59.1,60.7,66.4,68.5,60.5,59.3
2004-10,59.3,2.117204301075269,19.370967741935484,60.0,59.1,60.7,70.2,60.6,60.0
2004-11,60.0,1.1955555555555555,13.966666666666667,59.3,60.0,59.1,68.8,64.8,60.5
2004-12,60.5,0.578494623655914,8.964516129032258,60.0,59.3,60.0,66.4,65.7,60.5
2005-01,60.5,1.270967741935484,5.51505376344086,60.5,60.0,59.3,60.7,66.9,60.3
2005-02,60.3,3.0369047619047618,7.597619047619048,60.5,60.5,60.0,59.1,67.5,61.5
2005-03,61.5,1.886021505376344,12.434408602150539,60.3,60.5,60.5,60.0,68.5,59.5
2005-04,59.5,1.5166666666666666,22.171111111111113,61.5,60.3,60.5,59.3,70.2,59.4
2005-05,59.4,1.496774193548387,26.625806451612902,59.5,61.5,60.3,60.0,68.8,60.2
2005-06,60.2,2.6966666666666663,29.855555555555554,59.4,59.5,61.5,60.5,66.4,61.2
2005-07,61.2,3.5870967741935487,29.486021505376343,60.2,59.4,59.5,60.5,60.7,60.9
2005-08,60.9,2.1483870967741936,29.03333333333333,61.2,60.2,59.4,60.3,59.1,61.5
2005-09,61.5,1.7688888888888887,26.974444444444444,60.9,61.2,60.2,61.5,60.0,62.1
2005-10,62.1,0.9967741935483871,20.835483870967742,61.5,60.9,61.2,59.5,59.3,60.6
2005-11,60.6,0.7788888888888889,14.052222222222223,62.1,61.5,60.9,59.4,60.0,61.5
2005-12,61.5,1.0333333333333332,6.764516129032258,60.6,62.1,61.5,60.2,60.5,62.7
2006-01,62.7,0.9505376344086021,6.425806451612903,61.5,60.6,62.1,61.2,60.5,64.8
2006-02,64.8,0.4845238095238096,9.20952380952381,62.7,61.5,60.6,60.9,60.3,63.9
2006-03,63.9,2.679569892473118,13.380645161290323,64.8,62.7,61.5,61.5,61.5,65.1
2006-04,65.1,1.748888888888889,22.834444444444443,63.9,64.8,62.7,62.1,59.5,67.8
2006-05,67.8,1.5763440860215052,26.933333333333334,65.1,63.9,64.8,60.6,59.4,67.8
2006-06,67.8,1.9644444444444447,29.804444444444446,67.8,65.1,63.9,61.5,60.2,69.9
2006-07,69.9,4.029032258064516,30.23763440860215,67.8,67.8,65.1,62.7,61.2,69.6
2006-08,69.6,3.8623655913978494,28.70537634408602,69.9,67.8,67.8,64.8,60.9,72.5
2006-09,72.5,2.126666666666667,24.421111111111113,69.6,69.9,67.8,63.9,61.5,79.9
2006-10,79.9,1.3333333333333333,20.25698924731183,72.5,69.6,69.9,65.1,62.1,85.3
2006-11,85.3,0.851111111111111,14.093333333333334,79.9,72.5,69.6,67.8,60.6,85.4
2006-12,85.4,1.0731182795698924,9.870967741935484,85.3,79.9,72.5,67.8,61.5,85.1
2007-01,85.1,0.846236559139785,7.921505376344086,85.4,85.3,79.9,69.9,62.7,87.0
2007-02,87.0,2.5428571428571427,5.4523809523809526,85.1,85.4,85.3,69.6,64.8,86.4
2007-03,86.4,2.5978494623655912,15.633333333333335,87.0,85.1,85.4,72.5,63.9,85.1
2007-04,85.1,1.3111111111111111,21.506666666666664,86.4,87.0,85.1,79.9,65.1,86.6
2007-05,86.6,1.4279569892473116,29.09784946236559,85.1,86.4,87.0,85.3,67.8,91.9
2007-06,91.9,2.163333333333333,30.24888888888889,86.6,85.1,86.4,85.4,67.8,94.9
2007-07,94.9,2.0193548387096776,31.004301075268817,91.9,86.6,85.1,85.1,69.9,102.1
2007-08,102.1,4.321505376344086,30.298924731182797,94.9,91.9,86.6,87.0,69.6,117.2
2007-09,117.2,2.3033333333333337,26.103333333333335,102.1,94.9,91.9,86.4,72.5,121.3
2007-10,121.3,1.8311827956989248,21.56451612903226,117.2,102.1,94.9,85.1,79.9,121.0
2007-11,121.0,0.8622222222222221,13.571111111111112,121.3,117.2,102.1,86.6,85.3,132.2
2007-12,132.2,1.1225806451612903,6.541935483870968,121.0,121.3,117.2,91.9,85.4,141.0
2008-01,141.0,0.8946236559139785,4.608602150537634,132.2,121.0,121.3,94.9,85.1,160.8
2008-02,160.8,0.9850574712643678,7.4494252873563225,141.0,132.2,121.0,102.1,87.0,163.3
2008-03,163.3,0.9763440860215054,16.593548387096774,160.8,141.0,132.2,117.2,86.4,162.7
2008-04,162.7,3.008888888888889,21.357777777777777,163.3,160.8,141.0,121.3,85.1,157.4
2008-05,157.4,2.1344086021505375,25.863440860215057,162.7,163.3,160.8,121.0,86.6,160.3
2008-06,160.3,4.738888888888889,28.026666666666667,157.4,162.7,163.3,132.2,91.9,148.2
2008-07,148.2,5.202150537634409,28.732258064516127,160.3,157.4,162.7,141.0,94.9,136.5
2008-08,136.5,2.8236559139784947,28.725806451612904,148.2,160.3,157.4,160.8,102.1,125.3
2008-09,125.3,3.5844444444444448,24.34777777777778,136.5,148.2,160.3,163.3,117.2,104.9
2008-10,104.9,1.4978494623655916,20.996774193548386,125.3,136.5,148.2,162.7,121.3,96.0
2008-11,96.0,1.3377777777777777,13.996666666666668,104.9,125.3,136.5,157.4,121.0,95.1
2008-12,95.1,0.9849462365591397,7.765591397849463,96.0,104.9,125.3,160.3,132.2,100.4
2009-01,100.4,0.6516129032258065,4.943010752688172,95.1,96.0,104.9,148.2,141.0,97.2
2009-02,97.2,1.1345238095238095,9.629761904761905,100.4,95.1,96.0,136.5,160.8,97.2
2009-03,97.2,1.8870967741935485,15.097849462365591,97.2,100.4,95.1,125.3,163.3,98.1
2009-04,98.1,1.5555555555555556,21.965555555555557,97.2,97.2,100.4,104.9,162.7,103.3
2009-05,103.3,1.724731182795699,26.829032258064515,98.1,97.2,97.2,96.0,157.4,103.0
2009-06,103.0,2.3944444444444444,31.214444444444446,103.3,98.1,97.2,95.1,160.3,94.5
2009-07,94.5,3.9655913978494626,28.90537634408602,103.0,103.3,98.1,100.4,148.2,91.9
2009-08,91.9,4.234408602150538,27.763440860215052,94.5,103.0,103.3,97.2,136.5,89.8
2009-09,89.8,3.0533333333333337,25.384444444444444,91.9,94.5,103.0,97.2,125.3,93.8
2009-10,93.8,2.3946236559139784,19.1752688172043,89.8,91.9,94.5,98.1,104.9,98.0
2009-11,98.0,0.8544444444444446,14.906666666666666,93.8,89.8,91.9,103.3,96.0,99.0
2009-12,99.0,1.7612903225806453,6.473118279569892,98.0,93.8,89.8,103.0,95.1,98.4
2010-01,98.4,0.9881720430107528,2.349462365591398,99.0,98.0,93.8,94.5,100.4,94.0
2010-02,94.0,1.4523809523809523,6.440476190476191,98.4,99.0,98.0,91.9,97.2,91.8
2010-03,91.8,0.9376344086021505,15.536559139784947,94.0,98.4,99.0,89.8,97.2,90.7
2010-04,90.7,1.3388888888888888,24.056666666666665,91.8,94.0,98.4,93.8,98.1,90.6
2010-05,90.6,2.3161290322580648,27.686021505376345,90.7,91.8,94.0,98.0,103.3,87.8
2010-06,87.8,2.988888888888889,30.97888888888889,90.6,90.7,91.8,99.0,103.0,95.3
2010-07,95.3,6.053763440860215,29.922580645161293,87.8,90.6,90.7,98.4,94.5,112.9
2010-08,112.9,4.455913978494624,30.46989247311828,95.3,87.8,90.6,94.0,91.9,125.9
2010-09,125.9,3.9277777777777776,24.331111111111113,112.9,95.3,87.8,91.8,89.8,130.6
2010-10,130.6,0.7989247311827957,19.806451612903224,125.9,112.9,95.3,90.7,93.8,132.4
2010-11,132.4,1.0,16.164444444444445,130.6,125.9,112.9,90.6,98.0,139.7
2010-12,139.7,1.156989247311828,6.508602150537634,132.4,130.6,125.9,87.8,99.0,144.9
2011-01,144.9,0.9774193548387098,3.7376344086021507,139.7,132.4,130.6,95.3,98.4,151.4
2011-02,151.4,1.2571428571428571,5.963095238095238,144.9,139.7,132.4,112.9,94.0,145.5
2011-03,145.5,1.0440860215053764,14.225806451612904,151.4,144.9,139.7,125.9,91.8,151.7
2011-04,151.7,2.174444444444444,20.615555555555556,145.5,151.4,144.9,130.6,90.7,150.9
2011-05,150.9,1.8032258064516127,27.27204301075269,151.7,145.5,151.4,132.4,90.6,147.1
2011-06,147.1,5.238888888888889,29.23111111111111,150.9,151.7,145.5,139.7,87.8,140.5
2011-07,140.5,2.389247311827957,30.429032258064517,147.1,150.9,151.7,144.9,95.3,144.9
2011-08,144.9,3.643010752688172,28.023655913978494,140.5,147.1,150.9,151.4,112.9,140.5
2011-09,140.5,2.1644444444444444,24.705555555555556,144.9,140.5,147.1,145.5,125.9,133.1
2011-10,133.1,0.41935483870967744,20.729032258064514,140.5,144.9,140.5,151.7,130.6,130.9
2011-11,130.9,0.6622222222222223,14.093333333333334,133.1,140.5,144.9,150.9,132.4,124.4
2011-12,124.4,1.4193548387096775,9.925806451612903,130.9,133.1,140.5,147.1,139.7,127.2
2012-01,127.2,1.539784946236559,6.170967741935484,124.4,130.9,133.1,140.5,144.9,131.1
2012-02,131.1,1.1597701149425288,5.894252873563218,127.2,124.4,130.9,144.9,151.4,130.6
2012-03,130.6,1.6870967741935485,16.723655913978494,131.1,127.2,124.4,140.5,145.5,129.1
2012-04,129.1,1.51,22.894444444444446,130.6,131.1,127.2,133.1,151.7,126.3
2012-05,126.3,1.0913978494623655,29.337634408602153,129.1,130.6,131.1,130.9,150.9,125.3
2012-06,125.3,1.2422222222222221,32.065555555555555,126.3,129.1,130.6,124.4,147.1,143.9
2012-07,143.9,1.821505376344086,32.80967741935484,125.3,126.3,129.1,127.2,140.5,147.1
2012-08,147.1,3.9021505376344083,29.147311827956987,143.9,125.3,126.3,131.1,144.9,146.8
2012-09,146.8,1.9211111111111112,26.202222222222222,147.1,143.9,125.3,130.6,140.5,146.5
2012-10,146.5,1.4548387096774191,20.608602150537635,146.8,147.1,143.9,129.1,133.1,148.5
2012-11,148.5,0.6122222222222222,14.622222222222222,146.5,146.8,147.1,126.3,130.9,146.4
2012-12,146.4,1.272043010752688,7.065591397849462,148.5,146.5,146.8,125.3,124.4,145.2
2013-01,145.2,1.2247311827956988,5.867741935483871,146.4,148.5,146.5,143.9,127.2,142.3
2013-02,142.3,2.5976190476190473,8.22857142857143,145.2,146.4,148.5,147.1,131.1,139.9
2013-03,139.9,1.7010752688172042,11.296774193548385,142.3,145.2,146.4,146.8,130.6,134.9
2013-04,134.9,2.3722222222222222,20.806666666666665,139.9,142.3,145.2,146.5,129.1,136.4
2013-05,136.4,3.2408602150537633,28.17849462365591,134.9,139.9,142.3,148.5,126.3,133.8
2013-06,133.8,3.095555555555556,29.587777777777777,136.4,134.9,139.9,146.4,125.3,126.4
2013-07,126.4,1.8935483870967742,29.081720430107527,133.8,136.4,134.9,145.2,143.9,119.2
2013-08,119.2,2.8096774193548386,28.548387096774192,126.4,133.8,136.4,142.3,147.1,116.7
2013-09,116.7,2.221111111111111,25.22555555555556,119.2,126.4,133.8,139.9,146.8,118.7
2013-10,118.7,1.3440860215053763,19.982795698924733,116.7,119.2,126.4,134.9,146.5,118.0
2013-11,118.0,0.8166666666666667,14.04,118.7,116.7,119.2,136.4,148.5,117.9
2013-12,117.9,0.5602150537634408,6.811827956989247,118.0,118.7,116.7,133.8,146.4,117.0
2014-01,117.0,1.1268817204301076,4.520430107526882,117.9,118.0,118.7,126.4,145.2,119.7
2014-02,119.7,1.305952380952381,5.932142857142857,117.0,117.9,118.0,119.2,142.3,125.4
2014-03,125.4,1.610752688172043,13.908602150537634,119.7,117.0,117.9,116.7,139.9,125.5
2014-04,125.5,2.95,20.464444444444442,125.4,119.7,117.0,118.7,134.9,125.2
2014-05,125.2,2.3365591397849466,27.161290322580644,125.5,125.4,119.7,118.0,136.4,118.7
2014-06,118.7,3.3355555555555556,29.881111111111114,125.2,125.5,125.4,117.9,133.8,112.2
2014-07,112.2,2.1247311827956987,29.201075268817203,118.7,125.2,125.5,117.0,126.4,110.4
2014-08,110.4,2.2225806451612904,29.73440860215054,112.2,118.7,125.2,119.7,119.2,107.4
2014-09,107.4,2.1955555555555555,25.297777777777778,110.4,112.2,118.7,125.4,116.7,108.2
2014-10,108.2,1.2236559139784946,20.2247311827957,107.4,110.4,112.2,125.5,118.7,109.3
2014-11,109.3,0.42444444444444446,12.28111111111111,108.2,107.4,110.4,125.2,118.0,110.9
2014-12,110.9,1.1258064516129032,7.525806451612903,109.3,108.2,107.4,118.7,117.9,105.9
2015-01,105.9,0.9623655913978495,6.546236559139785,110.9,109.3,108.2,112.2,117.0,101.6
2015-02,101.6,1.9166666666666667,6.4452380952380945,105.9,110.9,109.3,110.4,119.7,99.5
2015-03,99.5,3.253763440860215,14.420430107526881,101.6,105.9,110.9,107.4,125.4,98.2
2015-04,98.2,2.138888888888889,20.74222222222222,99.5,101.6,105.9,108.2,125.5,95.7
2015-05,95.7,3.30752688172043,26.959139784946235,98.2,99.5,101.6,109.3,125.2,96.7
2015-06,96.7,4.333333333333333,29.029999999999998,95.7,98.2,99.5,110.9,118.7,98.9
2015-07,98.9,5.253763440860215,28.758064516129032,96.7,95.7,98.2,105.9,112.2,91.9
2015-08,91.9,3.4559139784946233,28.1,98.9,96.7,95.7,101.6,110.4,90.5
2015-09,90.5,2.506666666666667,27.142222222222223,91.9,98.9,96.7,99.5,107.4,91.7
2015-10,91.7,0.9537634408602151,20.038709677419355,90.5,91.9,98.9,98.2,108.2,90.5
2015-11,90.5,2.4277777777777776,14.815555555555557,91.7,90.5,91.9,95.7,109.3,89.4
2015-12,89.4,1.6161290322580646,9.972043010752689,90.5,91.7,90.5,96.7,110.9,87.6
2016-01,87.6,1.4505376344086023,4.744086021505376,89.4,90.5,91.7,98.9,105.9,87.3
2016-02,87.3,0.981609195402299,10.663218390804598,87.6,89.4,90.5,91.9,101.6,86.5
2016-03,86.5,2.510752688172043,15.918279569892475,87.3,87.6,89.4,90.5,99.5,88.4
2016-04,88.4,1.8533333333333335,23.193333333333335,86.5,87.3,87.6,91.7,98.2,91.1
2016-05,91.1,2.8010752688172045,26.623655913978496,88.4,86.5,87.3,90.5,95.7,94.1
2016-06,94.1,2.683333333333333,30.7,91.1,88.4,86.5,89.4,96.7,90.4
2016-07,90.4,2.981720430107527,29.51290322580645,94.1,91.1,88.4,87.6,98.9,89.3
2016-08,89.3,3.949462365591398,28.774193548387096,90.4,94.1,91.1,87.3,91.9,86.3
2016-09,86.3,1.69,26.515555555555558,89.3,90.4,94.1,86.5,90.5,86.7
2016-10,86.7,1.632258064516129,21.061290322580646,86.3,89.3,90.4,88.4,91.7,86.0
2016-11,86.0,1.2066666666666666,15.358888888888888,86.7,86.3,89.3,91.1,90.5,86.1
2016-12,86.1,1.043010752688172,8.30537634408602,86.0,86.7,86.3,94.1,89.4,88.7
2017-01,88.7,2.1161290322580646,5.606451612903226,86.1,86.0,86.7,90.4,87.6,90.0
2017-02,90.0,1.4202380952380953,10.489285714285714,88.7,86.1,86.0,89.3,87.3,87.9
2017-03,87.9,1.2161290322580645,15.76989247311828,90.0,88.7,86.1,86.3,86.5,86.9
2017-04,86.9,2.1566666666666667,22.72222222222222,87.9,90.0,88.7,86.7,88.4,88.3
2017-05,88.3,1.7150537634408602,26.791397849462363,86.9,87.9,90.0,86.0,91.1,92.4
2017-06,92.4,4.16,30.542222222222225,88.3,86.9,87.9,86.1,94.1,96.9
2017-07,96.9,2.7440860215053764,30.10967741935484,92.4,88.3,86.9,88.7,90.4,92.3
2017-08,92.3,3.167741935483871,29.4,96.9,92.4,88.3,90.0,89.3,92.1
2017-09,92.1,1.1955555555555557,27.415555555555557,92.3,96.9,92.4,87.9,86.3,91.8
2017-10,91.8,2.2989247311827956,20.88924731182796,92.1,92.3,96.9,86.9,86.7,92.1
2017-11,92.1,0.49444444444444446,13.418888888888889,91.8,92.1,92.3,88.3,86.0,92.4
2017-12,92.4,1.546236559139785,9.073118279569892,92.1,91.8,92.1,92.4,86.1,95.2
2018-01,95.2,0.9623655913978495,6.42258064516129,92.4,92.1,91.8,96.9,88.7,98.4
2018-02,98.4,1.4952380952380953,7.625,95.2,92.4,92.1,92.3,90.0,101.8
2018-03,101.8,2.0602150537634407,13.51505376344086,98.4,95.2,92.4,92.1,87.9,104.0
2018-04,104.0,1.7166666666666666,21.43,101.8,98.4,95.2,91.8,86.9,105.5
2018-05,105.5,2.138709677419355,29.465591397849465,104.0,101.8,98.4,92.1,88.3,100.8
2018-06,100.8,2.7777777777777777,31.007777777777775,105.5,104.0,101.8,92.4,92.4,98.7
2018-07,98.7,4.226881720430107,29.366666666666667,100.8,105.5,104.0,95.2,96.9,103.5
2018-08,103.5,3.2376344086021507,29.79032258064516,98.7,100.8,105.5,98.4,92.3,100.3
2018-09,100.3,6.148888888888889,25.71,103.5,98.7,100.8,101.8,92.1,100.9
2018-10,100.9,1.8258064516129031,20.448387096774194,100.3,103.5,98.7,104.0,91.8,99.6
2018-11,99.6,1.268888888888889,11.145555555555555,100.9,100.3,103.5,105.5,92.1,101.1
2018-12,101.1,1.6053763440860216,7.687096774193548,99.6,100.9,100.3,100.8,92.4,101.8
2019-01,101.8,1.6774193548387097,4.502150537634408,101.1,99.6,100.9,98.7,95.2,100.7
2019-02,100.7,2.348809523809524,6.546428571428571,101.8,101.1,99.6,103.5,98.4,97.5
2019-03,97.5,1.153763440860215,13.002150537634408,100.7,101.8,101.1,100.3,101.8,94.6
2019-04,94.6,1.7,21.664444444444445,97.5,100.7,101.8,100.9,104.0,94.4
2019-05,94.4,3.4021505376344083,26.41720430107527,94.6,97.5,100.7,99.6,105.5,99.2
2019-06,99.2,2.052222222222222,31.115555555555556,94.4,94.6,97.5,101.1,100.8,97.6
2019-07,97.6,3.746236559139785,29.589247311827958,99.2,94.4,94.6,101.8,98.7,92.6
2019-08,92.6,5.023655913978494,28.63010752688172,97.6,99.2,94.4,100.7,103.5,91.8
2019-09,91.8,2.7955555555555556,27.055555555555557,92.6,97.6,99.2,97.5,100.3,96.0
2019-10,96.0,2.335483870967742,20.247311827956988,91.8,92.6,97.6,94.6,100.9,95.6
2019-11,95.6,1.0566666666666666,13.29,96.0,91.8,92.6,94.4,99.6,97.4
2019-12,97.4,1.256989247311828,9.336559139784946,95.6,96.0,91.8,99.2,101.1,100.7
2020-01,100.7,1.6064516129032258,6.290322580645161,97.4,95.6,96.0,97.6,101.8,99.6
2020-02,99.6,1.2804597701149425,9.770114942528735,100.7,97.4,95.6,92.6,100.7,98.0
2020-03,98.0,2.7806451612903227,15.497849462365592,99.6,100.7,97.4,91.8,97.5,99.6
2020-04,99.6,1.3866666666666667,20.66,98.0,99.6,100.7,96.0,94.6,98.0
2020-05,98.0,2.8333333333333335,24.672043010752688,99.6,98.0,99.6,95.6,94.4,97.3
2020-06,97.3,2.44,30.48777777777778,98.0,99.6,98.0,97.4,99.2,97.3
2020-07,97.3,2.2838709677419358,30.4247311827957,97.3,98.0,99.6,100.7,97.6,99.2
2020-08,99.2,2.252688172043011,29.787096774193547,97.3,97.3,98.0,99.6,92.6,104.3
2020-09,104.3,1.8322222222222222,27.164444444444445,99.2,97.3,97.3,98.0,91.8,112.1
2020-10,112.1,1.0580645161290323,21.696774193548386,104.3,99.2,97.3,99.6,96.0,114.8
2020-11,114.8,1.031111111111111,14.504444444444445,112.1,104.3,99.2,98.0,95.6,116.4
2020-12,116.4,0.9161290322580645,8.03978494623656,114.8,112.1,104.3,97.3,97.4,125.0
2021-01,125.0,1.4182795698924733,5.776344086021506,116.4,114.8,112.1,97.3,100.7,126.1
2021-02,126.1,1.138095238095238,5.423809523809523,125.0,116.4,114.8,99.2,99.6,123.9
2021-03,123.9,1.261290322580645,15.976344086021506,126.1,125.0,116.4,104.3,98.0,126.2
2021-04,126.2,1.4877777777777779,20.508888888888887,123.9,126.1,125.0,112.1,99.6,133.7
2021-05,133.7,2.5946236559139786,25.507526881720427,126.2,123.9,126.1,114.8,98.0,130.3
2021-06,130.3,2.4355555555555553,30.49777777777778,133.7,126.2,123.9,116.4,97.3,126.3
2021-07,126.3,3.843010752688172,30.995698924731183,130.3,133.7,126.2,125.0,97.3,130.4
2021-08,130.4,2.2698924731182797,29.856989247311827,126.3,130.3,133.7,126.1,99.2,132.8
2021-09,132.8,1.9977777777777779,25.693333333333335,130.4,126.3,130.3,123.9,104.3,137.1
2021-10,137.1,2.3236559139784947,20.64516129032258,132.8,130.4,126.3,126.2,112.1,141.4
2021-11,141.4,0.9077777777777778,14.706666666666665,137.1,132.8,130.4,133.7,114.8,140.5
2021-12,140.5,1.203225806451613,9.307526881720431,141.4,137.1,132.8,130.3,116.4,140.6
2022-01,140.6,2.0688172043010753,4.8569892473118275,140.5,141.4,137.1,126.3,125.0,145.3
2022-02,145.3,0.6821428571428572,9.420238095238094,140.6,140.5,141.4,130.4,126.1,170.1
2022-03,170.1,1.5559139784946234,15.475268817204302,145.3,140.6,140.5,132.8,123.9,169.7
2022-04,169.7,1.7866666666666668,21.98,170.1,145.3,140.6,137.1,126.2,173.5
2022-05,173.5,2.3838709677419354,27.07956989247312,169.7,170.1,145.3,141.4,133.7,166.3
2022-06,166.3,2.7466666666666666,30.736666666666668,173.5,169.7,170.1,140.5,130.3,147.3
2022-07,147.3,5.516129032258065,29.513978494623657,166.3,173.5,169.7,140.6,126.3,145.6
2022-08,145.6,2.803225806451613,29.555913978494623,147.3,166.3,173.5,145.3,130.4,147.9
2022-09,147.9,3.575555555555556,24.846666666666664,145.6,147.3,166.3,170.1,132.8,152.3
2022-10,152.3,0.9526881720430107,20.940860215053764,147.9,145.6,147.3,169.7,137.1,150.1
2022-11,150.1,1.7255555555555557,13.827777777777778,152.3,147.9,145.6,173.5,141.4,147.3
2022-12,147.3,1.175268817204301,8.023655913978494,150.1,152.3,147.9,166.3,140.5,147.5
2023-01,147.5,1.3516129032258064,6.721505376344086,147.3,150.1,152.3,147.3,140.6,146.7
2023-02,146.7,1.1202380952380953,10.31547619047619,147.5,147.3,150.1,145.6,145.3,138.6
2023-03,138.6,1.8806451612903226,14.778494623655915,146.7,147.5,147.3,147.9,170.1,136.1
2023-04,136.1,1.8988888888888888,20.71888888888889,138.6,146.7,147.5,152.3,169.7,129.3
2023-05,129.3,1.9774193548387098,26.496774193548386,136.1,138.6,146.7,150.1,173.5,126.6
2023-06,126.6,1.5766666666666667,29.966666666666665,129.3,136.1,138.6,147.3,166.3,125.9
2023-07,125.9,4.302150537634409,29.43010752688172,126.6,129.3,136.1,147.5,147.3,125.0
2023-08,125.0,2.610752688172043,30.296774193548387,125.9,126.6,129.3,146.7,145.6,126.3
2023-09,126.3,1.3444444444444446,28.270000000000003,125.0,125.9,126.6,138.6,147.9,124.8
2023-10,124.8,1.839784946236559,22.034408602150535,126.3,125.0,125.9,136.1,152.3,121.0
2023-11,121.0,1.5466666666666666,14.836666666666666,124.8,126.3,125.0,129.3,150.1,122.8
2023-12,122.8,1.1387096774193548,10.421505376344086,121.0,124.8,126.3,126.6,147.3,119.9
2024-01,119.9,1.2559139784946236,4.608602150537634,122.8,121.0,124.8,125.9,147.5,113.8
2024-02,113.8,1.2275862068965517,12.410344827586208,119.9,122.8,121.0,125.0,146.7,110.9
2024-03,110.9,1.956989247311828,15.859139784946237,113.8,119.9,122.8,126.3,138.6,111.6
2024-04,111.6,2.648888888888889,23.326666666666668,110.9,113.8,119.9,124.8,136.1,118.7
2024-05,118.7,1.7580645161290323,28.01827956989247,111.6,110.9,113.8,121.0,129.3,115.2
2024-06,115.2,3.5055555555555555,31.924444444444443,118.7,111.6,110.9,122.8,126.6,110.7
2024-07,110.7,3.01505376344086,30.983870967741936,115.2,118.7,111.6,119.9,125.9,110.2
2024-08,110.2,2.096774193548387,29.7,110.7,115.2,118.7,113.8,125.0,113.6
2024-09,113.6,1.7811111111111113,27.967777777777776,110.2,110.7,115.2,110.9,126.3,114.4
2024-10,114.4,1.3720430107526882,23.47204301075269,113.6,110.2,110.7,111.6,124.8,111.4
2024-11,111.4,1.5744444444444443,14.364444444444445,114.4,113.6,110.2,118.7,121.0,111.4
2024-12,111.4,1.5494623655913977,8.018279569892474,111.4,114.4,113.6,115.2,122.8,111.8
2025-01,111.8,0.5440860215053763,7.505376344086022,111.4,111.4,114.4,110.7,119.9,112.6
2025-02,112.6,1.2654761904761904,6.991666666666666,111.8,111.4,111.4,110.2,113.8,109.7
2025-03,109.7,1.4193548387096775,18.141935483870967,112.6,111.8,111.4,113.6,110.9,110.9
2025-04,110.9,1.6066666666666667,23.607777777777777,109.7,112.6,111.8,114.4,111.6,109.0
2025-05,109.0,2.4086021505376345,26.44516129032258,110.9,109.7,112.6,111.4,118.7,107.3
2025-06,107.3,3.368888888888889,30.456666666666667,109.0,110.9,109.7,111.4,115.2,106.5
2025-07,106.5,4.536559139784947,30.61720430107527,107.3,109.0,110.9,111.8,110.7,105.6
2025-08,105.6,4.198924731182796,28.75483870967742,106.5,107.3,109.0,112.6,110.2,104.8
2025-09,104.8,2.2333333333333334,27.405555555555555,105.6,106.5,107.3,109.7,113.6,103.8
2025-10,103.8,2.0903225806451613,21.05483870967742,104.8,105.6,106.5,110.9,114.4,105.6
2025-11,105.6,1.1288888888888888,15.421111111111113,103.8,104.8,105.6,109.0,111.4,107.2
2025-12,107.2,0.735483870967742,8.6247311827957,105.6,103.8,104.8,107.3,111.4,107.5
2026-01,107.5,2.1408602150537632,3.796774193548387,107.2,105.6,103.8,106.5,111.8,108.7
2026-02,108.7,0.8654761904761905,9.503571428571428,107.5,107.2,105.6,105.6,112.6,110.4
2026-03,110.4,1.19247311827957,17.865591397849464,108.7,107.5,107.2,104.8,109.7,111.3
2026-04,111.3,2.6455555555555557,21.328888888888887,110.4,108.7,107.5,103.8,110.9,114.2
2026-05,114.2,2.0408602150537636,27.01827956989247,111.3,110.4,108.7,105.6,109.0,110.0
2026-06,110.0,2.5933333333333333,30.074444444444442,114.2,111.3,110.4,107.2,107.3,113.8
2026-07,113.8,3.4580645161290327,30.18172043010753,110.0,114.2,111.3,107.5,106.5,116.3
