date,cereals_price,avg_precipitation,avg_max_temp,price_lag_1,price_lag_2,price_lag_3,price_lag_6,price_lag_12,target_next_price,lstm_feat_0,lstm_feat_1,lstm_feat_2,lstm_feat_3,lstm_feat_4,lstm_feat_5,lstm_feat_6,lstm_feat_7,lstm_feat_8,lstm_feat_9,lstm_feat_10,lstm_feat_11,lstm_feat_12,lstm_feat_13,lstm_feat_14,lstm_feat_15
1992-01,63.9,1.7086021505376343,7.364516129032258,62.7,60.8,60.6,55.7,53.7,66.5,8.0314045,9.98754,0.0,9.611072,0.0,8.739152,8.1079445,9.360553,7.7693815,0.0,8.938678,0.0,0.49807352,0.0,0.0,8.032171
1992-02,66.5,1.4137931034482758,8.426436781609196,63.9,62.7,60.8,58.3,55.2,65.9,8.0797825,10.055668,0.0,9.664966,0.0,8.810516,8.156215,9.415464,7.806392,0.0,8.992874,0.0,0.51827663,0.0,0.0,8.079685
1992-03,65.9,1.564516129032258,14.582795698924732,66.5,63.9,62.7,58.8,57.3,63.0,8.149455,10.146428,0.0,9.749722,0.0,8.902809,8.232605,9.493892,7.8721924,0.0,9.080916,0.0,0.52674,0.0,0.0,8.149143
1992-04,63.0,1.6077777777777778,19.91,65.9,66.5,63.9,60.6,57.6,62.0,8.252962,10.273924,0.0,9.876991,0.0,9.026544,8.346598,9.610982,7.974275,0.0,9.212149,0.0,0.5268088,0.0,0.0,8.252176
1992-05,62.0,1.4473118279569892,25.81397849462365,63.0,65.9,66.5,60.8,57.2,61.8,8.331036,10.36637,0.0,9.969167,0.0,9.115228,8.429308,9.700159,8.048181,0.0,9.307578,0.0,0.5268222,0.0,0.0,8.3303585
1992-06,61.8,1.6644444444444446,29.842222222222222,62.0,63.0,65.9,62.7,56.5,58.5,8.397474,10.440533,0.0,10.043151,0.0,9.184621,8.495165,9.776936,8.106511,0.0,9.382741,0.0,0.52831817,0.0,0.0,8.39709
1992-07,58.5,4.91505376344086,28.08924731182796,61.8,62.0,63.0,63.9,55.7,56.1,8.452879,10.497805,0.0,10.1000595,0.0,9.233923,8.5443325,9.839509,8.149389,0.0,9.437544,0.0,0.53165394,0.0,0.0,8.447719
1992-08,56.1,2.770967741935484,28.28924731182796,58.5,61.8,62.0,66.5,58.3,58.3,8.5011015,10.540862,0.0,10.144852,0.0,9.264112,8.58297,9.887848,8.179606,0.0,9.477378,0.0,0.5336191,0.0,0.0,8.481987
1992-09,58.3,3.4033333333333333,24.00888888888889,56.1,58.5,61.8,65.9,58.8,58.2,8.500954,10.535096,0.0,10.137809,0.0,9.253488,8.579502,9.889317,8.1756735,0.0,9.462453,0.0,0.5368918,0.0,0.0,8.487288
1992-10,58.2,1.3473118279569891,19.788172043010757,58.3,56.1,58.5,63.0,60.6,58.8,8.420508,10.433205,0.0,10.032818,0.0,9.15078,8.4882345,9.797489,8.092697,0.0,9.348722,0.0,0.5428089,0.0,0.0,8.406807
1992-11,58.8,2.3466666666666667,11.707777777777778,58.2,58.3,56.1,62.0,60.8,58.5,8.307315,10.302037,0.0,9.895939,0.0,9.027897,8.370565,9.674221,7.9881554,0.0,9.205506,0.0,0.5486275,0.0,0.0,8.306878
1992-12,58.5,0.6763440860215053,7.045161290322581,58.8,58.2,58.3,61.8,62.7,59.1,8.15754,10.128659,0.0,9.712421,0.0,8.869352,8.209923,9.508068,7.840184,0.0,9.019416,0.0,0.5603217,0.0,0.0,8.165122
1993-01,59.1,1.2946236559139783,5.2172043010752684,58.5,58.8,58.2,58.5,63.9,58.1,7.962308,9.903482,0.0,9.476744,0.0,8.669581,8.003593,9.2924795,7.6535954,0.0,8.787952,0.0,0.56972,0.0,0.0,7.98344
1993-02,58.1,1.3011904761904762,7.324999999999999,59.1,58.5,58.8,56.1,66.5,57.8,7.7841,9.693484,0.0,9.261945,0.0,8.48563,7.814333,9.093473,7.48314,0.0,8.5833845,0.0,0.57322377,0.0,0.0,7.8141103
1993-03,57.8,2.6849462365591394,11.726881720430107,58.1,59.1,58.5,58.3,65.9,57.3,7.6462393,9.529519,0.0,9.098023,0.0,8.343092,7.668435,8.938772,7.3542495,0.0,8.432931,0.0,0.5701812,0.0,0.0,7.6816974
1993-04,57.3,2.05,19.538888888888888,57.8,58.1,59.1,58.2,63.0,55.4,7.5496163,9.408015,0.0,8.98102,0.0,8.235528,7.5618596,8.827781,7.261759,0.0,8.330279,0.0,0.5637432,0.0,0.0,7.5824924
1993-05,55.4,2.3451612903225807,27.10430107526881,57.3,57.8,58.1,58.8,62.0,52.8,7.4854336,9.323629,0.0,8.899686,0.0,8.158946,7.4860306,8.754791,7.1981053,0.0,8.259578,0.0,0.5594219,0.0,0.0,7.515271
1993-06,52.8,4.42,28.442222222222224,55.4,57.3,57.8,58.5,61.8,55.8,7.4608126,9.284562,0.0,8.865487,0.0,8.119671,7.450743,8.727004,7.1713996,0.0,8.231648,0.0,0.55327785,0.0,0.0,7.4840913
1993-07,55.8,8.766666666666666,27.468817204301075,52.8,55.4,57.3,59.1,58.5,56.6,7.4604907,9.271145,0.0,8.861643,0.0,8.099735,7.442662,8.724045,7.1676817,0.0,8.230572,0.0,0.54152495,0.0,0.0,7.4703975
1993-08,56.6,2.489247311827957,28.320430107526885,55.8,52.8,55.4,58.1,56.1,58.4,7.5707316,9.386351,0.0,8.989944,0.0,8.193114,7.552657,8.83932,7.2651978,0.0,8.353287,0.0,0.5302689,0.0,0.0,7.5571203
1993-09,58.4,3.076666666666666,22.702222222222225,56.6,55.8,52.8,57.8,58.3,61.4,7.567416,9.380828,0.0,8.985786,0.0,8.180867,7.5524955,8.836978,7.2684913,0.0,8.340593,0.0,0.52499,0.0,0.0,7.5566497
1993-10,61.4,0.5129032258064516,20.09032258064516,58.4,56.6,55.8,57.3,58.2,66.7,7.5616302,9.374594,0.0,8.984036,0.0,8.168601,7.555733,8.830856,7.2733274,0.0,8.331228,0.0,0.5168739,0.0,0.0,7.5541286
1993-11,66.7,0.6155555555555555,10.858888888888888,61.4,58.4,56.6,55.4,58.8,68.9,7.5448318,9.362971,0.0,8.973177,0.0,8.15448,7.550036,8.814485,7.27095,0.0,8.313888,0.0,0.5116561,0.0,0.0,7.5441685
1993-12,68.9,0.724731182795699,9.109677419354838,66.7,61.4,58.4,52.8,58.5,68.6,7.6205187,9.466409,0.0,9.074965,0.0,8.252442,7.6403894,8.899566,7.3512874,0.0,8.410321,0.0,0.51466155,0.0,0.0,7.623841
1994-01,68.6,1.2967741935483872,5.049462365591398,68.9,66.7,61.4,55.8,59.1,66.8,7.76462,9.652297,0.0,9.257856,0.0,8.428972,7.7997413,9.060054,7.4929204,0.0,8.590098,0.0,0.5210324,0.0,0.0,7.7641807
1994-02,66.8,1.5595238095238095,5.789285714285715,68.6,68.9,66.7,56.6,58.1,64.1,7.9444227,9.881372,0.0,9.486421,0.0,8.648345,8.000586,9.259301,7.6714077,0.0,8.81956,0.0,0.5234224,0.0,0.0,7.93881
1994-03,64.1,0.664516129032258,15.208602150537637,66.8,68.6,68.9,58.4,57.8,62.4,8.103871,10.0833845,0.0,9.688339,0.0,8.8433485,8.180169,9.436575,7.8312206,0.0,9.025432,0.0,0.5234589,0.0,0.0,8.094284
1994-04,62.4,2.267777777777778,21.202222222222225,64.1,66.8,68.6,61.4,57.3,62.0,8.267144,10.288129,0.0,9.892703,0.0,9.040193,8.363593,9.623246,7.9958105,0.0,9.232737,0.0,0.5225498,0.0,0.0,8.260585
1994-05,62.0,1.4612903225806453,27.016129032258064,62.4,64.1,66.8,66.7,55.4,60.1,8.394448,10.438859,0.0,10.044958,0.0,9.180579,8.499148,9.766267,8.115533,0.0,9.386456,0.0,0.52155757,0.0,0.0,8.383064
1994-06,60.1,3.602222222222222,29.28777777777778,62.0,62.4,64.1,68.9,52.8,56.0,8.479926,10.535601,0.0,10.1408,0.0,9.268797,8.584343,9.863721,8.190008,0.0,9.480745,0.0,0.5243755,0.0,0.0,8.466567
1994-07,56.0,4.544086021505376,28.16344086021505,60.1,62.0,62.4,68.6,55.8,57.5,8.569691,10.63294,0.0,10.2361355,0.0,9.353289,8.6689415,9.963704,8.259124,0.0,9.570238,0.0,0.5312378,0.0,0.0,8.550101
1994-08,57.5,3.868817204301076,27.817204301075268,56.0,60.1,62.0,66.8,56.6,60.2,8.643978,10.712159,0.0,10.314845,0.0,9.424557,8.74231,10.050067,8.317522,0.0,9.641038,0.0,0.5373184,0.0,0.0,8.6322775
1994-09,60.2,2.278888888888889,26.686666666666667,57.5,56.0,60.1,64.1,58.4,61.7,8.489422,10.5138855,0.0,10.105526,0.0,9.231658,8.5579405,9.876997,8.149804,0.0,9.422851,0.0,0.55515385,0.0,0.0,8.479621
1994-10,61.7,1.2634408602150538,20.18709677419355,60.2,57.5,56.0,62.4,61.4,61.1,8.348602,10.341286,0.0,9.921465,0.0,9.066407,8.396182,9.722717,8.003195,0.0,9.229145,0.0,0.57193834,0.0,0.0,8.3469925
1994-11,61.1,1.0255555555555556,13.496666666666668,61.7,60.2,57.5,62.0,66.7,62.7,8.198333,10.164209,0.0,9.73705,0.0,8.899283,8.232882,9.555035,7.8573403,0.0,9.039639,0.0,0.5799049,0.0,0.0,8.201212
1994-12,62.7,1.19247311827957,7.065591397849462,61.1,61.7,60.2,60.1,68.9,62.9,8.11241,10.072153,0.0,9.642764,0.0,8.815519,8.148875,9.4594755,7.782549,0.0,8.944328,0.0,0.5792266,0.0,0.0,8.119877
1995-01,62.9,1.4118279569892471,4.648387096774194,62.7,61.1,61.7,56.0,68.6,62.5,8.064918,10.02656,0.0,9.601024,0.0,8.77905,8.111425,9.405243,7.7509093,0.0,8.907769,0.0,0.57070327,0.0,0.0,8.075329
1995-02,62.5,1.7452380952380953,9.583333333333334,62.9,62.7,61.1,57.5,66.8,62.2,8.045061,10.013603,0.0,9.591528,0.0,8.775619,8.102821,9.382661,7.744684,0.0,8.906273,0.0,0.56289655,0.0,0.0,8.058441
1995-03,62.2,1.5451612903225809,14.055913978494624,62.5,62.9,62.7,60.2,64.1,62.7,8.052752,10.029147,0.0,9.609719,0.0,8.797157,8.118318,9.3916855,7.760213,0.0,8.932781,0.0,0.55710584,0.0,0.0,8.0669155
1995-04,62.7,2.7111111111111112,19.628888888888888,62.2,62.5,62.9,61.7,62.4,64.9,8.037759,10.010266,0.0,9.592958,0.0,8.784252,8.101895,9.374086,7.7483397,0.0,8.925366,0.0,0.55308557,0.0,0.0,8.050251
1995-05,64.9,2.63010752688172,26.2247311827957,62.7,62.2,62.5,61.1,62.0,69.1,8.077491,10.051607,0.0,9.638994,0.0,8.823488,8.139854,9.416831,7.7838697,0.0,8.978251,0.0,0.5482882,0.0,0.0,8.083703
1995-06,69.1,3.651111111111111,30.371111111111112,64.9,62.7,62.2,62.7,60.1,74.0,8.16747,10.1503525,0.0,9.744299,0.0,8.910517,8.228775,9.514454,7.866286,0.0,9.085857,0.0,0.5420221,0.0,0.0,8.161443
1995-07,74.0,3.747311827956989,29.28924731182796,69.1,64.9,62.7,62.9,56.0,72.6,8.397721,10.417,0.0,10.022304,0.0,9.149134,8.471087,9.766993,8.083681,0.0,9.359527,0.0,0.5316218,0.0,0.0,8.372662
1995-08,72.6,5.148387096774194,28.39462365591397,74.0,69.1,64.9,62.5,57.5,75.9,8.719941,10.797421,0.0,10.413005,0.0,9.491264,8.816171,10.119728,8.389296,0.0,9.7399,0.0,0.5224894,0.0,0.0,8.671597
1995-09,75.9,5.21,24.37333333333333,72.6,74.0,69.1,62.2,60.2,80.2,9.072784,11.214471,0.0,10.843484,0.0,9.863405,9.200902,10.502358,8.730587,0.0,10.157865,0.0,0.5067542,0.0,0.0,8.99759
1995-10,80.2,0.6473118279569893,20.204301075268816,75.9,72.6,74.0,62.7,61.7,80.5,9.436252,11.647433,0.0,11.294912,0.0,10.248486,9.608208,10.892863,9.094941,0.0,10.594117,0.0,0.48270455,0.0,0.0,9.335469
1995-11,80.5,1.0422222222222222,11.43777777777778,80.2,75.9,72.6,64.9,61.1,82.7,9.774647,12.069895,0.0,11.7300005,0.0,10.632507,10.004066,11.265489,9.453291,0.0,11.0119505,0.0,0.46209997,0.0,0.0,9.669664
1995-12,82.7,0.5182795698924731,6.006451612903226,80.5,80.2,75.9,69.1,62.7,83.3,10.055855,12.430938,0.0,12.098196,0.0,10.9659815,10.34134,11.578852,9.755737,0.0,11.3676815,0.0,0.44816232,0.0,0.0,9.950585
1996-01,83.3,1.4946236559139785,2.881720430107527,82.7,80.5,80.2,74.0,62.9,85.7,10.309487,12.765206,0.0,12.439885,0.0,11.282463,10.65628,11.866797,10.037726,0.0,11.701882,0.0,0.43320525,0.0,0.0,10.209674
1996-02,85.7,2.2264367816091952,6.072413793103448,83.3,82.7,80.5,72.6,62.5,86.9,10.525555,13.049501,0.0,12.733295,0.0,11.556535,10.929793,12.113986,10.280608,0.0,11.992042,0.0,0.41813517,0.0,0.0,10.432296
1996-03,86.9,1.3774193548387097,11.132258064516128,85.7,83.3,82.7,75.9,62.2,95.3,10.727489,13.302603,0.0,12.998071,0.0,11.801898,11.1776495,12.342502,10.498609,0.0,12.255792,0.0,0.40442064,0.0,0.0,10.637996
1996-04,95.3,1.3477777777777775,21.116666666666667,86.9,85.7,83.3,80.2,62.7,100.0,10.883597,13.49288,0.0,13.192646,0.0,11.988493,11.363529,12.520446,10.659221,0.0,12.450649,0.0,0.401512,0.0,0.0,10.798043
1996-05,100.0,3.8623655913978494,27.053763440860216,95.3,86.9,85.7,80.5,64.9,94.3,11.1735525,13.830395,0.0,13.544719,0.0,12.308354,11.684819,12.838886,10.935228,0.0,12.8031025,0.0,0.3919048,0.0,0.0,11.073249
1996-06,94.3,3.921111111111111,28.50111111111111,100.0,95.3,86.9,82.7,69.1,91.1,11.629109,14.3512125,0.0,14.092772,0.0,12.787268,12.17444,13.320324,11.3566475,0.0,13.356452,0.0,0.3641343,0.0,0.0,11.475226
1996-07,91.1,3.0204301075268813,28.53333333333333,94.3,100.0,95.3,83.3,74.0,85.8,12.12709,14.915438,0.0,14.700171,0.0,13.309004,12.715332,13.842214,11.828573,0.0,13.9635725,0.0,0.32102278,0.0,0.0,11.927956
1996-08,85.8,4.034408602150537,27.277419354838717,91.1,94.3,100.0,85.7,72.6,75.3,12.572016,15.408724,0.0,15.252981,0.0,13.771026,13.203055,14.309111,12.264012,0.0,14.50028,0.0,0.27442473,0.0,0.0,12.356302
1996-09,75.3,2.9488888888888884,22.76555555555556,85.8,91.1,94.3,86.9,75.9,71.1,12.824098,15.64968,0.0,15.558193,0.0,14.006648,13.469433,14.577381,12.512465,0.0,14.767328,0.0,0.25279382,0.0,0.0,12.64171
1996-10,71.1,1.189247311827957,19.77096774193549,75.3,85.8,91.1,95.3,80.2,67.4,12.656482,15.384206,0.0,15.326746,0.0,13.777308,13.26052,14.42082,12.352903,0.0,14.475842,0.0,0.29796702,0.0,0.0,12.586443
1996-11,67.4,1.3633333333333333,13.23111111111111,71.1,75.3,85.8,100.0,80.5,67.6,11.898335,14.484853,0.0,14.357691,0.0,12.9326935,12.398347,13.656203,11.611383,0.0,13.461407,0.0,0.42748067,0.0,0.0,11.953631
1996-12,67.6,0.4612903225806452,6.369892473118279,67.4,71.1,75.3,94.3,82.7,68.1,10.8506365,13.240925,0.0,13.015162,0.0,11.761382,11.216687,12.558659,10.566111,0.0,12.06641,0.0,0.56659335,0.0,0.0,11.033138
1997-01,68.1,0.7365591397849462,3.806451612903226,67.6,67.4,71.1,91.1,83.3,68.4,9.755358,11.955903,0.0,11.624244,0.0,10.550035,10.00227,11.35878,9.463738,0.0,10.653863,0.0,0.6450983,0.0,0.0,9.997462
1997-02,68.4,1.2238095238095237,8.132142857142858,68.1,67.6,67.4,85.8,85.7,70.6,8.835307,10.867935,0.0,10.46129,0.0,9.536661,8.987029,10.319395,8.525231,0.0,9.505252,0.0,0.6691841,0.0,0.0,9.081356
1997-03,70.6,1.0161290322580645,14.363440860215054,68.4,68.1,67.6,75.3,86.9,70.8,8.215762,10.1362295,0.0,9.681594,0.0,8.867878,8.30159,9.60946,7.886727,0.0,8.776165,0.0,0.67152745,0.0,0.0,8.428999
1997-04,70.8,3.232222222222222,17.647777777777776,70.6,68.4,68.1,71.1,95.3,68.8,7.88158,9.751913,0.0,9.262634,0.0,8.524587,7.925288,9.223967,7.5368176,0.0,8.42304,0.0,0.67551494,0.0,0.0,8.041719
1997-05,68.8,2.3806451612903228,25.017204301075267,70.8,70.6,68.4,67.4,100.0,65.2,7.946514,9.849658,0.0,9.352751,0.0,8.618766,7.9825263,9.288501,7.5915556,0.0,8.570624,0.0,0.67099327,0.0,0.0,8.040096
1997-06,65.2,3.5188888888888887,28.612222222222226,68.8,70.8,70.6,67.6,94.3,62.4,8.276147,10.264176,0.0,9.782075,0.0,9.003645,8.335094,9.654346,7.918344,0.0,9.038489,0.0,0.6491198,0.0,0.0,8.321229
1997-07,62.4,5.453763440860215,28.353763440860217,65.2,68.8,70.8,68.1,91.1,65.7,8.571205,10.624077,0.0,10.161201,0.0,9.333127,8.648078,9.9769535,8.205438,0.0,9.441612,0.0,0.62397146,0.0,0.0,8.575442
1997-08,65.7,4.963440860215054,26.670967741935485,62.4,65.2,68.8,68.4,85.8,65.1,8.792682,10.884811,0.0,10.442804,0.0,9.565184,8.881801,10.212933,8.418931,0.0,9.7347555,0.0,0.5982017,0.0,0.0,8.762382
1997-09,65.1,2.328888888888889,23.892222222222223,65.7,62.4,65.2,70.6,75.3,65.6,8.9451,11.059426,0.0,10.637093,0.0,9.719568,9.047402,10.375773,8.572335,0.0,9.928793,0.0,0.57694644,0.0,0.0,8.901508
1997-10,65.6,2.5150537634408603,18.14301075268817,65.1,65.7,62.4,70.8,71.1,64.2,8.8990135,11.003402,0.0,10.583137,0.0,9.663317,9.000497,10.326587,8.536739,0.0,9.865896,0.0,0.5759874,0.0,0.0,8.867825
1997-11,64.2,1.4855555555555555,11.41,65.6,65.1,65.7,68.8,67.4,63.4,8.760902,10.839457,0.0,10.416196,0.0,9.507611,8.854685,10.173667,8.410281,0.0,9.691328,0.0,0.5797882,0.0,0.0,8.74119
1997-12,63.4,1.524731182795699,5.431182795698924,64.2,65.6,65.1,65.2,67.6,62.7,8.534318,10.575634,0.0,10.140579,0.0,9.266415,8.614524,9.925133,8.195891,0.0,9.41214,0.0,0.5912049,0.0,0.0,8.532934
1998-01,62.7,0.6021505376344086,6.49247311827957,63.4,64.2,65.6,62.4,68.1,62.7,8.273231,10.270641,0.0,9.823536,0.0,8.9914,8.336562,9.635429,7.9448943,0.0,9.09837,0.0,0.6011639,0.0,0.0,8.285044
1998-02,62.7,2.011904761904762,10.275,62.7,63.4,64.2,65.7,68.4,63.2,8.040904,9.998393,0.0,9.542383,0.0,8.75009,8.088826,9.377828,7.722231,0.0,8.826159,0.0,0.6069182,0.0,0.0,8.064796
1998-03,63.2,3.567741935483871,10.78494623655914,62.7,62.7,63.4,65.1,70.6,60.8,7.8933973,9.820321,0.0,9.363487,0.0,8.593083,7.9274735,9.211267,7.577781,0.0,8.660423,0.0,0.6057174,0.0,0.0,7.917781
1998-04,60.8,2.583333333333333,21.317777777777778,63.2,62.7,62.7,65.6,70.8,60.2,7.833397,9.743542,0.0,9.293348,0.0,8.525832,7.8589644,9.138678,7.518123,0.0,8.605115,0.0,0.5971187,0.0,0.0,7.8478465
1998-05,60.2,1.938709677419355,27.48494623655914,60.8,63.2,62.7,64.2,68.8,59.0,7.848035,9.758262,0.0,9.313448,0.0,8.541942,7.871248,9.1558485,7.5326905,0.0,8.635181,0.0,0.5893879,0.0,0.0,7.860294
1998-06,59.0,3.102222222222222,29.58888888888889,60.2,60.8,63.2,63.4,65.2,57.5,7.859899,9.766814,0.0,9.326405,0.0,8.548928,7.8753767,9.170073,7.5402746,0.0,8.65444,0.0,0.584792,0.0,0.0,7.868064
1998-07,57.5,6.889247311827957,28.718279569892477,59.0,60.2,60.8,62.7,62.4,54.1,7.890639,9.79507,0.0,9.359407,0.0,8.571196,7.897801,9.204291,7.561277,0.0,8.689521,0.0,0.5814605,0.0,0.0,7.890977
1998-08,54.1,3.3591397849462368,28.072043010752687,57.5,59.0,60.2,62.7,65.7,53.9,7.9618244,9.866244,0.0,9.437645,0.0,8.627815,7.962203,9.278698,7.6155725,0.0,8.764927,0.0,0.5775227,0.0,0.0,7.945101
1998-09,53.9,2.473333333333333,25.98777777777778,54.1,57.5,59.0,63.2,65.1,57.7,7.9486694,9.848074,0.0,9.421796,0.0,8.607032,7.949243,9.266512,7.606096,0.0,8.744347,0.0,0.5735369,0.0,0.0,7.937964
1998-10,57.7,2.6247311827956987,19.616129032258065,53.9,54.1,57.5,60.8,65.6,58.2,7.8431525,9.721622,0.0,9.296143,0.0,8.48587,7.840301,9.15114,7.5112658,0.0,8.613584,0.0,0.5705391,0.0,0.0,7.841426
1998-11,58.2,1.3666666666666667,12.387777777777778,57.7,53.9,54.1,60.2,64.2,56.8,7.754014,9.618358,0.0,9.195522,0.0,8.387759,7.752777,9.051878,7.4341793,0.0,8.509631,0.0,0.5652903,0.0,0.0,7.758479
1998-12,56.8,0.2376344086021505,7.183870967741936,58.2,57.7,53.9,59.0,63.4,57.1,7.637802,9.488426,0.0,9.062505,0.0,8.270605,7.6358404,8.922772,7.3291726,0.0,8.377041,0.0,0.5656762,0.0,0.0,7.6505904
1999-01,57.1,1.6795698924731182,4.703225806451614,56.8,58.2,57.7,57.5,62.7,54.9,7.497549,9.331432,0.0,8.898507,0.0,8.135262,7.4911637,8.767966,7.198151,0.0,8.21891,0.0,0.5710774,0.0,0.0,7.5220637
1999-02,54.9,1.0035714285714286,10.003571428571428,57.1,56.8,58.2,54.1,62.7,55.2,7.362437,9.172836,0.0,8.738817,0.0,7.9979897,7.348305,8.6143265,7.069278,0.0,8.071339,0.0,0.5710877,0.0,0.0,7.388376
1999-03,55.2,1.0516129032258064,14.546236559139784,54.9,57.1,56.8,53.9,63.2,53.7,7.267307,9.060994,0.0,8.628265,0.0,7.903997,7.2489367,8.508405,6.983019,0.0,7.9749184,0.0,0.5670046,0.0,0.0,7.2983575
1999-04,53.7,2.6211111111111114,23.232222222222223,55.2,54.9,57.1,57.7,60.8,52.8,7.2417083,9.0321865,0.0,8.602452,0.0,7.8850718,7.222661,8.481875,6.961985,0.0,7.9604015,0.0,0.5626662,0.0,0.0,7.276996
1999-05,52.8,2.817204301075269,25.65806451612903,53.7,55.2,54.9,58.2,60.2,53.6,7.2352486,9.017793,0.0,8.594741,0.0,7.8723807,7.210319,8.474699,6.9548926,0.0,7.9627542,0.0,0.5546854,0.0,0.0,7.2645254
1999-06,53.6,1.856666666666667,30.185555555555556,52.8,53.7,55.2,56.8,59.0,51.4,7.24101,9.016448,0.0,8.60229,0.0,7.8685775,7.2113543,8.480622,6.960018,0.0,7.977103,0.0,0.5433073,0.0,0.0,7.261214
1999-07,51.4,3.134408602150537,30.96021505376344,53.6,52.8,53.7,57.1,57.5,53.0,7.294763,9.075746,0.0,8.670861,0.0,7.9202275,7.2678957,8.543433,7.0151277,0.0,8.047277,0.0,0.53085434,0.0,0.0,7.309834
1999-08,53.0,2.974193548387097,28.10430107526881,51.4,53.6,52.8,54.9,54.1,52.6,7.402697,9.202171,0.0,8.807815,0.0,8.033626,7.3878264,8.667246,7.124287,0.0,8.181736,0.0,0.51760554,0.0,0.0,7.416921
1999-09,52.6,1.4477777777777778,25.56111111111111,53.0,51.4,53.6,55.2,53.9,51.5,7.431658,9.233037,0.0,8.846693,0.0,8.055407,7.4224825,8.698911,7.155725,0.0,8.215685,0.0,0.50698805,0.0,0.0,7.4408894
1999-10,51.5,0.6279569892473118,20.97741935483871,52.6,53.0,51.4,53.7,57.7,51.3,7.4215684,9.223271,0.0,8.8432665,0.0,8.041354,7.422365,8.688585,7.156975,0.0,8.20759,0.0,0.49565387,0.0,0.0,7.433013
1999-11,51.3,1.3355555555555556,14.795555555555554,51.5,52.6,53.0,52.8,58.2,50.4,7.4057684,9.213363,0.0,8.84013,0.0,8.029563,7.422738,8.6729355,7.1595306,0.0,8.201123,0.0,0.48244274,0.0,0.0,7.4260087
1999-12,50.4,0.9279569892473118,8.946236559139784,51.3,51.5,52.6,53.6,56.8,52.1,7.3899875,9.204593,0.0,8.830941,0.0,8.021795,7.414358,8.655943,7.1509666,0.0,8.189349,0.0,0.48152894,0.0,0.0,7.416152
2000-01,52.1,1.3419354838709676,5.549462365591398,50.4,51.3,51.5,51.4,57.1,52.2,7.3347692,9.148319,0.0,8.76433,0.0,7.9767265,7.3541765,8.595172,7.0929284,0.0,8.1239,0.0,0.49520344,0.0,0.0,7.3676853
2000-02,52.2,2.013793103448276,9.227586206896552,52.1,50.4,51.3,53.0,54.9,51.7,7.2772083,9.085776,0.0,8.693161,0.0,7.929265,7.289939,8.53041,7.0314894,0.0,8.058675,0.0,0.5084011,0.0,0.0,7.316211
2000-03,51.7,1.0666666666666669,14.979569892473116,52.2,52.1,50.4,52.6,55.2,51.8,7.185186,8.973324,0.0,8.575698,0.0,7.832781,7.185246,8.425137,6.9364586,0.0,7.951209,0.0,0.51607436,0.0,0.0,7.2242656
2000-04,51.8,1.3922222222222222,23.816666666666663,51.7,52.2,52.1,51.5,53.7,52.8,7.104979,8.873733,0.0,8.473886,0.0,7.74608,7.0942917,8.335025,6.8570924,0.0,7.8590956,0.0,0.51838946,0.0,0.0,7.1458273
2000-05,52.8,2.5451612903225804,27.73978494623656,51.8,51.7,52.2,51.3,52.8,51.4,7.072116,8.82769,0.0,8.430429,0.0,7.704926,7.054183,8.299658,6.825665,0.0,7.823798,0.0,0.5141364,0.0,0.0,7.1125784
2000-06,51.4,3.286666666666666,28.44,52.8,51.8,51.7,50.4,53.6,49.8,7.10192,8.855265,0.0,8.46343,0.0,7.7271547,7.079447,8.333129,6.851285,0.0,7.8593655,0.0,0.5081244,0.0,0.0,7.1344533
2000-07,49.8,4.006451612903226,28.34731182795699,51.4,52.8,51.8,52.1,51.4,48.6,7.124551,8.872358,0.0,8.491285,0.0,7.7361383,7.101372,8.357237,6.874907,0.0,7.888625,0.0,0.49289197,0.0,0.0,7.144269
2000-08,48.6,2.096774193548387,29.441935483870967,49.8,51.4,52.8,52.2,53.0,49.4,7.1504917,8.894852,0.0,8.525494,0.0,7.749206,7.1322875,8.384699,6.90498,0.0,7.9213333,0.0,0.47571474,0.0,0.0,7.160226
2000-09,49.4,2.253333333333333,25.01333333333333,48.6,49.8,51.4,51.7,52.6,51.2,7.135288,8.875056,0.0,8.517289,0.0,7.723216,7.1294174,8.369154,6.9060407,0.0,7.909643,0.0,0.45508072,0.0,0.0,7.1456776
2000-10,51.2,0.4935483870967742,21.870967741935484,49.4,48.6,49.8,51.8,51.5,52.1,7.064589,8.790036,0.0,8.443768,0.0,7.6355567,7.0691996,8.288893,6.853626,0.0,7.833024,0.0,0.434388,0.0,0.0,7.0742006
2000-11,52.1,0.8355555555555556,13.02777777777778,51.2,49.4,48.6,52.8,51.3,53.7,7.016948,8.739922,0.0,8.395953,0.0,7.5847235,7.029979,8.236985,6.818598,0.0,7.780472,0.0,0.4272501,0.0,0.0,7.0320115
2000-12,53.7,0.743010752688172,5.502150537634408,52.1,51.2,49.4,51.4,50.4,53.9,7.028417,8.764009,0.0,8.41305,0.0,7.6095333,7.0453157,8.250452,6.829681,0.0,7.7933884,0.0,0.436829,0.0,0.0,7.0511165
2001-01,53.9,1.0462365591397849,5.898924731182796,53.7,52.1,51.2,49.8,52.1,53.0,7.055693,8.806751,0.0,8.439691,0.0,7.6594806,7.0670857,8.281053,6.8436904,0.0,7.818878,0.0,0.46257314,0.0,0.0,7.085488
2001-02,53.0,1.438095238095238,7.252380952380953,53.9,53.7,52.1,48.6,52.2,52.2,7.079332,8.841958,0.0,8.461828,0.0,7.703625,7.084174,8.307115,6.8550315,0.0,7.8439226,0.0,0.4850774,0.0,0.0,7.114109
2001-03,52.2,1.7268817204301077,13.480645161290322,53.0,53.9,53.7,49.4,51.7,51.0,7.064633,8.825961,0.0,8.439058,0.0,7.69894,7.06285,8.289372,6.83435,0.0,7.82897,0.0,0.4971195,0.0,0.0,7.102456
2001-04,51.0,2.67,22.793333333333333,52.2,53.0,53.9,51.2,51.8,51.7,7.0253773,8.774211,0.0,8.384581,0.0,7.6564574,7.0134864,8.243961,6.7911086,0.0,7.7832184,0.0,0.5022537,0.0,0.0,7.0614696
2001-05,51.7,3.417204301075269,26.1,51.0,52.2,53.0,52.1,52.8,51.0,7.00466,8.739089,0.0,8.353271,0.0,7.623084,6.984179,8.219964,6.769184,0.0,7.7594194,0.0,0.49702108,0.0,0.0,7.0338664
2001-06,51.0,3.813333333333333,27.254444444444445,51.7,51.0,52.2,53.7,51.4,51.7,7.029671,8.758255,0.0,8.381334,0.0,7.6363335,7.0070972,8.247124,6.7943344,0.0,7.7909546,0.0,0.48474738,0.0,0.0,7.0493374
2001-07,51.7,4.61505376344086,30.418279569892476,51.0,51.7,51.0,53.9,49.8,51.6,7.0657306,8.792312,0.0,8.423726,0.0,7.66157,7.044414,8.286705,6.830465,0.0,7.8320675,0.0,0.47286522,0.0,0.0,7.0774508
2001-08,51.6,1.7118279569892472,29.213978494623657,51.7,51.0,51.7,53.0,48.6,51.2,7.123243,8.853061,0.0,8.492719,0.0,7.7080865,7.106799,8.349792,6.887876,0.0,7.89439,0.0,0.46189055,0.0,0.0,7.1272764
2001-09,51.2,2.341111111111111,24.7,51.6,51.7,51.0,52.2,49.4,51.0,7.0821714,8.801579,0.0,8.446171,0.0,7.652591,7.0712814,8.305213,6.8575225,0.0,7.841937,0.0,0.44998625,0.0,0.0,7.087069
2001-10,51.0,1.1548387096774193,20.33333333333333,51.2,51.6,51.7,51.0,51.2,51.9,7.0357285,8.747036,0.0,8.395353,0.0,7.5947247,7.0317235,8.25293,6.820618,0.0,7.785096,0.0,0.44102466,0.0,0.0,7.041995
2001-11,51.9,1.201111111111111,15.393333333333334,51.0,51.2,51.6,51.7,52.1,52.0,6.9505405,8.64971,0.0,8.300228,0.0,7.4999504,6.9523177,8.157799,6.748406,0.0,7.6874914,0.0,0.4322998,0.0,0.0,6.959559
2001-12,52.0,0.5021505376344086,7.319354838709678,51.9,51.0,51.2,51.0,53.7,51.7,6.9675217,8.680341,0.0,8.321823,0.0,7.5295,6.970597,8.178541,6.761312,0.0,7.702442,0.0,0.44533768,0.0,0.0,6.9830575
2002-01,51.7,0.5935483870967743,7.211827956989247,52.0,51.9,51.0,51.7,53.9,50.4,6.996427,8.727962,0.0,8.353251,0.0,7.5828214,6.9953604,8.21267,6.77803,0.0,7.7299137,0.0,0.4709945,0.0,0.0,7.0219407
2002-02,50.4,0.9178571428571428,10.696428571428571,51.7,52.0,51.9,51.6,53.0,49.6,6.981286,8.717381,0.0,8.331085,0.0,7.58394,6.9737186,8.196316,6.7553782,0.0,7.711561,0.0,0.48952574,0.0,0.0,7.014186
2002-03,49.6,1.3849462365591398,14.71075268817204,50.4,51.7,52.0,51.2,52.2,49.3,6.9534783,8.686999,0.0,8.2922735,0.0,7.565466,6.9371133,8.165286,6.720391,0.0,7.6791086,0.0,0.50381815,0.0,0.0,6.9910874
2002-04,49.3,1.8344444444444443,21.991111111111117,49.6,50.4,51.7,51.0,51.0,50.2,6.910966,8.633722,0.0,8.23624,0.0,7.5224338,6.885357,8.117111,6.673879,0.0,7.631525,0.0,0.5092198,0.0,0.0,6.949326
2002-05,50.2,2.382795698924731,27.416129032258063,49.3,49.6,50.4,51.9,51.7,52.0,6.882372,8.59273,0.0,8.198116,0.0,7.4865046,6.8495526,8.085447,6.6447163,0.0,7.601983,0.0,0.5053992,0.0,0.0,6.918301
2002-06,52.0,2.716666666666667,29.73777777777778,50.2,49.3,49.6,52.0,51.0,54.6,6.9121737,8.621454,0.0,8.233694,0.0,7.511045,6.877614,8.119957,6.6734962,0.0,7.6413965,0.0,0.49670553,0.0,0.0,6.942369
2002-07,54.6,1.921505376344086,32.41182795698925,52.0,50.2,49.3,51.7,51.7,58.1,6.9947405,8.714793,0.0,8.335561,0.0,7.5926485,6.96388,8.213393,6.753299,0.0,7.741294,0.0,0.4869467,0.0,0.0,7.0171337
2002-08,58.1,4.26989247311828,28.4752688172043,54.6,52.0,50.2,50.4,51.6,63.8,7.1086583,8.848133,0.0,8.484172,0.0,7.709485,7.0941286,8.342999,6.875123,0.0,7.886142,0.0,0.4660832,0.0,0.0,7.125131
2002-09,63.8,3.6777777777777776,24.64888888888889,58.1,54.6,52.0,49.6,51.2,64.4,7.2355995,8.9926405,0.0,8.652036,0.0,7.8294015,7.2411284,8.478932,7.0098243,0.0,8.046175,0.0,0.43684232,0.0,0.0,7.2314086
2002-10,64.4,1.6365591397849462,18.33118279569893,63.8,58.1,54.6,49.3,51.0,63.0,7.4808373,9.287414,0.0,8.970277,0.0,8.087697,7.5219884,8.744299,7.2638946,0.0,8.348268,0.0,0.41022545,0.0,0.0,7.4609094
2002-11,63.0,0.3411111111111111,13.525555555555554,64.4,63.8,58.1,50.2,51.9,59.8,7.7629447,9.636622,0.0,9.3317,0.0,8.4019375,7.8432226,9.052858,7.5534787,0.0,8.690399,0.0,0.39712068,0.0,0.0,7.7391577
2002-12,59.8,0.1913978494623656,6.787096774193548,63.0,64.4,63.8,52.0,52.0,58.0,8.053554,10.003789,0.0,9.698469,0.0,8.741579,8.170993,9.376086,7.848519,0.0,9.040484,0.0,0.39938235,0.0,0.0,8.038215
2003-01,58.0,1.1806451612903226,4.548387096774194,59.8,63.0,64.4,54.6,51.7,57.8,8.264465,10.28013,0.0,9.953759,0.0,9.009199,8.400596,9.617637,8.048817,0.0,9.2865095,0.0,0.42853454,0.0,0.0,8.263834
2003-02,57.8,2.0452380952380955,5.172619047619048,58.0,59.8,63.0,58.1,50.4,56.5,8.303178,10.34114,0.0,9.992092,0.0,9.079811,8.44031,9.667183,8.0769415,0.0,9.325901,0.0,0.45849866,0.0,0.0,8.315175
2003-03,56.5,1.2881720430107526,12.258064516129032,57.8,58.0,59.8,63.8,49.6,56.4,8.208266,10.22995,0.0,9.860036,0.0,8.988882,8.329707,9.564979,7.9701962,0.0,9.200522,0.0,0.4860584,0.0,0.0,8.229066
2003-04,56.4,2.0444444444444443,21.08888888888889,56.5,57.8,58.0,64.4,49.3,58.2,8.039557,10.022842,0.0,9.632424,0.0,8.806195,8.133522,9.380839,7.788737,0.0,8.98038,0.0,0.5124067,0.0,0.0,8.070614
2003-05,58.2,1.840860215053764,28.19139784946237,56.4,56.5,57.8,63.0,50.2,57.7,7.866298,9.800827,0.0,9.3956,0.0,8.603087,7.925314,9.188147,7.597968,0.0,8.750175,0.0,0.53341144,0.0,0.0,7.8996534
2003-06,57.7,2.738888888888889,29.344444444444445,58.2,56.4,56.5,59.8,52.0,56.5,7.7574663,9.655101,0.0,9.241002,0.0,8.466042,7.785975,9.066183,7.470958,0.0,8.598843,0.0,0.547684,0.0,0.0,7.7874203
2003-07,56.5,4.71505376344086,28.640860215053763,57.7,58.2,56.4,58.0,54.6,59.9,7.714201,9.589509,0.0,9.172317,0.0,8.399918,7.720362,9.015568,7.4102006,0.0,8.530346,0.0,0.55497473,0.0,0.0,7.7344384
2003-08,59.9,3.586021505376344,28.81397849462365,56.5,57.7,58.2,57.8,58.1,60.5,7.7135425,9.573903,0.0,9.161393,0.0,8.375724,7.7055492,9.008874,7.39637,0.0,8.517686,0.0,0.5522135,0.0,0.0,7.7154927
2003-09,60.5,1.825555555555556,24.431111111111115,59.9,56.5,57.7,56.5,63.8,60.6,7.823861,9.700777,0.0,9.296682,0.0,8.48572,7.8232994,9.130316,7.5028086,0.0,8.646446,0.0,0.54385525,0.0,0.0,7.816009
2003-10,60.6,1.3763440860215057,20.274193548387096,60.5,59.9,56.5,56.4,64.4,64.8,7.94221,9.8460655,0.0,9.456138,0.0,8.614786,7.966989,9.262494,7.6367908,0.0,8.798995,0.0,0.52402765,0.0,0.0,7.9346557
2003-11,64.8,1.7811111111111109,12.77,60.6,60.5,59.9,58.2,63.0,65.7,8.039093,9.971232,0.0,9.594217,0.0,8.724362,8.092412,9.369783,7.7540627,0.0,8.928606,0.0,0.50432056,0.0,0.0,8.033744
2003-12,65.7,1.2483870967741937,7.964516129032258,64.8,60.6,60.5,57.7,59.8,66.9,8.154775,10.121289,0.0,9.753784,0.0,8.859219,8.234773,9.49535,7.883886,0.0,9.080639,0.0,0.49092507,0.0,0.0,8.147194
2004-01,66.9,1.924731182795699,4.72258064516129,65.7,64.8,60.6,56.5,58.0,67.5,8.272909,10.279132,0.0,9.906871,0.0,9.009088,8.371117,9.627508,8.003941,0.0,9.228785,0.0,0.49644828,0.0,0.0,8.266116
2004-02,67.5,1.1482758620689657,7.367816091954023,66.9,65.7,64.8,59.9,57.8,68.5,8.370967,10.410157,0.0,10.030299,0.0,9.138182,8.482744,9.737519,8.099676,0.0,9.352155,0.0,0.5060414,0.0,0.0,8.364137
2004-03,68.5,1.886021505376344,16.67849462365591,67.5,66.9,65.7,60.5,56.5,70.2,8.452865,10.519958,0.0,10.132845,0.0,9.249273,8.577605,9.832316,8.181857,0.0,9.456939,0.0,0.51375633,0.0,0.0,8.4501295
2004-04,70.2,1.591111111111111,22.5,68.5,67.5,66.9,60.6,56.4,68.8,8.538609,10.623792,0.0,10.232047,0.0,9.3481245,8.667691,9.928943,8.260629,0.0,9.558307,0.0,0.5196276,0.0,0.0,8.530637
2004-05,68.8,4.0,26.343010752688173,70.2,68.5,67.5,64.8,58.2,66.4,8.668047,10.775812,0.0,10.383431,0.0,9.488556,8.802409,10.07309,8.379908,0.0,9.710458,0.0,0.5212936,0.0,0.0,8.651722
2004-06,66.4,2.172222222222222,27.64,68.8,70.2,68.5,65.7,57.7,60.7,8.839208,10.969609,0.0,10.582722,0.0,9.660106,8.977917,10.257356,8.534593,0.0,9.908791,0.0,0.51647985,0.0,0.0,8.80214
2004-07,60.7,2.793548387096774,29.074193548387097,66.4,68.8,70.2,66.9,56.5,59.1,8.977728,11.1307125,0.0,10.744251,0.0,9.803895,9.123088,10.410857,8.66238,0.0,10.064759,0.0,0.51646006,0.0,0.0,8.933772
2004-08,59.1,4.438709677419355,27.055913978494623,60.7,66.4,68.8,67.5,59.9,60.0,9.038418,11.197278,0.0,10.805967,0.0,9.860857,9.182202,10.482052,8.710844,0.0,10.117604,0.0,0.5257085,0.0,0.0,8.998503
2004-09,60.0,1.3555555555555556,26.106666666666666,59.1,60.7,66.4,68.5,60.5,59.3,8.998745,11.1375265,0.0,10.742266,0.0,9.796972,9.128995,10.437548,8.66026,0.0,10.043721,0.0,0.53632224,0.0,0.0,8.961483
2004-10,59.3,2.117204301075269,19.370967741935484,60.0,59.1,60.7,70.2,60.6,60.0,8.841172,10.947574,0.0,10.538994,0.0,9.616049,8.952226,10.268005,8.502353,0.0,9.828547,0.0,0.555626,0.0,0.0,8.820371
2004-11,60.0,1.1955555555555557,13.966666666666669,59.3,60.0,59.1,68.8,64.8,60.5,8.619553,10.681933,0.0,10.259261,0.0,9.367954,8.706843,10.024329,8.280246,0.0,9.5414715,0.0,0.57470393,0.0,0.0,8.612268
2004-12,60.5,0.578494623655914,8.964516129032258,60.0,59.3,60.0,66.4,65.7,60.5,8.406859,10.433865,0.0,10.000589,0.0,9.14256,8.479464,9.791105,8.075096,0.0,9.281054,0.0,0.58607507,0.0,0.0,8.4155655
2005-01,60.5,1.270967741935484,5.51505376344086,60.5,60.0,59.3,60.7,66.9,60.3,8.1838665,10.174464,0.0,9.73185,0.0,8.911534,8.242067,9.544681,7.8607264,0.0,9.017417,0.0,0.59411967,0.0,0.0,8.205642
2005-02,60.3,3.0369047619047618,7.597619047619048,60.5,60.5,60.0,59.1,67.5,61.5,7.9970245,9.955522,0.0,9.508832,0.0,8.720291,8.043871,9.336056,7.6811852,0.0,8.805245,0.0,0.59586185,0.0,0.0,8.026595
2005-03,61.5,1.886021505376344,12.43440860215054,60.3,60.5,60.5,60.0,68.5,59.5,7.8626013,9.792173,0.0,9.347267,0.0,8.576255,7.8973484,9.181196,7.549417,0.0,8.658241,0.0,0.5916655,0.0,0.0,7.887549
2005-04,59.5,1.5166666666666666,22.171111111111117,61.5,60.3,60.5,59.3,70.2,59.4,7.7915854,9.703857,0.0,9.264348,0.0,8.501505,7.8190274,9.099185,7.483555,0.0,8.59105,0.0,0.5834622,0.0,0.0,7.814785
2005-05,59.4,1.496774193548387,26.625806451612902,59.5,61.5,60.3,60.0,68.8,60.2,7.787481,9.694597,0.0,9.262402,0.0,8.495238,7.8109508,9.094503,7.4831758,0.0,8.601391,0.0,0.5733221,0.0,0.0,7.8077087
2005-06,60.2,2.6966666666666663,29.855555555555554,59.4,59.5,61.5,60.5,66.4,61.2,7.8507924,9.766435,0.0,9.343247,0.0,8.563002,7.876822,9.167785,7.547021,0.0,8.689504,0.0,0.56238556,0.0,0.0,7.8698983
2005-07,61.2,3.5870967741935487,29.486021505376343,60.2,59.4,59.5,60.5,60.7,60.9,7.941626,9.8672495,0.0,9.454602,0.0,8.650198,7.968858,9.267659,7.6331153,0.0,8.802156,0.0,0.5509974,0.0,0.0,7.9481897
2005-08,60.9,2.1483870967741936,29.03333333333333,61.2,60.2,59.4,60.3,59.1,61.5,8.066582,10.008597,0.0,9.605879,0.0,8.772449,8.098579,9.403514,7.750188,0.0,8.949334,0.0,0.54114115,0.0,0.0,8.057777
2005-09,61.5,1.7688888888888887,26.974444444444444,60.9,61.2,60.2,61.5,60.0,62.1,8.215633,10.186495,0.0,9.791379,0.0,8.931765,8.263126,9.570375,7.898365,0.0,9.127036,0.0,0.53282017,0.0,0.0,8.203412
2005-10,62.1,0.9967741935483873,20.835483870967742,61.5,60.9,61.2,59.5,59.3,60.6,8.328459,10.3229265,0.0,9.937604,0.0,9.050028,8.394025,9.694309,8.018258,0.0,9.263977,0.0,0.5203648,0.0,0.0,8.311144
2005-11,60.6,0.7788888888888889,14.052222222222223,62.1,61.5,60.9,59.4,60.0,61.5,8.45132,10.480236,0.0,10.099798,0.0,9.192352,8.540094,9.83164,8.149195,0.0,9.416302,0.0,0.5138776,0.0,0.0,8.436234
2005-12,61.5,1.0333333333333332,6.764516129032258,60.6,62.1,61.5,60.2,60.5,62.7,8.514446,10.570614,0.0,10.189456,0.0,9.277453,8.622117,9.903866,8.2217045,0.0,9.499891,0.0,0.51295805,0.0,0.0,8.505843
2006-01,62.7,0.950537634408602,6.425806451612903,61.5,60.6,62.1,61.2,60.5,64.8,8.517195,10.588879,0.0,10.202874,0.0,9.300884,8.636584,9.908747,8.232069,0.0,9.512885,0.0,0.5170839,0.0,0.0,8.51522
2006-02,64.8,0.4845238095238096,9.20952380952381,62.7,61.5,60.6,60.9,60.3,63.9,8.505928,10.5881405,0.0,10.195709,0.0,9.309916,8.633176,9.899779,8.226398,0.0,9.509083,0.0,0.5232327,0.0,0.0,8.51158
2006-03,63.9,2.679569892473118,13.380645161290325,64.8,62.7,61.5,61.5,61.5,65.1,8.519732,10.613662,0.0,10.218329,0.0,9.345474,8.656163,9.920513,8.245493,0.0,9.537176,0.0,0.5258031,0.0,0.0,8.535735
2006-04,65.1,1.748888888888889,22.834444444444443,63.9,64.8,62.7,62.1,59.5,67.8,8.528067,10.621327,0.0,10.2260895,0.0,9.356992,8.663373,9.928842,8.2498665,0.0,9.552131,0.0,0.5254801,0.0,0.0,8.540583
2006-05,67.8,1.5763440860215052,26.933333333333334,65.1,63.9,64.8,60.6,59.4,67.8,8.53178,10.61718,0.0,10.219659,0.0,9.353113,8.656165,9.931817,8.243603,0.0,9.551267,0.0,0.5290218,0.0,0.0,8.538285
2006-06,67.8,1.9644444444444449,29.80444444444445,67.8,65.1,63.9,61.5,60.2,69.9,8.602714,10.692777,0.0,10.29569,0.0,9.41924,8.719708,10.008134,8.300383,0.0,9.62883,0.0,0.5309385,0.0,0.0,8.596784
2006-07,69.9,4.029032258064516,30.23763440860215,67.8,67.8,65.1,62.7,61.2,69.6,8.765998,10.88011,0.0,10.489119,0.0,9.587106,8.887804,10.186896,8.45028,0.0,9.820529,0.0,0.5258265,0.0,0.0,8.744975
2006-08,69.6,3.8623655913978494,28.70537634408602,69.9,67.8,67.8,64.8,60.9,72.5,9.049338,11.209441,0.0,10.833438,0.0,9.881666,9.191176,10.49375,8.719295,0.0,10.158575,0.0,0.51050144,0.0,0.0,9.003
2006-09,72.5,2.126666666666667,24.421111111111117,69.6,69.9,67.8,63.9,61.5,79.9,9.320736,11.528064,0.0,11.1665,0.0,10.163605,9.488663,10.785767,8.985101,0.0,10.480677,0.0,0.49325383,0.0,0.0,9.252482
2006-10,79.9,1.3333333333333333,20.25698924731183,72.5,69.6,69.9,65.1,62.1,85.3,9.586559,11.848348,0.0,11.502939,0.0,10.450906,9.793136,11.074353,9.260309,0.0,10.802908,0.0,0.4733188,0.0,0.0,9.509292
2006-11,85.3,0.851111111111111,14.093333333333334,79.9,72.5,69.6,67.8,60.6,85.4,9.924977,12.264177,0.0,11.939132,0.0,10.828603,10.186162,11.443161,9.614727,0.0,11.223664,0.0,0.44741607,0.0,0.0,9.836587
2006-12,85.4,1.0731182795698924,9.870967741935484,85.3,79.9,72.5,67.8,61.5,85.1,10.325662,12.764681,0.0,12.459462,0.0,11.290071,10.655234,11.882041,10.033943,0.0,11.732298,0.0,0.4186965,0.0,0.0,10.221925
2007-01,85.1,0.846236559139785,7.921505376344086,85.4,85.3,79.9,69.9,62.7,87.0,10.761852,13.314673,0.0,13.033498,0.0,11.802743,11.174107,12.36259,10.495526,0.0,12.298579,0.0,0.381954,0.0,0.0,10.643706
2007-02,87.0,2.5428571428571427,5.4523809523809526,85.1,85.4,85.3,69.6,64.8,86.4,11.179933,13.839096,0.0,13.589405,0.0,12.297177,11.6779995,12.824233,10.943719,0.0,12.8476305,0.0,0.3401947,0.0,0.0,11.055227
2007-03,86.4,2.5978494623655912,15.633333333333336,87.0,85.1,85.4,72.5,63.9,85.1,11.585729,14.332398,0.0,14.123025,0.0,12.762829,12.160475,13.264882,11.369601,0.0,13.374176,0.0,0.295302,0.0,0.0,11.451013
2007-04,85.1,1.3111111111111111,21.506666666666664,86.4,87.0,85.1,79.9,65.1,86.6,11.983063,14.796957,0.0,14.638387,0.0,13.205994,12.624496,13.697828,11.775989,0.0,13.874121,0.0,0.25258988,0.0,0.0,11.853685
2007-05,86.6,1.4279569892473116,29.09784946236559,85.1,86.4,87.0,85.3,67.8,91.9,12.149058,14.980064,0.0,14.840046,0.0,13.386555,12.812762,13.882201,11.937496,0.0,14.066357,0.0,0.2472186,0.0,0.0,12.032615
2007-06,91.9,2.163333333333333,30.24888888888889,86.6,85.1,86.4,85.4,67.8,94.9,12.232395,15.061204,0.0,14.925363,0.0,13.465688,12.894465,13.97761,12.004887,0.0,14.144411,0.0,0.25841415,0.0,0.0,12.121966
2007-07,94.9,2.0193548387096776,31.004301075268817,91.9,86.6,85.1,85.1,69.9,102.1,12.325043,15.147966,0.0,15.012807,0.0,13.544748,12.975638,14.07823,12.071217,0.0,14.226134,0.0,0.27367935,0.0,0.0,12.205264
2007-08,102.1,4.321505376344086,30.2989247311828,94.9,91.9,86.6,87.0,69.6,117.2,12.593728,15.42471,0.0,15.327382,0.0,13.807986,13.255025,14.360946,12.317043,0.0,14.523318,0.0,0.26137468,0.0,0.0,12.467968
2007-09,117.2,2.3033333333333337,26.10333333333333,102.1,94.9,91.9,86.4,72.5,121.3,13.03018,15.879629,0.0,15.844551,0.0,14.2348795,13.712315,14.80651,12.72541,0.0,15.020822,0.0,0.22399884,0.0,0.0,12.872277
2007-10,121.3,1.8311827956989248,21.56451612903226,117.2,102.1,94.9,85.1,79.9,121.0,13.764437,16.656805,0.0,16.728333,0.0,14.974621,14.501671,15.543639,13.441248,0.0,15.879433,0.0,0.14223257,0.0,0.0,13.551156
2007-11,121.0,0.8622222222222221,13.571111111111112,121.3,117.2,102.1,86.6,85.3,132.2,14.938016,17.810076,0.0,18.073608,0.0,16.104092,15.737747,16.68062,14.569587,0.0,17.17353,0.0,0.019497799,0.0,0.0,14.655236
2007-12,132.2,1.1225806451612903,6.541935483870968,121.0,121.3,117.2,91.9,85.4,141.0,16.18413,18.88968,0.0,19.335482,0.0,17.215382,16.977835,17.831894,15.705985,0.0,18.394093,0.0,0.0,0.0,0.0,15.81548
2008-01,141.0,0.8946236559139785,4.608602150537634,132.2,121.0,121.3,94.9,85.1,160.8,16.952929,19.520084,0.0,20.050308,0.0,17.88181,17.715065,18.52901,16.376854,0.0,19.104572,0.0,0.0,0.0,0.0,16.504616
2008-02,160.8,0.9850574712643678,7.449425287356322,141.0,132.2,121.0,102.1,87.0,163.3,17.24603,19.786629,0.0,20.342266,0.0,18.155367,18.005468,18.805801,16.63329,0.0,19.400934,0.0,0.0,0.0,0.0,16.757671
2008-03,163.3,0.9763440860215054,16.593548387096774,160.8,141.0,132.2,117.2,86.4,162.7,17.363995,19.911728,0.0,20.476137,0.0,18.277092,18.128977,18.925241,16.73985,0.0,19.536947,0.0,0.0,0.0,0.0,16.856106
2008-04,162.7,3.008888888888889,21.357777777777777,163.3,160.8,141.0,121.3,85.1,157.4,17.410072,19.965244,0.0,20.532639,0.0,18.327244,18.178528,18.97423,16.782574,0.0,19.59375,0.0,0.0,0.0,0.0,16.89374
2008-05,157.4,2.134408602150537,25.863440860215057,162.7,163.3,160.8,121.0,86.6,160.3,17.4295,19.988195,0.0,20.556747,0.0,18.348408,18.19921,18.99544,16.800537,0.0,19.617529,0.0,0.0,0.0,0.0,16.909672
2008-06,160.3,4.738888888888889,28.026666666666667,157.4,162.7,163.3,132.2,91.9,148.2,17.437523,19.99759,0.0,20.566597,0.0,18.357107,18.207615,19.004292,16.8079,0.0,19.627136,0.0,0.0,0.0,0.0,16.916405
2008-07,148.2,5.202150537634409,28.732258064516127,160.3,157.4,162.7,141.0,94.9,136.5,17.442038,20.002764,0.0,20.572006,0.0,18.361853,18.212196,19.009274,16.81194,0.0,19.6323,0.0,0.0,0.0,0.0,16.920212
2008-08,136.5,2.8236559139784947,28.725806451612904,148.2,160.3,157.4,160.8,102.1,125.3,17.443834,20.0048,0.0,20.574137,0.0,18.363745,18.214014,19.011251,16.813545,0.0,19.634338,0.0,0.0,0.0,0.0,16.92176
2008-09,125.3,3.5844444444444448,24.34777777777778,136.5,148.2,160.3,163.3,117.2,104.9,17.444407,20.00545,0.0,20.57482,0.0,18.364374,18.214607,19.011875,16.814072,0.0,19.635004,0.0,0.0,0.0,0.0,16.922274
2008-10,104.9,1.4978494623655916,20.996774193548383,125.3,136.5,148.2,162.7,121.3,96.0,17.443901,20.004896,0.0,20.574255,0.0,18.363897,18.21415,19.011332,16.813658,0.0,19.634506,0.0,0.0,0.0,0.0,16.921862
2008-11,96.0,1.3377777777777775,13.996666666666668,104.9,125.3,136.5,157.4,121.0,95.1,17.441223,20.001925,0.0,20.571196,0.0,18.361351,18.211636,19.008398,16.811422,0.0,19.631777,0.0,0.0,0.0,0.0,16.919704
2008-12,95.1,0.9849462365591396,7.765591397849463,96.0,104.9,125.3,160.3,132.2,100.4,17.434563,19.994383,0.0,20.563452,0.0,18.355213,18.20538,19.00095,16.805925,0.0,19.62512,0.0,0.0,0.0,0.0,16.914564
2009-01,100.4,0.6516129032258065,4.943010752688172,95.1,96.0,104.9,148.2,141.0,97.2,17.416763,19.973705,0.0,20.542377,0.0,18.339636,18.188662,18.98082,16.791615,0.0,19.607683,0.0,0.0,0.0,0.0,16.90182
2009-02,97.2,1.1345238095238095,9.629761904761905,100.4,95.1,96.0,136.5,160.8,97.2,17.27429,19.812906,0.0,20.377666,0.0,18.229593,18.053938,18.862623,16.694286,0.0,19.450575,0.0,0.0,0.0,0.0,16.824574
2009-03,97.2,1.8870967741935485,15.097849462365591,97.2,100.4,95.1,125.3,163.3,98.1,15.501827,17.493896,0.0,17.949898,0.0,16.347334,15.950921,17.480797,15.022954,0.0,16.850689,0.0,0.8121757,0.0,0.0,15.784894
2009-04,98.1,1.5555555555555556,21.96555555555556,97.2,97.2,100.4,104.9,162.7,103.3,14.003497,15.369174,0.0,15.758559,0.0,14.436649,14.071908,15.916566,13.28297,0.0,14.555889,0.0,1.0593095,0.0,0.0,14.662789
2009-05,103.3,1.724731182795699,26.829032258064515,98.1,97.2,97.2,96.0,157.4,103.0,13.033574,14.280014,0.0,14.588295,0.0,13.327914,13.049467,14.746729,12.321666,0.0,13.27871,0.0,0.96155745,0.0,0.0,13.725789
2009-06,103.0,2.3944444444444444,31.21444444444445,103.3,98.1,97.2,95.1,160.3,94.5,12.399359,13.636451,0.0,13.8506,0.0,12.609391,12.355401,13.9801655,11.698584,0.0,12.5019045,0.0,0.88970697,0.0,0.0,13.034446
2009-07,94.5,3.965591397849463,28.90537634408602,103.0,103.3,98.1,100.4,148.2,91.9,12.203376,13.591183,0.0,13.72763,0.0,12.476099,12.1683235,13.821478,11.517827,0.0,12.425141,0.0,0.8922319,0.0,0.0,12.761303
2009-08,91.9,4.234408602150538,27.76344086021505,94.5,103.0,103.3,97.2,136.5,89.8,12.6503105,14.269231,0.0,14.406035,0.0,13.052114,12.70536,14.368461,11.960157,0.0,13.168342,0.0,0.8848269,0.0,0.0,13.098481
2009-09,89.8,3.0533333333333337,25.384444444444444,91.9,94.5,103.0,97.2,125.3,93.8,13.515004,15.425727,0.0,15.633179,0.0,14.08714,13.742507,15.289044,12.864495,0.0,14.473711,0.0,0.73445266,0.0,0.0,13.801222
2009-10,93.8,2.3946236559139784,19.1752688172043,89.8,91.9,94.5,98.1,104.9,98.0,14.061809,16.131973,0.0,16.4127,0.0,14.733721,14.41212,15.830635,13.465059,0.0,15.293586,0.0,0.57757616,0.0,0.0,14.259091
2009-11,98.0,0.8544444444444446,14.906666666666666,93.8,89.8,91.9,103.3,96.0,99.0,13.808304,15.903073,0.0,16.171633,0.0,14.496408,14.163439,15.590556,13.257395,0.0,15.038889,0.0,0.57369834,0.0,0.0,14.044459
2009-12,99.0,1.761290322580645,6.473118279569892,98.0,93.8,89.8,103.0,95.1,98.4,13.27601,15.329926,0.0,15.560332,0.0,13.946972,13.592069,15.078775,12.766972,0.0,14.3875475,0.0,0.63307035,0.0,0.0,13.609804
2010-01,98.4,0.9881720430107528,2.349462365591398,99.0,98.0,93.8,94.5,100.4,94.0,12.826992,14.849211,0.0,15.047805,0.0,13.483818,13.11531,14.631959,12.351146,0.0,13.843509,0.0,0.6626284,0.0,0.0,13.225815
2010-02,94.0,1.4523809523809523,6.440476190476191,98.4,99.0,98.0,91.9,97.2,91.8,12.674237,14.700713,0.0,14.891166,0.0,13.345007,12.969343,14.4776125,12.222965,0.0,13.679557,0.0,0.6554038,0.0,0.0,13.094681
2010-03,91.8,0.9376344086021504,15.536559139784949,94.0,98.4,99.0,89.8,97.2,90.7,12.576569,14.610967,0.0,14.787698,0.0,13.262762,12.8791485,14.374481,12.134207,0.0,13.583162,0.0,0.64627326,0.0,0.0,13.000305
2010-04,90.7,1.3388888888888888,24.056666666666665,91.8,94.0,98.4,93.8,98.1,90.6,12.576762,14.635672,0.0,14.7978735,0.0,13.289009,12.895275,14.37346,12.131297,0.0,13.612764,0.0,0.6357758,0.0,0.0,12.987835
2010-05,90.6,2.3161290322580648,27.686021505376345,90.7,91.8,94.0,98.0,103.3,87.8,12.641132,14.784145,0.0,14.921317,0.0,13.417517,13.003734,14.444559,12.198824,0.0,13.778601,0.0,0.6067786,0.0,0.0,13.004574
2010-06,87.8,2.988888888888889,30.97888888888889,90.6,90.7,91.8,99.0,103.0,95.3,12.838664,15.11373,0.0,15.235271,0.0,13.708092,13.276004,14.651452,12.409407,0.0,14.150266,0.0,0.54658467,0.0,0.0,13.121894
2010-07,95.3,6.053763440860215,29.922580645161293,87.8,90.6,90.7,98.4,94.5,112.9,12.931042,15.32464,0.0,15.421905,0.0,13.872924,13.424999,14.744625,12.517562,0.0,14.387963,0.0,0.48818558,0.0,0.0,13.135528
2010-08,112.9,4.455913978494624,30.46989247311828,95.3,87.8,90.6,94.0,91.9,125.9,12.922949,15.337392,0.0,15.417276,0.0,13.849689,13.404192,14.724414,12.489386,0.0,14.39787,0.0,0.47405106,0.0,0.0,13.07412
2010-09,125.9,3.9277777777777776,24.331111111111117,112.9,95.3,87.8,91.8,89.8,130.6,13.11065,15.565718,0.0,15.652839,0.0,14.038439,13.600359,14.90509,12.66751,0.0,14.647444,0.0,0.43788996,0.0,0.0,13.194816
2010-10,130.6,0.7989247311827957,19.806451612903224,125.9,112.9,95.3,90.7,93.8,132.4,13.658431,16.196663,0.0,16.33612,0.0,14.622776,14.2079115,15.441119,13.222645,0.0,15.354808,0.0,0.34156254,0.0,0.0,13.637889
2010-11,132.4,1.0,16.164444444444445,130.6,125.9,112.9,90.6,98.0,139.7,14.768323,17.360851,0.0,17.652418,0.0,15.760141,15.422027,16.509369,14.335206,0.0,16.677855,0.0,0.17678614,0.0,0.0,14.632588
2010-12,139.7,1.156989247311828,6.508602150537634,132.4,130.6,125.9,87.8,99.0,144.9,16.122576,18.679855,0.0,19.13811,0.0,17.066105,16.841745,17.763094,15.617832,0.0,18.171831,0.0,0.029127209,0.0,0.0,15.819586
2011-01,144.9,0.9774193548387098,3.737634408602151,139.7,132.4,130.6,95.3,98.4,151.4,16.96794,19.479214,0.0,20.017435,0.0,17.8646,17.70426,18.539013,16.376335,0.0,19.065788,0.0,0.0,0.0,0.0,16.538252
2011-02,151.4,1.2571428571428571,5.963095238095238,144.9,139.7,132.4,112.9,94.0,145.5,17.271917,19.803047,0.0,20.362368,0.0,18.176702,18.02793,18.831196,16.653517,0.0,19.42124,0.0,0.0,0.0,0.0,16.783924
2011-03,145.5,1.0440860215053764,14.225806451612904,151.4,144.9,139.7,125.9,91.8,151.7,17.372366,19.919737,0.0,20.48522,0.0,18.286266,18.137896,18.933844,16.747412,0.0,19.546944,0.0,0.0,0.0,0.0,16.863945
2011-04,151.7,2.174444444444444,20.61555555555556,145.5,151.4,144.9,130.6,90.7,150.9,17.408411,19.96306,0.0,20.530638,0.0,18.326345,18.177368,18.972252,16.781435,0.0,19.592714,0.0,0.0,0.0,0.0,16.892876
2011-05,150.9,1.803225806451613,27.27204301075269,151.7,145.5,151.4,132.4,90.6,147.1,17.424946,19.982841,0.0,20.551306,0.0,18.344257,18.194937,18.99036,16.796734,0.0,19.612911,0.0,0.0,0.0,0.0,16.90627
2011-06,147.1,5.238888888888889,29.23111111111111,150.9,151.7,145.5,139.7,87.8,140.5,17.432846,19.992178,0.0,20.56105,0.0,18.352697,18.203144,18.999105,16.803957,0.0,19.622282,0.0,0.0,0.0,0.0,16.9128
2011-07,140.5,2.389247311827957,30.42903225806452,147.1,150.9,151.7,144.9,95.3,144.9,17.436506,19.996458,0.0,20.565514,0.0,18.356535,18.20688,19.003185,16.80726,0.0,19.626526,0.0,0.0,0.0,0.0,16.91585
2011-08,144.9,3.643010752688172,28.02365591397849,140.5,147.1,150.9,151.4,112.9,140.5,17.438492,19.998785,0.0,20.56794,0.0,18.358662,18.208912,19.005383,16.80907,0.0,19.628849,0.0,0.0,0.0,0.0,16.917543
2011-09,140.5,2.1644444444444444,24.70555555555556,144.9,140.5,147.1,145.5,125.9,133.1,17.43967,20.000145,0.0,20.569355,0.0,18.359838,18.210081,19.006691,16.810099,0.0,19.630133,0.0,0.0,0.0,0.0,16.918503
2011-10,133.1,0.4193548387096774,20.729032258064517,140.5,144.9,140.5,151.7,130.6,130.9,17.439808,20.000322,0.0,20.56954,0.0,18.360008,18.210241,19.00684,16.81023,0.0,19.630312,0.0,0.0,0.0,0.0,16.918627
2011-11,130.9,0.6622222222222223,14.093333333333334,133.1,140.5,144.9,150.9,132.4,124.4,17.437819,19.998075,0.0,20.56724,0.0,18.35817,18.208372,19.004618,16.808586,0.0,19.628315,0.0,0.0,0.0,0.0,16.917091
2011-12,124.4,1.4193548387096775,9.925806451612903,130.9,133.1,140.5,147.1,139.7,127.2,17.43476,19.994596,0.0,20.563671,0.0,18.355375,18.20549,19.001184,16.806059,0.0,19.625238,0.0,0.0,0.0,0.0,16.914764
2012-01,127.2,1.539784946236559,6.170967741935484,124.4,130.9,133.1,140.5,144.9,131.1,17.430902,19.990166,0.0,20.559124,0.0,18.35189,18.201845,18.996832,16.802887,0.0,19.62139,0.0,0.0,0.0,0.0,16.911884
2012-02,131.1,1.1597701149425288,5.894252873563218,127.2,124.4,130.9,144.9,151.4,130.6,17.42581,19.984266,0.0,20.553072,0.0,18.34735,18.197008,18.99115,16.798735,0.0,19.616253,0.0,0.0,0.0,0.0,16.908195
2012-03,130.6,1.6870967741935483,16.723655913978494,131.1,127.2,124.4,140.5,145.5,129.1,17.419308,19.976677,0.0,20.545303,0.0,18.341652,18.19078,18.984188,16.793533,0.0,19.609539,0.0,0.0,0.0,0.0,16.903727
2012-04,129.1,1.51,22.89444444444445,130.6,131.1,127.2,133.1,151.7,126.3,17.406372,19.96149,0.0,20.529816,0.0,18.33062,18.178186,18.97164,16.783607,0.0,19.59549,0.0,0.0,0.0,0.0,16.8957
2012-05,126.3,1.0913978494623655,29.337634408602156,129.1,130.6,131.1,130.9,150.9,125.3,17.381804,19.932613,0.0,20.500229,0.0,18.309801,18.153728,18.950373,16.765142,0.0,19.567028,0.0,0.0,0.0,0.0,16.881687
2012-06,125.3,1.242222222222222,32.065555555555555,126.3,129.1,130.6,124.4,147.1,143.9,17.308043,19.844963,0.0,20.40966,0.0,18.24535,18.077425,18.892553,16.708591,0.0,19.474924,0.0,0.0,0.0,0.0,16.84138
2012-07,143.9,1.821505376344086,32.80967741935484,125.3,126.3,129.1,127.2,140.5,147.1,17.215675,19.73162,0.0,20.29131,0.0,18.158068,17.975904,18.822502,16.63204,0.0,19.35021,0.0,0.030146433,0.0,0.0,16.789894
2012-08,147.1,3.902150537634408,29.147311827956987,143.9,125.3,126.3,131.1,144.9,146.8,17.07715,19.550503,0.0,20.099466,0.0,18.00656,17.807465,18.717493,16.498741,0.0,19.139551,0.0,0.102922164,0.0,0.0,16.706535
2012-09,146.8,1.9211111111111112,26.202222222222225,147.1,143.9,125.3,130.6,140.5,146.5,17.228409,19.731167,0.0,20.288778,0.0,18.142584,17.969944,18.82482,16.617233,0.0,19.34142,0.0,0.032094628,0.0,0.0,16.787277
2012-10,146.5,1.4548387096774191,20.608602150537635,146.8,147.1,143.9,129.1,133.1,148.5,17.351858,19.88866,0.0,20.454168,0.0,18.26916,18.112959,18.921547,16.729048,0.0,19.517345,0.0,0.0,0.0,0.0,16.859816
2012-11,148.5,0.6122222222222222,14.622222222222222,146.5,146.8,147.1,126.3,130.9,146.4,17.400629,19.952234,0.0,20.520212,0.0,18.32071,18.169262,18.965513,16.775143,0.0,19.584301,0.0,0.0,0.0,0.0,16.89059
2012-12,146.4,1.272043010752688,7.065591397849462,148.5,146.5,146.8,125.3,124.4,145.2,17.42293,19.980429,0.0,20.549149,0.0,18.34348,18.1934,18.988338,16.795557,0.0,19.611734,0.0,0.0,0.0,0.0,16.905828
2013-01,145.2,1.2247311827956988,5.867741935483871,146.4,148.5,146.5,143.9,127.2,142.3,17.432604,19.992054,0.0,20.561028,0.0,18.352978,18.203203,18.99884,16.804005,0.0,19.62257,0.0,0.0,0.0,0.0,16.912931
2013-02,142.3,2.5976190476190477,8.22857142857143,145.2,146.4,148.5,147.1,131.1,139.9,17.437954,19.998238,0.0,20.567362,0.0,18.358154,18.208437,19.004736,16.808573,0.0,19.628298,0.0,0.0,0.0,0.0,16.91706
2013-03,139.9,1.7010752688172042,11.296774193548384,142.3,145.2,146.4,146.8,130.6,134.9,17.440947,20.001616,0.0,20.570826,0.0,18.361046,18.211315,19.008034,16.811111,0.0,19.631449,0.0,0.0,0.0,0.0,16.919449
2013-04,134.9,2.3722222222222222,20.806666666666665,139.9,142.3,145.2,146.5,129.1,136.4,17.442034,20.002827,0.0,20.57207,0.0,18.36212,18.212358,19.009226,16.812044,0.0,19.632603,0.0,0.0,0.0,0.0,16.920343
2013-05,136.4,3.2408602150537638,28.17849462365591,134.9,139.9,142.3,148.5,126.3,133.8,17.442123,20.00292,0.0,20.572165,0.0,18.362236,18.212448,19.009323,16.812143,0.0,19.632729,0.0,0.0,0.0,0.0,16.920444
2013-06,133.8,3.095555555555556,29.587777777777777,136.4,134.9,139.9,146.4,125.3,126.4,17.441301,20.001978,0.0,20.571209,0.0,18.361475,18.211664,19.00842,16.811478,0.0,19.63191,0.0,0.0,0.0,0.0,16.919825
2013-07,126.4,1.8935483870967744,29.081720430107527,133.8,136.4,134.9,145.2,143.9,119.2,17.438856,19.999218,0.0,20.568382,0.0,18.359224,18.209349,19.005722,16.809479,0.0,19.629463,0.0,0.0,0.0,0.0,16.917957
2013-08,119.2,2.8096774193548386,28.548387096774192,126.4,133.8,136.4,142.3,147.1,116.7,17.432625,19.992071,0.0,20.561094,0.0,18.353561,18.203445,18.998781,16.80439,0.0,19.623215,0.0,0.0,0.0,0.0,16.913324
2013-09,116.7,2.221111111111111,25.22555555555556,119.2,126.4,133.8,139.9,146.8,118.7,17.419586,19.976744,0.0,20.545507,0.0,18.341898,18.19089,18.984426,16.793776,0.0,19.609894,0.0,0.0,0.0,0.0,16.904161
2013-10,118.7,1.3440860215053765,19.982795698924733,116.7,119.2,126.4,134.9,146.5,118.0,17.364927,19.910452,0.0,20.477602,0.0,18.292515,18.13507,18.931932,16.749182,0.0,19.546743,0.0,0.0,0.0,0.0,16.87026
2013-11,118.0,0.8166666666666667,14.04,118.7,116.7,119.2,136.4,148.5,117.9,17.051767,19.524475,0.0,20.074194,0.0,17.993885,17.789598,18.690714,16.486305,0.0,19.123333,0.0,0.09887533,0.0,0.0,16.693037
2013-12,117.9,0.5602150537634408,6.811827956989247,118.0,118.7,116.7,133.8,146.4,117.0,16.266615,18.496525,0.0,18.987467,0.0,17.14228,16.840132,18.086527,15.732927,0.0,17.942354,0.0,0.5007479,0.0,0.0,16.221731
2014-01,117.0,1.1268817204301076,4.520430107526882,117.9,118.0,118.7,126.4,145.2,119.7,15.698432,17.700752,0.0,18.148624,0.0,16.453178,16.104506,17.611372,15.115387,0.0,17.032356,0.0,0.77762324,0.0,0.0,15.855884
2014-02,119.7,1.305952380952381,5.932142857142857,117.0,117.9,118.0,119.2,142.3,125.4,15.350001,17.19476,0.0,17.621935,0.0,16.00984,15.645909,17.296331,14.714312,0.0,16.469303,0.0,0.9130276,0.0,0.0,15.623254
2014-03,125.4,1.610752688172043,13.908602150537634,119.7,117.0,117.9,116.7,139.9,125.5,15.174691,16.936722,0.0,17.356325,0.0,15.78275,15.416017,17.130547,14.507834,0.0,16.187407,0.0,0.96529174,0.0,0.0,15.503938
2014-04,125.5,2.95,20.46444444444444,125.4,119.7,117.0,118.7,134.9,125.2,15.106041,16.827103,0.0,17.24313,0.0,15.6781845,15.31597,17.060408,14.412623,0.0,16.062992,0.0,0.98429227,0.0,0.0,15.45131
2014-05,125.2,2.3365591397849466,27.161290322580644,125.5,125.4,119.7,118.0,136.4,118.7,15.129681,16.846972,0.0,17.263397,0.0,15.683913,15.33099,17.072983,14.417915,0.0,16.080189,0.0,0.973635,0.0,0.0,15.458567
2014-06,118.7,3.335555555555556,29.881111111111117,125.2,125.5,125.4,117.9,133.8,112.2,15.324067,17.113869,0.0,17.539251,0.0,15.907847,15.569082,17.240316,14.621427,0.0,16.373476,0.0,0.9030445,0.0,0.0,15.581548
2014-07,112.2,2.1247311827956987,29.201075268817203,118.7,125.2,125.5,117.0,126.4,110.4,15.590437,17.480827,0.0,17.921707,0.0,16.219574,15.902553,17.460258,14.901847,0.0,16.787962,0.0,0.78836197,0.0,0.0,15.748064
2014-08,110.4,2.2225806451612904,29.73440860215054,112.2,118.7,125.2,119.7,119.2,107.4,15.654679,17.567112,0.0,18.012432,0.0,16.29247,15.984258,17.497545,14.96627,0.0,16.895498,0.0,0.7435681,0.0,0.0,15.782386
2014-09,107.4,2.1955555555555555,25.297777777777775,110.4,112.2,118.7,125.4,116.7,108.2,15.512363,17.368454,0.0,17.804813,0.0,16.120743,15.805445,17.361477,14.811831,0.0,16.680233,0.0,0.7894898,0.0,0.0,15.684738
2014-10,108.2,1.2236559139784946,20.2247311827957,107.4,110.4,112.2,125.5,118.7,109.3,15.229313,16.981918,0.0,17.40282,0.0,15.790101,15.460038,17.09889,14.515728,0.0,16.259851,0.0,0.8760963,0.0,0.0,15.495278
2014-11,109.3,0.4244444444444444,12.28111111111111,108.2,107.4,110.4,125.2,118.0,110.9,14.93881,16.595114,0.0,17.001364,0.0,15.457524,15.116889,16.820942,14.218318,0.0,15.841266,0.0,0.9451085,0.0,0.0,15.294878
2014-12,110.9,1.1258064516129032,7.525806451612903,109.3,108.2,107.4,118.7,117.9,105.9,14.643996,16.212671,0.0,16.604635,0.0,15.123591,14.778233,16.529137,13.91876,0.0,15.425504,0.0,0.99524575,0.0,0.0,15.0817585
2015-01,105.9,0.9623655913978496,6.546236559139785,110.9,109.3,108.2,112.2,117.0,101.6,14.411511,15.915821,0.0,16.296986,0.0,14.857406,14.51426,16.29151,13.677788,0.0,15.098119,0.0,1.0220766,0.0,0.0,14.903323
2015-02,101.6,1.9166666666666667,6.445238095238095,105.9,110.9,109.3,110.4,119.7,99.5,14.209428,15.661943,0.0,16.034275,0.0,14.628292,14.289573,16.078384,13.469674,0.0,14.819103,0.0,1.0333309,0.0,0.0,14.743662
2015-03,99.5,3.253763440860215,14.42043010752688,101.6,105.9,110.9,107.4,125.4,98.2,14.065403,15.483365,0.0,15.849254,0.0,14.463759,14.131933,15.919607,13.321053,0.0,14.623198,0.0,1.0311222,0.0,0.0,14.623968
2015-04,98.2,2.138888888888889,20.74222222222222,99.5,101.6,105.9,108.2,125.5,95.7,14.010973,15.416972,0.0,15.779502,0.0,14.396974,14.0728,15.850672,13.263922,0.0,14.551535,0.0,1.0174444,0.0,0.0,14.571911
2015-05,95.7,3.30752688172043,26.959139784946235,98.2,99.5,101.6,109.3,125.2,96.7,13.93781,15.333435,0.0,15.689386,0.0,14.314202,13.996604,15.758734,13.195131,0.0,14.461893,0.0,0.9990681,0.0,0.0,14.50525
2015-06,96.7,4.333333333333333,29.03,95.7,98.2,99.5,110.9,118.7,98.9,13.803441,15.195229,0.0,15.535047,0.0,14.162702,13.858331,15.591392,13.066596,0.0,14.302807,0.0,0.971743,0.0,0.0,14.367452
2015-07,98.9,5.253763440860215,28.758064516129032,96.7,95.7,98.2,105.9,112.2,91.9,13.503297,14.901531,0.0,15.207484,0.0,13.842286,13.553156,15.248308,12.779241,0.0,13.959325,0.0,0.93691534,0.0,0.0,14.066532
2015-08,91.9,3.455913978494624,28.1,98.9,96.7,95.7,101.6,110.4,90.5,12.999695,14.476975,0.0,14.721722,0.0,13.352833,13.062078,14.714129,12.314852,0.0,13.457071,0.0,0.8822366,0.0,0.0,13.5497
2015-09,90.5,2.506666666666667,27.142222222222223,91.9,98.9,96.7,99.5,107.4,91.7,12.277635,13.9356365,0.0,14.083812,0.0,12.712279,12.382004,13.99376,11.687441,0.0,12.824515,0.0,0.8077023,0.0,0.0,12.806883
2015-10,91.7,0.9537634408602153,20.038709677419355,90.5,91.9,98.9,98.2,108.2,90.5,11.524352,13.363627,0.0,13.393856,0.0,12.052317,11.662286,13.245771,11.033484,0.0,12.1663475,0.0,0.7540847,0.0,0.0,12.012926
2015-11,90.5,2.4277777777777776,14.815555555555555,91.7,90.5,91.9,95.7,109.3,89.4,10.984096,12.972429,0.0,12.888199,0.0,11.601752,11.150959,12.704484,10.560496,0.0,11.716509,0.0,0.7337231,0.0,0.0,11.405192
2015-12,89.4,1.6161290322580646,9.972043010752689,90.5,91.7,90.5,96.7,110.9,87.6,10.802389,12.902876,0.0,12.759799,0.0,11.494646,11.007434,12.526231,10.41737,0.0,11.637142,0.0,0.71473855,0.0,0.0,11.155564
2016-01,87.6,1.4505376344086025,4.744086021505376,89.4,90.5,91.7,98.9,105.9,87.3,10.950888,13.143273,0.0,13.017316,0.0,11.714266,11.217435,12.696299,10.607211,0.0,11.914393,0.0,0.6697666,0.0,0.0,11.279691
2016-02,87.3,0.981609195402299,10.663218390804598,87.6,89.4,90.5,91.9,101.6,86.5,11.095319,13.349244,0.0,13.250331,0.0,11.918502,11.418695,12.854953,10.787283,0.0,12.159413,0.0,0.623649,0.0,0.0,11.420835
2016-03,86.5,2.510752688172043,15.918279569892476,87.3,87.6,89.4,90.5,99.5,88.4,11.221459,13.495593,0.0,13.428421,0.0,12.073755,11.578279,12.989545,10.926475,0.0,12.33515,0.0,0.5928418,0.0,0.0,11.56225
2016-04,88.4,1.8533333333333333,23.19333333333333,86.5,87.3,87.6,91.7,98.2,91.1,11.311927,13.595345,0.0,13.538757,0.0,12.176624,11.683772,13.078114,11.004683,0.0,12.455184,0.0,0.5755197,0.0,0.0,11.645305
2016-05,91.1,2.8010752688172045,26.623655913978496,88.4,86.5,87.3,90.5,95.7,94.1,11.32819,13.670058,0.0,13.572776,0.0,12.240127,11.724864,13.09065,11.013293,0.0,12.539158,0.0,0.56421113,0.0,0.0,11.606661
2016-06,94.1,2.683333333333333,30.7,91.1,88.4,86.5,89.4,96.7,90.4,11.357727,13.758902,0.0,13.611811,0.0,12.308529,11.769787,13.112666,11.023609,0.0,12.634327,0.0,0.5586408,0.0,0.0,11.559673
2016-07,90.4,2.981720430107527,29.51290322580645,94.1,91.1,88.4,87.6,98.9,89.3,11.587624,14.072763,0.0,13.910294,0.0,12.588369,12.035933,13.349056,11.242891,0.0,12.980159,0.0,0.52789915,0.0,0.0,11.709314
2016-08,89.3,3.949462365591398,28.774193548387096,90.4,94.1,91.1,87.3,91.9,86.3,11.992204,14.570128,0.0,14.442478,0.0,13.046658,12.499879,13.76872,11.653491,0.0,13.5393095,0.0,0.461278,0.0,0.0,12.051445
2016-09,86.3,1.69,26.51555555555556,89.3,90.4,94.1,86.5,90.5,86.7,12.209586,14.846216,0.0,14.727764,0.0,13.287316,12.743105,13.988515,11.8732605,0.0,13.845963,0.0,0.42180654,0.0,0.0,12.209603
2016-10,86.7,1.632258064516129,21.061290322580646,86.3,89.3,90.4,88.4,91.7,86.0,12.322601,14.994517,0.0,14.8881445,0.0,13.4173765,12.874761,14.108097,12.005862,0.0,14.0098095,0.0,0.39807162,0.0,0.0,12.306048
2016-11,86.0,1.2066666666666666,15.358888888888888,86.7,86.3,89.3,91.1,90.5,86.1,12.452121,15.155559,0.0,15.087726,0.0,13.568247,13.035979,14.250365,12.170438,0.0,14.193964,0.0,0.3628857,0.0,0.0,12.447115
2016-12,86.1,1.043010752688172,8.30537634408602,86.0,86.7,86.3,94.1,89.4,88.7,12.578707,15.267073,0.0,15.27121,0.0,13.696408,13.188753,14.394298,12.329767,0.0,14.330995,0.0,0.3380716,0.0,0.0,12.642102
2017-01,88.7,2.1161290322580646,5.606451612903226,86.1,86.0,86.7,90.4,87.6,90.0,12.574612,15.225441,0.0,15.278809,0.0,13.687207,13.195541,14.402912,12.35123,0.0,14.295962,0.0,0.33939072,0.0,0.0,12.716635
2017-02,90.0,1.4202380952380953,10.489285714285714,88.7,86.1,86.0,89.3,87.3,87.9,12.507623,15.097455,0.0,15.183387,0.0,13.596521,13.118395,14.340886,12.287884,0.0,14.162109,0.0,0.3588228,0.0,0.0,12.721159
2017-03,87.9,1.2161290322580645,15.76989247311828,90.0,88.7,86.1,86.3,86.5,86.9,12.392611,14.949208,0.0,15.028222,0.0,13.47221,12.991432,14.222524,12.168242,0.0,14.0002985,0.0,0.37732357,0.0,0.0,12.634982
2017-04,86.9,2.1566666666666667,22.72222222222222,87.9,90.0,88.7,86.7,88.4,88.3,12.253124,14.768453,0.0,14.82597,0.0,13.310944,12.825298,14.073274,12.005689,0.0,13.79781,0.0,0.4058661,0.0,0.0,12.512668
2017-05,88.3,1.7150537634408602,26.791397849462363,86.9,87.9,90.0,86.0,91.1,92.4,12.117456,14.651993,0.0,14.652551,0.0,13.188109,12.68103,13.923315,11.851256,0.0,13.664374,0.0,0.41726536,0.0,0.0,12.332983
2017-06,92.4,4.16,30.542222222222225,88.3,86.9,87.9,86.1,94.1,96.9,12.092352,14.664659,0.0,14.619022,0.0,13.184043,12.658062,13.888969,11.808274,0.0,13.672403,0.0,0.41833156,0.0,0.0,12.251331
2017-07,96.9,2.7440860215053764,30.10967741935484,92.4,88.3,86.9,88.7,90.4,92.3,12.259713,14.907387,0.0,14.83471,0.0,13.381018,12.845377,14.048256,11.957879,0.0,13.937745,0.0,0.38494462,0.0,0.0,12.317257
2017-08,92.3,3.167741935483871,29.4,96.9,92.4,88.3,90.0,89.3,92.1,12.505653,15.215461,0.0,15.145233,0.0,13.648877,13.113674,14.294118,12.194408,0.0,14.273805,0.0,0.3480718,0.0,0.0,12.489851
2017-09,92.1,1.1955555555555557,27.41555555555556,92.3,96.9,92.4,87.9,86.3,91.8,12.838049,15.584987,0.0,15.561028,0.0,13.9876795,13.472944,14.62983,12.524047,0.0,14.6870985,0.0,0.2977278,0.0,0.0,12.785324
2017-10,91.8,2.298924731182796,20.88924731182796,92.1,92.3,96.9,86.9,86.7,92.1,13.038942,15.814255,0.0,15.820605,0.0,14.198303,13.693938,14.837445,12.738584,0.0,14.939686,0.0,0.2684135,0.0,0.0,12.970523
2017-11,92.1,0.4944444444444444,13.418888888888889,91.8,92.1,92.3,88.3,86.0,92.4,13.346342,16.13012,0.0,16.210737,0.0,14.506193,14.03287,15.15222,13.061911,0.0,15.299166,0.0,0.22247764,0.0,0.0,13.28957
2017-12,92.4,1.546236559139785,9.073118279569892,92.1,91.8,92.1,92.4,86.1,95.2,13.604597,16.364418,0.0,16.523191,0.0,14.761602,14.318139,15.420475,13.337312,0.0,15.570861,0.0,0.20069902,0.0,0.0,13.597412
2018-01,95.2,0.9623655913978496,6.42258064516129,92.4,92.1,91.8,96.9,88.7,98.4,13.834046,16.524462,0.0,16.756895,0.0,14.96336,14.551496,15.655288,13.561343,0.0,15.760854,0.0,0.20992294,0.0,0.0,13.88869
2018-02,98.4,1.4952380952380953,7.625,95.2,92.4,92.1,92.3,90.0,101.8,14.037772,16.593138,0.0,16.886158,0.0,15.09764,14.717576,15.85663,13.726089,0.0,15.84549,0.0,0.26640937,0.0,0.0,14.164116
2018-03,101.8,2.0602150537634407,13.51505376344086,98.4,95.2,92.4,92.1,87.9,104.0,14.160645,16.605265,0.0,16.923836,0.0,15.157841,14.796037,15.972363,13.8055,0.0,15.861422,0.0,0.32173583,0.0,0.0,14.323004
2018-04,104.0,1.7166666666666666,21.43,101.8,98.4,95.2,91.8,86.9,105.5,14.228698,16.597862,0.0,16.922876,0.0,15.176113,14.824595,16.032925,13.832542,0.0,15.851348,0.0,0.36145583,0.0,0.0,14.401563
2018-05,105.5,2.138709677419355,29.465591397849465,104.0,101.8,98.4,92.1,88.3,100.8,14.304796,16.63026,0.0,16.954098,0.0,15.216096,14.871746,16.100126,13.868526,0.0,15.883002,0.0,0.3837105,0.0,0.0,14.466674
2018-06,100.8,2.7777777777777777,31.007777777777772,105.5,104.0,101.8,92.4,92.4,98.7,14.519496,16.875196,0.0,17.20377,0.0,15.436293,15.100895,16.299906,14.058056,0.0,16.153702,0.0,0.35023856,0.0,0.0,14.618451
2018-07,98.7,4.226881720430107,29.366666666666667,100.8,105.5,104.0,95.2,96.9,103.5,14.83511,17.182545,0.0,17.5347,0.0,15.724589,15.414398,16.587519,14.33015,0.0,16.497976,0.0,0.32199973,0.0,0.0,14.869746
2018-08,103.5,3.2376344086021507,29.79032258064516,98.7,100.8,105.5,98.4,92.3,100.3,15.166023,17.538603,0.0,17.9196,0.0,16.045021,15.762955,16.883715,14.635774,0.0,16.900818,0.0,0.26047522,0.0,0.0,15.118896
2018-09,100.3,6.148888888888889,25.71,103.5,98.7,100.8,101.8,92.1,100.9,15.2845,17.601822,0.0,17.996307,0.0,16.105122,15.842041,16.983171,14.715331,0.0,16.968336,0.0,0.278195,0.0,0.0,15.219798
2018-10,100.9,1.8258064516129031,20.448387096774194,100.3,103.5,98.7,104.0,91.8,99.6,15.264873,17.532639,0.0,17.930134,0.0,16.028194,15.778401,16.951723,14.668972,0.0,16.888174,0.0,0.2996536,0.0,0.0,15.197803
2018-11,99.6,1.268888888888889,11.145555555555555,100.9,100.3,103.5,105.5,92.1,101.1,14.909308,17.023232,0.0,17.3998,0.0,15.578885,15.317307,16.620958,14.288306,0.0,16.310751,0.0,0.4442386,0.0,0.0,14.960042
2018-12,101.1,1.6053763440860216,7.687096774193548,99.6,100.9,100.3,100.8,92.4,101.8,14.317853,16.292255,0.0,16.629852,0.0,14.925557,14.633297,16.076555,13.715249,0.0,15.484433,0.0,0.6032921,0.0,0.0,14.535008
2019-01,101.8,1.6774193548387095,4.502150537634408,101.1,99.6,100.9,98.7,95.2,100.7,13.693161,15.529807,0.0,15.827961,0.0,14.237333,13.925057,15.476738,13.107048,0.0,14.625156,0.0,0.7273729,0.0,0.0,14.064473
2019-02,100.7,2.348809523809524,6.546428571428571,101.8,101.1,99.6,103.5,98.4,97.5,13.226605,14.988402,0.0,15.256617,0.0,13.73393,13.413463,15.006558,12.658103,0.0,14.015858,0.0,0.7705067,0.0,0.0,13.683266
2019-03,97.5,1.153763440860215,13.002150537634408,100.7,101.8,101.1,100.3,101.8,94.6,12.958309,14.677818,0.0,14.926716,0.0,13.440495,13.118388,14.72461,12.393315,0.0,13.667111,0.0,0.78099144,0.0,0.0,13.450113
2019-04,94.6,1.7,21.664444444444445,97.5,100.7,101.8,100.9,104.0,94.4,12.830013,14.547497,0.0,14.778959,0.0,13.312479,12.98428,14.589327,12.266565,0.0,13.518532,0.0,0.77854365,0.0,0.0,13.330893
2019-05,94.4,3.4021505376344083,26.41720430107527,94.6,97.5,100.7,99.6,105.5,99.2,12.778794,14.556678,0.0,14.765005,0.0,13.2971735,12.953737,14.544132,12.222944,0.0,13.522448,0.0,0.75991464,0.0,0.0,13.2567005
2019-06,99.2,2.052222222222222,31.11555555555556,94.4,94.6,97.5,101.1,100.8,97.6,12.761818,14.652152,0.0,14.826992,0.0,13.34552,12.979708,14.538846,12.217147,0.0,13.62228,0.0,0.72488403,0.0,0.0,13.183365
2019-07,97.6,3.746236559139785,29.58924731182796,99.2,94.4,94.6,101.8,98.7,92.6,12.670264,14.6740055,0.0,14.796511,0.0,13.321139,12.924371,14.456552,12.135921,0.0,13.633891,0.0,0.70142365,0.0,0.0,13.031369
2019-08,92.6,5.023655913978494,28.63010752688172,97.6,99.2,94.4,100.7,103.5,91.8,12.633529,14.707955,0.0,14.792841,0.0,13.319985,12.905232,14.420838,12.094955,0.0,13.663117,0.0,0.68861544,0.0,0.0,12.93742
2019-09,91.8,2.795555555555556,27.05555555555556,92.6,97.6,99.2,97.5,100.3,96.0,12.714525,14.911474,0.0,14.975712,0.0,13.470818,13.040883,14.507233,12.203593,0.0,13.8935995,0.0,0.6289556,0.0,0.0,12.938867
2019-10,96.0,2.335483870967742,20.247311827956988,91.8,92.6,97.6,94.6,100.9,95.6,12.690675,14.870093,0.0,14.950572,0.0,13.430277,13.009736,14.485611,12.191946,0.0,13.851677,0.0,0.6276802,0.0,0.0,12.940908
2019-11,95.6,1.0566666666666666,13.29,96.0,91.8,92.6,94.4,99.6,97.4,12.567905,14.81283,0.0,14.8791275,0.0,13.350587,12.915405,14.3721895,12.120725,0.0,13.788076,0.0,0.59880537,0.0,0.0,12.810155
2019-12,97.4,1.256989247311828,9.336559139784946,95.6,96.0,91.8,99.2,101.1,100.7,12.440086,14.701523,0.0,14.7730465,0.0,13.244535,12.803641,14.25496,12.03935,0.0,13.665882,0.0,0.5902876,0.0,0.0,12.7171545
2020-01,100.7,1.6064516129032258,6.290322580645161,97.4,95.6,96.0,97.6,101.8,99.6,12.494616,14.753447,0.0,14.859882,0.0,13.309783,12.877794,14.316857,12.118589,0.0,13.731376,0.0,0.5741316,0.0,0.0,12.803291
2020-02,99.6,1.2804597701149425,9.770114942528735,100.7,97.4,95.6,92.6,100.7,98.0,12.7539425,14.996242,0.0,15.158399,0.0,13.571486,13.159499,14.579939,12.37757,0.0,14.013273,0.0,0.55381495,0.0,0.0,13.077733
2020-03,98.0,2.7806451612903227,15.497849462365592,99.6,100.7,97.4,91.8,97.5,99.6,13.101236,15.299827,0.0,15.515245,0.0,13.902472,13.514206,14.924228,12.696528,0.0,14.361779,0.0,0.549713,0.0,0.0,13.428913
2020-04,99.6,1.3866666666666667,20.66,98.0,99.6,100.7,96.0,94.6,98.0,13.419203,15.620719,0.0,15.866102,0.0,14.228807,13.854171,15.236559,12.993187,0.0,14.729027,0.0,0.5254974,0.0,0.0,13.712632
2020-05,98.0,2.833333333333333,24.672043010752688,99.6,98.0,99.6,95.6,94.4,97.3,13.623017,15.84343,0.0,16.095865,0.0,14.45037,14.077871,15.43619,13.179915,0.0,14.980256,0.0,0.5083484,0.0,0.0,13.882998
2020-06,97.3,2.44,30.48777777777778,98.0,99.6,98.0,97.4,99.2,97.3,13.766452,15.973374,0.0,16.228611,0.0,14.576798,14.212396,15.569227,13.285063,0.0,15.123705,0.0,0.51189,0.0,0.0,13.997854
2020-07,97.3,2.283870967741936,30.4247311827957,97.3,98.0,99.6,100.7,97.6,99.2,13.9389715,16.232008,0.0,16.484955,0.0,14.798488,14.431505,15.735919,13.461271,0.0,15.414411,0.0,0.4555251,0.0,0.0,14.104029
2020-08,99.2,2.252688172043011,29.787096774193547,97.3,97.3,98.0,99.6,92.6,104.3,14.026351,16.317202,0.0,16.574432,0.0,14.8697195,14.510289,15.816309,13.527395,0.0,15.505412,0.0,0.4542189,0.0,0.0,14.169013
2020-09,104.3,1.8322222222222224,27.164444444444445,99.2,97.3,97.3,98.0,91.8,112.1,14.003025,16.225607,0.0,16.482548,0.0,14.785127,14.4350195,15.788674,13.466393,0.0,15.392763,0.0,0.503341,0.0,0.0,14.159741
2020-10,112.1,1.0580645161290323,21.696774193548386,104.3,99.2,97.3,99.6,96.0,114.8,14.0849495,16.31496,0.0,16.575447,0.0,14.860377,14.514388,15.867325,13.543773,0.0,15.48542,0.0,0.4998812,0.0,0.0,14.216037
2020-11,114.8,1.031111111111111,14.504444444444443,112.1,104.3,99.2,98.0,95.6,116.4,14.571872,16.810574,0.0,17.128942,0.0,15.346392,15.032395,16.333334,14.020905,0.0,16.044329,0.0,0.44837883,0.0,0.0,14.64022
2020-12,116.4,0.9161290322580644,8.03978494623656,114.8,112.1,104.3,97.3,97.4,125.0,15.238984,17.47953,0.0,17.873089,0.0,16.0159,15.745771,16.962757,14.673158,0.0,16.80582,0.0,0.3751011,0.0,0.0,15.220993
2021-01,125.0,1.4182795698924733,5.776344086021506,116.4,114.8,112.1,97.3,100.7,126.1,15.900214,18.147493,0.0,18.607428,0.0,16.686415,16.456347,17.58098,15.314318,0.0,17.568901,0.0,0.29950294,0.0,0.0,15.785986
2021-02,126.1,1.138095238095238,5.423809523809523,125.0,116.4,114.8,99.2,99.6,123.9,16.456089,18.768183,0.0,19.275116,0.0,17.279678,17.078096,18.098398,15.858805,0.0,18.273672,0.0,0.20083201,0.0,0.0,16.227627
2021-03,123.9,1.261290322580645,15.976344086021506,126.1,125.0,116.4,104.3,98.0,126.2,16.799398,19.187208,0.0,19.719526,0.0,17.663546,17.47737,18.414663,16.200071,0.0,18.747791,0.0,0.11678289,0.0,0.0,16.481544
2021-04,126.2,1.487777777777778,20.508888888888887,123.9,126.1,125.0,112.1,99.6,133.7,16.964605,19.39073,0.0,19.934175,0.0,17.846655,17.666712,18.567747,16.35946,0.0,18.976439,0.0,0.07923953,0.0,0.0,16.6008
2021-05,133.7,2.5946236559139786,25.507526881720427,126.2,123.9,126.1,114.8,98.0,130.3,17.093393,19.554266,0.0,20.105587,0.0,17.98745,17.815248,18.682667,16.481949,0.0,19.158096,0.0,0.042555943,0.0,0.0,16.68728
2021-06,130.3,2.4355555555555557,30.49777777777778,133.7,126.2,123.9,116.4,97.3,126.3,17.169935,19.65015,0.0,20.205755,0.0,18.068148,17.900936,18.752321,16.55202,0.0,19.262089,0.0,0.02393311,0.0,0.0,16.73822
2021-07,126.3,3.843010752688172,30.995698924731183,130.3,133.7,126.2,125.0,97.3,130.4,17.201855,19.688944,0.0,20.24618,0.0,18.10046,17.935293,18.780827,16.579647,0.0,19.30419,0.0,0.017071811,0.0,0.0,16.759167
2021-08,130.4,2.26989247311828,29.856989247311827,126.3,130.3,133.7,126.1,99.2,132.8,17.195644,19.676912,0.0,20.233309,0.0,18.089321,17.923592,18.775198,16.568733,0.0,19.290287,0.0,0.02355246,0.0,0.0,16.75474
2021-09,132.8,1.9977777777777777,25.69333333333333,130.4,126.3,130.3,123.9,104.3,137.1,17.162724,19.630726,0.0,20.18434,0.0,18.05006,17.880632,18.747591,16.532999,0.0,19.237993,0.0,0.041294813,0.0,0.0,16.733833
2021-10,137.1,2.3236559139784947,20.64516129032258,132.8,130.4,126.3,126.2,112.1,141.4,17.14289,19.604448,0.0,20.156282,0.0,18.02829,17.855919,18.732635,16.513348,0.0,19.207403,0.0,0.053356208,0.0,0.0,16.721941
2021-11,141.4,0.9077777777777778,14.706666666666663,137.1,132.8,130.4,133.7,114.8,140.5,17.183731,19.661526,0.0,20.216333,0.0,18.077557,17.908197,18.769243,16.557417,0.0,19.270855,0.0,0.036578014,0.0,0.0,16.749006
2021-12,140.5,1.203225806451613,9.307526881720433,141.4,137.1,132.8,130.3,116.4,140.6,17.243538,19.745974,0.0,20.305326,0.0,18.151457,17.985878,18.823532,16.623672,0.0,19.365116,0.0,0.011505602,0.0,0.0,16.789635
2022-01,140.6,2.0688172043010757,4.856989247311828,140.5,141.4,137.1,126.3,125.0,145.3,17.305035,19.830347,0.0,20.393866,0.0,18.223534,18.062635,18.878803,16.688179,0.0,19.457912,0.0,0.0,0.0,0.0,16.83029
2022-02,145.3,0.6821428571428572,9.420238095238094,140.6,140.5,141.4,130.4,126.1,170.1,17.36801,19.912453,0.0,20.479235,0.0,18.290274,18.13557,18.934475,16.74771,0.0,19.54539,0.0,0.0,0.0,0.0,16.869778
2022-03,170.1,1.5559139784946234,15.475268817204302,145.3,140.6,140.5,132.8,123.9,169.7,17.40235,19.955664,0.0,20.523712,0.0,18.324507,18.172787,18.96705,16.778332,0.0,19.588793,0.0,0.0,0.0,0.0,16.89191
2022-04,169.7,1.7866666666666668,21.98,170.1,145.3,140.6,137.1,126.2,173.5,17.423687,19.98145,0.0,20.550093,0.0,18.34458,18.194334,18.98924,16.796446,0.0,19.612852,0.0,0.0,0.0,0.0,16.906525
2022-05,173.5,2.3838709677419354,27.07956989247312,169.7,170.1,145.3,141.4,133.7,166.3,17.435076,19.994839,0.0,20.563839,0.0,18.35538,18.205547,19.001585,16.80612,0.0,19.625181,0.0,0.0,0.0,0.0,16.914917
2022-06,166.3,2.7466666666666666,30.736666666666668,173.5,169.7,170.1,140.5,130.3,147.3,17.441544,20.002234,0.0,20.571466,0.0,18.361593,18.211815,19.00871,16.811619,0.0,19.63201,0.0,0.0,0.0,0.0,16.919975
2022-07,147.3,5.516129032258065,29.513978494623657,166.3,173.5,169.7,140.6,126.3,145.6,17.444387,20.005413,0.0,20.574764,0.0,18.364378,18.214558,19.01183,16.81405,0.0,19.634998,0.0,0.0,0.0,0.0,16.922298
2022-08,145.6,2.803225806451613,29.555913978494623,147.3,166.3,173.5,145.3,130.4,147.9,17.445675,20.006842,0.0,20.576252,0.0,18.365656,18.215807,19.013233,16.815159,0.0,19.636362,0.0,0.0,0.0,0.0,16.923368
2022-09,147.9,3.575555555555556,24.846666666666664,145.6,147.3,166.3,170.1,132.8,152.3,17.446198,20.007421,0.0,20.57685,0.0,18.366179,18.216322,19.013792,16.81561,0.0,19.636911,0.0,0.0,0.0,0.0,16.92381
2022-10,152.3,0.9526881720430108,20.940860215053764,147.9,145.6,147.3,169.7,137.1,150.1,17.446547,20.007809,0.0,20.57726,0.0,18.366533,18.21667,19.01417,16.815912,0.0,19.63728,0.0,0.0,0.0,0.0,16.924105
2022-11,150.1,1.7255555555555555,13.827777777777778,152.3,147.9,145.6,173.5,141.4,147.3,17.446712,20.007992,0.0,20.577446,0.0,18.366703,18.216835,19.014343,16.816051,0.0,19.637459,0.0,0.0,0.0,0.0,16.924244
2022-12,147.3,1.175268817204301,8.023655913978494,150.1,152.3,147.9,166.3,140.5,147.5,17.44659,20.007858,0.0,20.577305,0.0,18.366583,18.216722,19.014206,16.815945,0.0,19.637331,0.0,0.0,0.0,0.0,16.924139
2023-01,147.5,1.3516129032258064,6.721505376344086,147.3,150.1,152.3,147.3,140.6,146.7,17.446226,20.007467,0.0,20.57689,0.0,18.36623,18.216377,19.013813,16.815632,0.0,19.63696,0.0,0.0,0.0,0.0,16.923832
2023-02,146.7,1.1202380952380953,10.31547619047619,147.5,147.3,150.1,145.6,145.3,138.6,17.445803,20.00701,0.0,20.576405,0.0,18.365818,18.215971,19.013344,16.815271,0.0,19.636526,0.0,0.0,0.0,0.0,16.923485
2023-03,138.6,1.8806451612903223,14.778494623655916,146.7,147.5,147.3,147.9,170.1,136.1,17.444906,20.00602,0.0,20.575373,0.0,18.364954,18.215113,19.012367,16.814512,0.0,19.635616,0.0,0.0,0.0,0.0,16.922749
2023-04,136.1,1.8988888888888888,20.71888888888889,138.6,146.7,147.5,152.3,169.7,129.3,17.443377,20.004326,0.0,20.573614,0.0,18.363485,18.213655,19.01069,16.813227,0.0,19.634054,0.0,0.0,0.0,0.0,16.921503
2023-05,129.3,1.9774193548387096,26.496774193548383,136.1,138.6,146.7,150.1,173.5,126.6,17.44172,20.002464,0.0,20.571701,0.0,18.361916,18.212082,19.008867,16.811848,0.0,19.632368,0.0,0.0,0.0,0.0,16.920183
2023-06,126.6,1.5766666666666669,29.966666666666665,129.3,136.1,138.6,147.3,166.3,125.9,17.440088,20.00062,0.0,20.56981,0.0,18.360392,18.21053,19.00707,16.810507,0.0,19.630718,0.0,0.0,0.0,0.0,16.918917
2023-07,125.9,4.302150537634409,29.43010752688172,126.6,129.3,136.1,147.5,147.3,125.0,17.437862,19.998081,0.0,20.567226,0.0,18.35834,18.20842,19.004599,16.808674,0.0,19.628477,0.0,0.0,0.0,0.0,16.91722
2023-08,125.0,2.610752688172043,30.296774193548387,125.9,126.6,129.3,146.7,145.6,126.3,17.435194,19.99503,0.0,20.564123,0.0,18.355886,18.205883,19.001644,16.806488,0.0,19.6258,0.0,0.0,0.0,0.0,16.915218
2023-09,126.3,1.3444444444444446,28.270000000000003,125.0,125.9,126.6,138.6,147.9,124.8,17.425755,19.984053,0.0,20.552946,0.0,18.347414,18.196863,18.991179,16.79881,0.0,19.616259,0.0,0.0,0.0,0.0,16.90844
2023-10,124.8,1.839784946236559,22.03440860215053,126.3,125.0,125.9,136.1,152.3,121.0,17.404196,19.95829,0.0,20.526686,0.0,18.328178,18.175543,18.968763,16.781313,0.0,19.593004,0.0,0.0,0.0,0.0,16.894266
2023-11,121.0,1.5466666666666666,14.836666666666666,124.8,126.3,125.0,129.3,150.1,122.8,17.30492,19.836899,0.0,20.40099,0.0,18.235891,18.069712,18.884394,16.699276,0.0,19.467289,0.0,0.0,0.0,0.0,16.836018
2023-12,122.8,1.1387096774193548,10.421505376344086,121.0,124.8,126.3,126.6,147.3,119.9,17.01448,19.4765,0.0,20.022678,0.0,17.952532,17.743525,18.665268,16.450397,0.0,19.064005,0.0,0.12279515,0.0,0.0,16.670622
2024-01,119.9,1.2559139784946236,4.608602150537634,122.8,121.0,124.8,125.9,147.5,113.8,16.597395,18.942453,0.0,19.458698,0.0,17.517166,17.251963,18.352465,16.067135,0.0,18.450775,0.0,0.33476305,0.0,0.0,16.426184
2024-02,113.8,1.2275862068965515,12.410344827586208,119.9,122.8,121.0,125.0,146.7,110.9,16.298918,18.548473,0.0,19.043617,0.0,17.18968,16.889967,18.12007,15.776974,0.0,18.00027,0.0,0.48195592,0.0,0.0,16.246105
2024-03,110.9,1.956989247311828,15.859139784946237,113.8,119.9,122.8,126.3,138.6,111.6,16.122606,18.30704,0.0,18.790867,0.0,16.986523,16.670336,17.974125,15.595416,0.0,17.729486,0.0,0.5608517,0.0,0.0,16.13668
2024-04,111.6,2.648888888888889,23.326666666666668,110.9,113.8,119.9,124.8,136.1,118.7,15.940604,18.049273,0.0,18.520918,0.0,16.765007,16.434797,17.819033,15.396347,0.0,17.439701,0.0,0.6433231,0.0,0.0,16.020441
2024-05,118.7,1.7580645161290325,28.01827956989247,111.6,110.9,113.8,121.0,129.3,115.2,15.688767,17.674662,0.0,18.127737,0.0,16.431143,16.089512,17.592062,15.094377,0.0,17.016037,0.0,0.75787646,0.0,0.0,15.849649
2024-06,115.2,3.5055555555555555,31.924444444444443,118.7,111.6,110.9,122.8,126.6,110.7,15.334079,17.14575,0.0,17.574745,0.0,15.957859,15.605053,17.262604,14.665712,0.0,16.422682,0.0,0.9015601,0.0,0.0,15.605308
2024-07,110.7,3.01505376344086,30.983870967741936,115.2,118.7,111.6,119.9,125.9,110.2,14.999261,16.657064,0.0,17.069183,0.0,15.521331,15.167241,16.929745,14.270138,0.0,15.889924,0.0,0.98991436,0.0,0.0,15.366362
2024-08,110.2,2.096774193548387,29.7,110.7,115.2,118.7,113.8,125.0,113.6,14.761785,16.334324,0.0,16.736937,0.0,15.2366085,14.884228,16.680943,14.013974,0.0,15.547976,0.0,1.0186274,0.0,0.0,15.191384
2024-09,113.6,1.781111111111111,27.967777777777776,110.2,110.7,115.2,110.9,126.3,114.4,14.53495,16.04776,0.0,16.438318,0.0,14.973682,14.62999,16.429668,13.780875,0.0,15.238807,0.0,1.0246359,0.0,0.0,15.007635
2024-10,114.4,1.3720430107526882,23.47204301075269,113.6,110.2,110.7,111.6,124.8,111.4,14.501095,16.019346,0.0,16.401482,0.0,14.926228,14.595031,16.372427,13.742424,0.0,15.19642,0.0,1.0103428,0.0,0.0,14.954084
2024-11,111.4,1.5744444444444443,14.364444444444445,114.4,113.6,110.2,118.7,121.0,111.4,14.640947,16.209675,0.0,16.592506,0.0,15.078575,14.754765,16.502577,13.881161,0.0,15.391986,0.0,0.98820585,0.0,0.0,15.039289
2024-12,111.4,1.5494623655913975,8.018279569892474,111.4,114.4,113.6,115.2,122.8,111.8,14.7824745,16.400244,0.0,16.787918,0.0,15.24338,14.92211,16.642094,14.029791,0.0,15.595195,0.0,0.96669066,0.0,0.0,15.138058
2025-01,111.8,0.5440860215053763,7.505376344086022,111.4,111.4,114.4,110.7,119.9,112.6,14.959149,16.638622,0.0,17.03623,0.0,15.459202,15.13827,16.81941,14.22376,0.0,15.858307,0.0,0.9312083,0.0,0.0,15.270289
2025-02,112.6,1.2654761904761904,6.991666666666666,111.8,111.4,111.4,110.2,113.8,109.7,15.039439,16.750874,0.0,17.155941,0.0,15.57366,15.245055,16.912277,14.325695,0.0,15.987501,0.0,0.91854054,0.0,0.0,15.344082
2025-03,109.7,1.4193548387096775,18.141935483870967,112.6,111.8,111.4,113.6,110.9,110.9,15.0058975,16.705494,0.0,17.111942,0.0,15.544483,15.209208,16.89195,14.298487,0.0,15.941946,0.0,0.93058443,0.0,0.0,15.332737
2025-04,110.9,1.606666666666667,23.607777777777777,109.7,112.6,111.8,114.4,111.6,109.0,14.909448,16.566801,0.0,16.971504,0.0,15.429937,15.089036,16.806614,14.193942,0.0,15.794489,0.0,0.9570382,0.0,0.0,15.274886
2025-05,109.0,2.4086021505376345,26.44516129032258,110.9,109.7,112.6,111.4,118.7,107.3,14.822088,16.440548,0.0,16.842175,0.0,15.318889,14.977068,16.721327,14.093294,0.0,15.657676,0.0,0.9755904,0.0,0.0,15.215067
2025-06,107.3,3.368888888888889,30.456666666666667,109.0,110.9,109.7,111.4,115.2,106.5,14.836086,16.456375,0.0,16.857546,0.0,15.325111,14.98939,16.724194,14.100479,0.0,15.674256,0.0,0.96296126,0.0,0.0,15.216923
2025-07,106.5,4.536559139784947,30.61720430107527,107.3,109.0,110.9,111.8,110.7,105.6,14.795652,16.399452,0.0,16.797728,0.0,15.266104,14.937485,16.66994,14.0488,0.0,15.61361,0.0,0.9573977,0.0,0.0,15.1770115
2025-08,105.6,4.198924731182796,28.75483870967742,106.5,107.3,109.0,112.6,110.2,104.8,14.678065,16.245989,0.0,16.637028,0.0,15.118342,14.798961,16.534647,13.917624,0.0,15.447488,0.0,0.95897096,0.0,0.0,15.074691
2025-09,104.8,2.2333333333333334,27.405555555555555,105.6,106.5,107.3,109.7,113.6,103.8,14.520349,16.05656,0.0,16.436338,0.0,14.934974,14.625844,16.353876,13.755598,0.0,15.241754,0.0,0.9547544,0.0,0.0,14.934639
2025-10,103.8,2.0903225806451613,21.05483870967742,104.8,105.6,106.5,110.9,114.4,105.6,14.372617,15.899984,0.0,16.266312,0.0,14.7772,14.475334,16.184275,13.616741,0.0,15.06878,0.0,0.94256437,0.0,0.0,14.79742
2025-11,105.6,1.1288888888888888,15.421111111111111,103.8,104.8,105.6,109.0,111.4,107.2,14.198593,15.724797,0.0,16.076097,0.0,14.598098,14.300787,15.993891,13.457685,0.0,14.870571,0.0,0.9321953,0.0,0.0,14.636548
2025-12,107.2,0.735483870967742,8.6247311827957,105.6,103.8,104.8,107.3,111.4,107.5,13.962157,15.469932,0.0,15.805138,0.0,14.352918,14.055271,15.748583,13.238803,0.0,14.581586,0.0,0.9365974,0.0,0.0,14.435359
2026-01,107.5,2.1408602150537632,3.796774193548387,107.2,105.6,103.8,106.5,111.8,108.7,13.800396,15.291492,0.0,15.616569,0.0,14.183194,13.884366,15.580805,13.086204,0.0,14.3764,0.0,0.9419829,0.0,0.0,14.29811
2026-02,108.7,0.8654761904761905,9.503571428571428,107.5,107.2,105.6,105.6,112.6,110.4,13.786886,15.280188,0.0,15.604172,0.0,14.166535,13.868553,15.56553,13.070857,0.0,14.357663,0.0,0.9406556,0.0,0.0,14.278406
2026-03,110.4,1.19247311827957,17.865591397849464,108.7,107.5,107.2,104.8,109.7,111.3,13.909518,15.408509,0.0,15.740612,0.0,14.293715,13.993368,15.696672,13.183756,0.0,14.498344,0.0,0.9449949,0.0,0.0,14.38768
2026-04,111.3,2.645555555555556,21.328888888888887,110.4,108.7,107.5,103.8,110.9,114.2,14.116185,15.6482,0.0,15.990882,0.0,14.513564,14.212016,15.91442,13.3795595,0.0,14.758725,0.0,0.9369742,0.0,0.0,14.556626
2026-05,114.2,2.040860215053764,27.01827956989247,111.3,110.4,108.7,105.6,109.0,110.0,14.439484,16.036404,0.0,16.397186,0.0,14.864501,14.566783,16.246,13.69408,0.0,15.1853485,0.0,0.9049369,0.0,0.0,14.811
2026-06,110.0,2.5933333333333333,30.07444444444444,114.2,111.3,110.4,107.2,107.3,113.8,14.756174,16.42505,0.0,16.804415,0.0,15.214433,14.922829,16.562399,14.007696,0.0,15.614949,0.0,0.858375,0.0,0.0,15.054945
2026-07,113.8,3.4580645161290327,30.18172043010753,110.0,114.2,111.3,107.5,106.5,116.3,15.0134735,16.747854,0.0,17.143116,0.0,15.501674,15.219135,16.807932,14.264594,0.0,15.97637,0.0,0.8032842,0.0,0.0,15.2443495
