date,price,avg_precipitation,avg_max_temp,price_lag_1,price_lag_2,price_lag_3,price_lag_6,price_lag_12,target_next_price,target_pct_change,lstm_feat_0,lstm_feat_1,lstm_feat_2,lstm_feat_3,lstm_feat_4,lstm_feat_5,lstm_feat_6,lstm_feat_7,lstm_feat_8,lstm_feat_9,lstm_feat_10,lstm_feat_11,lstm_feat_12,lstm_feat_13,lstm_feat_14,lstm_feat_15
1992-01,52.9,3.217741935483871,13.935483870967742,50.8,50.8,48.8,40.4,46.9,52.9,0.0,0.0,0.0,0.27146798,0.0,0.0,0.0,0.0,0.5301473,0.3753771,0.0,0.15431482,0.13616724,0.0,0.2603427,0.24297617,0.0
1992-02,52.9,1.486206896551724,15.00344827586207,52.9,50.8,50.8,41.7,46.7,52.4,-0.945179584120983,0.0,0.0,0.2719144,0.0,0.0,0.0,0.0,0.53332084,0.38018763,0.0,0.15576935,0.13907203,0.0,0.26572,0.24301086,0.0
1992-03,52.4,2.262903225806452,14.301612903225807,52.9,52.9,50.8,45.4,45.8,52.4,0.0,0.0,0.0,0.26935974,0.0,0.0,0.0,0.0,0.52889943,0.37506962,0.0,0.15267085,0.13685429,0.0,0.26378143,0.23648053,0.0
1992-04,52.4,2.3766666666666665,13.245000000000001,52.4,52.9,52.9,48.8,42.8,54.6,4.1984732824427535,0.0,0.0,0.26627788,0.0,0.0,0.0,0.0014102198,0.5266268,0.3741795,0.0,0.1515826,0.13633724,0.0,0.26508197,0.23398362,0.0
1992-05,54.6,2.4096774193548387,14.466129032258063,52.4,52.4,52.9,50.8,42.1,57.7,5.677655677655681,0.0,0.0,0.25990656,0.0,0.0,0.0,0.0025147554,0.5098737,0.35814923,0.0,0.14657421,0.13143916,0.0,0.25551543,0.22158106,0.0
1992-06,57.7,2.305,15.331666666666667,54.6,52.4,52.4,50.8,43.4,58.1,0.6932409012131691,0.0,0.0,0.26045844,0.0,0.0,0.0,0.005094935,0.5164312,0.36537898,0.0,0.14875834,0.13527189,0.0,0.26391172,0.2241695,0.0
1992-07,58.1,3.8725806451612903,15.351612903225806,57.7,54.6,52.4,52.9,40.4,56.6,-2.5817555938037864,0.0,0.0,0.26095945,0.0,0.0,0.0,0.004929224,0.518051,0.36423272,0.0,0.14755659,0.13485004,0.0,0.26389244,0.22176622,0.0
1992-08,56.6,5.216129032258064,13.993548387096775,58.1,57.7,54.6,52.9,41.7,58.1,2.65017667844523,0.0,0.0,0.25704473,0.0,0.0,0.0,0.0010206858,0.50902563,0.3537874,0.0,0.14413504,0.13026206,0.0,0.25486252,0.21678455,0.0
1992-09,58.1,3.4949999999999997,13.565,56.6,58.1,57.7,52.4,45.4,54.9,-5.507745266781416,0.0,0.0,0.25209558,0.0,0.0,0.0,0.0,0.49629277,0.34229445,0.0,0.14295948,0.12617266,0.0,0.24422567,0.21380392,0.0
1992-10,54.9,3.2016129032258065,12.574193548387097,58.1,56.6,58.1,52.4,48.8,53.8,-2.003642987249547,0.0,0.0,0.24499883,0.0,0.0,0.0,0.0,0.48024666,0.32836667,0.0,0.14105637,0.12051957,0.0,0.23292933,0.20794368,0.0
1992-11,53.8,2.5316666666666667,13.841666666666667,54.9,58.1,56.6,54.6,50.8,53.2,-1.115241635687722,0.0,0.0,0.24478416,0.0,0.0,0.0,0.0,0.47816107,0.3275432,0.0,0.14361338,0.12157241,0.0,0.23297802,0.20664802,0.0
1992-12,53.2,2.896774193548387,12.951612903225806,53.8,54.9,58.1,57.7,50.8,53.3,0.18796992481201938,0.0,0.0,0.24842137,0.0,0.0,0.0,0.0,0.4849671,0.3335537,0.0,0.14652964,0.12482379,0.0,0.23850074,0.20755833,0.0
1993-01,53.3,2.0483870967741935,14.729032258064517,53.2,53.8,54.9,58.1,52.9,54.0,1.313320825515953,0.0,0.0,0.2484704,0.0,0.0,0.0,0.0,0.48879567,0.34078944,0.0,0.14947492,0.12932533,0.0,0.24660665,0.21012637,0.0
1993-02,54.0,1.0375,15.353571428571428,53.3,53.2,53.8,56.6,52.9,53.3,-1.2962962962963016,0.0,0.0,0.24565306,0.0,0.0,0.0,9.3373004e-05,0.48434877,0.33736494,0.0,0.14725661,0.12706414,0.0,0.24512002,0.20666565,0.0
1993-03,53.3,2.32741935483871,14.383870967741935,54.0,53.3,53.2,58.1,52.4,52.4,-1.6885553470919297,0.0,0.0,0.24606761,0.0,0.0,0.0,0.001756208,0.49216428,0.34427273,0.0,0.14677496,0.12774497,0.0,0.25163066,0.20964654,0.0
1993-04,52.4,2.3133333333333335,14.44,53.3,54.0,53.3,54.9,52.4,51.7,-1.3358778625954117,0.0,0.0,0.24672022,0.0,0.0,0.0,0.0027722,0.49555203,0.3459944,0.0,0.14586578,0.12705153,0.0,0.25330234,0.21037774,0.0
1993-05,51.7,3.575806451612903,14.588709677419354,52.4,53.3,54.0,53.8,54.6,51.8,0.19342359767890582,0.0,0.0,0.25048703,0.0,0.0,0.0,0.003947192,0.502543,0.34954667,0.0,0.14617305,0.12819132,0.0,0.25648126,0.21195495,0.0
1993-06,51.8,4.515,14.953333333333335,51.7,52.4,53.3,53.2,57.7,49.7,-4.054054054054043,0.0,0.0,0.25222123,0.0,0.0,0.0,0.0030627577,0.5045874,0.35037336,0.0,0.14628637,0.12896928,0.0,0.2566638,0.21417429,0.0
1993-07,49.7,1.4209677419354838,14.069354838709677,51.8,51.7,52.4,53.3,58.1,48.0,-3.420523138833004,0.0,0.0,0.25459847,0.0,0.0,0.0,0.0,0.5079439,0.35331568,0.0,0.14782545,0.1308295,0.0,0.2568073,0.21978144,0.0
1993-08,48.0,1.9258064516129034,14.253225806451614,49.7,51.8,51.7,54.0,56.6,45.1,-6.041666666666664,0.0,0.0,0.25023216,0.0,0.0,0.0,0.0,0.49754706,0.3433241,0.0,0.14441605,0.12648727,0.0,0.24909557,0.21493605,0.0
1993-09,45.1,2.996666666666667,13.776666666666667,48.0,49.7,51.8,53.3,58.1,41.0,-9.090909090909093,0.0,0.0,0.24486682,0.0,0.0,0.0,0.0,0.48071215,0.32615048,0.0,0.13848114,0.11810939,0.0,0.23482406,0.20486674,0.0
1993-10,41.0,1.429032258064516,12.919354838709678,45.1,48.0,49.7,52.4,54.9,41.2,0.4878048780487874,0.0,0.0,0.24568737,0.0,0.0,0.0,0.0,0.47782403,0.32348287,0.0,0.13815352,0.11716532,0.0,0.23182742,0.2037196,0.0
1993-11,41.2,2.805,12.241666666666667,41.0,45.1,48.0,51.7,53.8,41.8,1.4563106796116367,0.0,0.0,0.24649583,0.0,0.0,0.0,0.0,0.47493538,0.32138214,0.0,0.13805215,0.11772259,0.0,0.231782,0.20063119,0.0
1993-12,41.8,3.856451612903226,13.209677419354838,41.2,41.0,45.1,51.8,53.2,45.5,8.851674641148332,0.0,0.0,0.24311677,0.0,0.0,0.0,0.0033763917,0.46493098,0.31723607,0.0,0.13762897,0.11910894,0.0,0.23153536,0.1973211,0.0
1994-01,45.5,2.480645161290323,14.76774193548387,41.8,41.2,41.0,49.7,53.3,45.4,-0.2197802197802229,0.0,0.0,0.24219804,0.0,0.0,0.0,0.004652377,0.4576192,0.31461802,0.0,0.13775672,0.1213698,0.0,0.23079623,0.19609702,0.0
1994-02,45.4,3.3267857142857147,14.992857142857144,45.5,41.8,41.2,48.0,54.0,46.0,1.3215859030837036,0.0,0.0,0.2405103,0.0,0.0,0.0,0.004173289,0.45560578,0.31643626,0.0,0.13705096,0.12280794,0.0,0.23236823,0.19849165,0.0
1994-03,46.0,2.5354838709677416,14.879032258064516,45.4,45.5,41.8,45.1,53.3,42.3,-8.043478260869572,0.0,0.0,0.2428214,0.0,0.0,0.0,0.0024942001,0.46509516,0.32779336,0.0,0.13924405,0.12680177,0.0,0.23916516,0.2080534,0.0
1994-04,42.3,2.915,14.245000000000001,46.0,45.4,45.5,41.0,52.4,42.3,0.0,0.0,0.0,0.24540064,0.0,0.0,0.0,0.00023671566,0.4725319,0.33410507,0.0,0.14002627,0.1275878,0.0,0.24111,0.21385656,0.0
1994-05,42.3,2.985483870967742,14.188709677419356,42.3,46.0,45.4,41.2,51.7,45.1,6.619385342789609,0.0,0.0,0.24791193,0.0,0.0,0.0,0.0,0.4791568,0.33995488,0.0,0.1414835,0.12862746,0.0,0.24308571,0.21935865,0.0
1994-06,45.1,2.996666666666667,14.113333333333333,42.3,42.3,46.0,41.8,51.8,45.6,1.1086474501108647,0.0,0.0,0.24689537,0.0,0.0,0.0,0.0,0.47580957,0.3364718,0.0,0.14021769,0.12611575,0.0,0.23829374,0.21930325,0.0
1994-07,45.6,3.988709677419355,14.95483870967742,45.1,42.3,42.3,45.5,49.7,46.6,2.1929824561403506,0.0,0.0,0.242504,0.0,0.0,0.0,0.0,0.46435434,0.3258105,0.0,0.136779,0.12038044,0.0,0.22804368,0.2150947,0.0
1994-08,46.6,2.7774193548387096,14.858064516129033,45.6,45.1,42.3,45.4,48.0,49.9,7.081545064377676,0.0,0.0,0.2505753,0.0,0.0,0.0,0.0,0.48376015,0.3426173,0.0,0.14248356,0.12619576,0.0,0.23828235,0.2266392,0.0
1994-09,49.9,4.4816666666666665,13.770000000000001,46.6,45.6,45.1,46.0,45.1,52.0,4.2084168336673375,0.0,0.0,0.25649363,0.0,0.0,0.0,0.0,0.49916252,0.35508588,0.0,0.14648722,0.1295886,0.0,0.2456997,0.23478727,0.0
1994-10,52.0,2.517741935483871,13.843548387096773,49.9,46.6,45.6,42.3,41.0,53.2,2.307692307692313,0.0,0.0,0.26052532,0.0,0.0,0.0,0.0,0.5064851,0.3608798,0.0,0.14986937,0.13183914,0.0,0.24803624,0.23925006,0.0
1994-11,53.2,2.445,14.326666666666666,52.0,49.9,46.6,42.3,41.2,55.0,3.3834586466165355,0.0,0.0,0.26776963,0.0,0.0,0.0,0.0,0.5249541,0.3766456,0.0,0.15578401,0.13820282,0.0,0.26028788,0.24656239,0.0
1994-12,55.0,2.2564516129032257,14.930645161290323,53.2,52.0,49.9,45.1,41.8,58.9,7.090909090909088,0.0,0.0,0.27278405,0.0,0.0,0.0,0.0,0.53641254,0.38486916,0.0,0.15850566,0.14126933,0.0,0.2669778,0.2484477,0.0
1995-01,58.9,3.6951612903225803,14.648387096774194,55.0,53.2,52.0,45.6,45.5,61.1,3.7351443123938926,0.0,0.0,0.27293584,0.0,0.0,0.0,0.0,0.5374372,0.38307324,0.0,0.15713975,0.1397724,0.0,0.26631612,0.24457552,0.0
1995-02,61.1,3.5089285714285716,15.410714285714286,58.9,55.0,53.2,46.6,45.4,61.8,1.1456628477905004,0.0,0.0,0.27308252,0.0,0.0,0.0,0.0,0.54153055,0.38678166,0.0,0.1581478,0.14072965,0.0,0.26911512,0.24588512,0.0
1995-03,61.8,2.653225806451613,14.696774193548388,61.1,58.9,55.0,49.9,46.0,61.1,-1.132686084142388,0.0,0.0,0.2724774,0.0,0.0,0.0,0.0,0.54291385,0.38606748,0.0,0.15761638,0.13957866,0.0,0.2680551,0.24506065,0.0
1995-04,61.1,3.0316666666666667,15.818333333333333,61.8,61.1,58.9,52.0,42.3,61.2,0.16366612111293194,0.0,0.0,0.27338362,0.0,0.0,0.0,0.0,0.5493204,0.39003518,0.0,0.15904754,0.14034547,0.0,0.27132097,0.24618825,0.0
1995-05,61.2,3.014516129032258,14.740322580645161,61.1,61.8,61.1,53.2,42.3,61.2,0.0,0.0,0.0,0.27641314,0.0,0.0,0.0,0.0,0.5579768,0.39348212,0.0,0.16007408,0.14039572,0.0,0.2734522,0.24700424,0.0
1995-06,61.2,2.933333333333333,15.503333333333334,61.2,61.1,61.8,55.0,45.1,64.6,5.555555555555541,0.0,0.0,0.2786061,0.0,0.0,0.0,0.0,0.56346655,0.39460656,0.0,0.16120625,0.14032812,0.0,0.27447763,0.24629305,0.0
1995-07,64.6,3.9838709677419355,15.73225806451613,61.2,61.2,61.1,58.9,45.6,64.3,-0.464396284829717,0.0,0.0,0.2817354,0.0,0.0,0.0,0.0,0.570492,0.3967478,0.0,0.16218787,0.14053866,0.0,0.27617827,0.24613245,0.0
1995-08,64.3,1.4580645161290322,17.317741935483873,64.6,61.2,61.2,61.1,46.6,64.3,0.0,0.0,0.0,0.28149533,0.0,0.0,0.0,0.0,0.56815356,0.3903984,0.0,0.16052735,0.13701631,0.0,0.27021274,0.2423434,0.0
1995-09,64.3,2.2633333333333336,15.066666666666666,64.3,64.6,61.2,61.8,49.9,64.8,0.7776049766718507,0.0,0.0,0.28591102,0.0,0.0,0.0,0.0,0.58036435,0.39439127,0.0,0.16073446,0.13576122,0.0,0.2725031,0.2436575,0.0
1995-10,64.8,3.898387096774193,15.043548387096775,64.3,64.3,64.6,61.1,52.0,64.8,0.0,0.0,0.0,0.28692737,0.0,0.0,0.0,0.0,0.57908493,0.3866673,0.0,0.15788455,0.13035378,0.0,0.26537684,0.2367902,0.0
1995-11,64.8,2.7983333333333333,13.536666666666667,64.8,64.3,64.3,61.2,53.2,64.4,-0.6172839506172708,0.0,0.0,0.29313746,0.0,0.0,0.0,0.0,0.5900645,0.39343783,0.0,0.16123852,0.13321784,0.0,0.26975754,0.23956436,0.0
1995-12,64.4,2.829032258064516,13.30967741935484,64.8,64.8,64.3,61.2,55.0,64.3,-0.1552795031056033,0.0,0.0,0.29432166,0.0,0.0,0.0,0.0,0.5917735,0.39496875,0.0,0.16375586,0.13596185,0.0,0.27363476,0.237869,0.0
1996-01,64.3,2.6919354838709677,15.140322580645162,64.4,64.8,64.8,64.6,58.9,64.2,-0.1555209953343613,0.0,0.0,0.29145077,0.0,0.0,0.0,0.0,0.58650625,0.39348826,0.0,0.16496253,0.13851899,0.0,0.27723044,0.23370008,0.0
1996-02,64.2,3.103448275862069,14.558620689655172,64.3,64.4,64.8,64.3,61.1,63.0,-1.8691588785046773,0.0,0.0,0.2865379,0.0,0.0,0.0,0.0,0.57475686,0.3840944,0.0,0.1617766,0.13618612,0.0,0.27333245,0.22498643,0.0
1996-03,63.0,3.3435483870967744,13.88225806451613,64.2,64.3,64.4,64.3,61.8,62.7,-0.4761904761904716,0.0,0.0,0.2800726,0.0,0.0,0.0,0.0,0.5605618,0.3737061,0.0,0.15855373,0.13287689,0.0,0.26739734,0.21756752,0.0
1996-04,62.7,3.8066666666666666,15.175,63.0,64.2,64.3,64.8,61.1,61.0,-2.7113237639553476,0.0,0.0,0.27781886,0.0,0.0,0.0,0.0,0.5554899,0.37225497,0.0,0.15898041,0.13434751,0.0,0.26821423,0.21583179,0.0
1996-05,61.0,2.666129032258065,13.424193548387096,62.7,63.0,64.2,64.8,61.2,61.1,0.16393442622951052,0.0,0.0,0.2730392,0.0,0.0,0.0,0.0,0.5452936,0.36543405,0.0,0.15714729,0.13229392,0.0,0.2635805,0.21309726,0.0
1996-06,61.1,2.8116666666666665,14.776666666666667,61.0,62.7,63.0,64.4,61.2,61.3,0.3273322422258523,0.0,0.0,0.26915708,0.0,0.0,0.0,0.0,0.5366935,0.3600808,0.0,0.15648456,0.13156652,0.0,0.26108593,0.20969741,0.0
1996-07,61.3,3.2016129032258065,15.3,61.1,61.0,62.7,64.3,64.6,60.7,-0.9787928221859613,0.0,0.0,0.2640958,0.0,0.0,0.0,0.0,0.5273262,0.35374683,0.0,0.15420145,0.1292298,0.0,0.2574199,0.20648916,0.0
1996-08,60.7,4.264516129032257,14.937096774193549,61.3,61.1,61.0,64.2,64.3,60.1,-0.9884678747940715,0.0,0.0,0.2572606,0.0,0.0,0.0,0.0,0.51235384,0.34077254,0.0,0.14950575,0.122164465,0.0,0.24618006,0.20108558,0.0
1996-09,60.1,3.378333333333333,16.006666666666668,60.7,61.3,61.1,63.0,64.3,61.0,1.4975041597337746,0.0,0.0,0.25678948,0.0,0.0,0.0,0.0,0.51605517,0.34715566,0.0,0.15160993,0.12471781,0.0,0.24987109,0.20947273,0.0
1996-10,61.0,3.175806451612903,14.658064516129032,60.1,60.7,61.3,62.7,64.8,59.9,-1.8032786885245924,0.0,0.0,0.26298198,0.0,0.0,0.0,0.0,0.53023595,0.35794407,0.0,0.15477622,0.12789491,0.0,0.25535944,0.21883985,0.0
1996-11,59.9,2.768333333333333,12.581666666666667,61.0,60.1,60.7,61.0,64.8,60.2,0.5008347245409086,0.0,0.0,0.26302373,0.0,0.0,0.0,0.0,0.52869815,0.35463884,0.0,0.15401515,0.1246086,0.0,0.25010303,0.21914454,0.0
1996-12,60.2,3.27258064516129,12.493548387096775,59.9,61.0,60.1,61.1,64.4,60.3,0.16611295681062177,0.0,0.0,0.26658106,0.0,0.0,0.0,0.0,0.5353989,0.36170068,0.0,0.15752028,0.128952,0.0,0.25636682,0.22191899,0.0
1997-01,60.3,0.7612903225806452,13.233870967741936,60.2,59.9,61.0,61.3,64.3,59.5,-1.326699834162516,0.0,0.0,0.26736832,0.0,0.0,0.0,0.0,0.5360864,0.36599028,0.0,0.16006093,0.13378476,0.0,0.26264608,0.22174507,0.0
1997-02,59.5,3.494642857142857,15.773214285714285,60.3,60.2,59.9,60.7,64.2,59.3,-0.3361344537815174,0.0,0.0,0.25989056,0.0,0.0,0.0,0.002851733,0.525529,0.36178818,0.0,0.1575091,0.13407826,0.0,0.26544037,0.21496782,0.0
1997-03,59.3,1.9693548387096773,15.509677419354839,59.5,60.3,60.2,60.1,63.0,59.1,-0.3372681281618815,0.0,0.0,0.25790465,0.0,0.0,0.0,0.0033230018,0.5222856,0.36062634,0.0,0.15507679,0.13348,0.0,0.2655201,0.21332286,0.0
1997-04,59.1,1.7666666666666666,15.091666666666667,59.3,59.5,60.3,61.0,62.7,58.8,-0.5076142131979767,0.0,0.0,0.25846142,0.0,0.0,0.0,0.0031641778,0.52349,0.35987657,0.0,0.15290666,0.1320013,0.0,0.26477706,0.21224712,0.0
1997-05,58.8,2.72741935483871,15.698387096774193,59.1,59.3,59.5,59.9,61.0,58.6,-0.3401360544217614,0.0,0.0,0.25373402,0.0,0.0,0.0,0.0020586438,0.5140941,0.3498918,0.0,0.14760686,0.126032,0.0,0.2568709,0.20650414,0.0
1997-06,58.6,4.678333333333333,14.1,58.8,59.1,59.3,60.2,61.1,58.1,-0.8532423208191127,0.0,0.0,0.25993922,0.0,0.0,0.0,0.00092230784,0.5253837,0.3559971,0.0,0.14818457,0.12737444,0.0,0.25975344,0.21046229,0.0
1997-07,58.1,2.5016129032258063,15.141935483870967,58.6,58.8,59.1,60.3,61.3,57.8,-0.5163511187607647,0.0,0.0,0.2618977,0.0,0.0,0.0,0.0,0.5256326,0.3557335,0.0,0.1492651,0.1280337,0.0,0.2574677,0.21325935,0.0
1997-08,57.8,3.633870967741936,15.833870967741936,58.1,58.6,58.8,59.5,60.7,59.0,2.0761245674740536,0.0,0.0,0.26105988,0.0,0.0,0.0,0.0,0.52256376,0.35157335,0.0,0.14813225,0.12622672,0.0,0.25355133,0.21258272,0.0
1997-09,59.0,3.885,14.878333333333334,57.8,58.1,58.6,59.3,60.1,60.8,3.050847457627114,0.0,0.0,0.2601005,0.0,0.0,0.0,0.0,0.51593393,0.34256998,0.0,0.14548117,0.12058417,0.0,0.24296606,0.21017218,0.0
1997-10,60.8,2.956451612903226,14.45483870967742,59.0,57.8,58.1,59.1,61.0,61.0,0.3289473684210573,0.0,0.0,0.25898963,0.0,0.0,0.0,0.0,0.5116957,0.3379107,0.0,0.14526992,0.116978586,0.0,0.23599118,0.21122274,0.0
1997-11,61.0,2.8433333333333333,13.628333333333334,60.8,59.0,57.8,58.8,59.9,61.0,0.0,0.0,0.0,0.26145455,0.0,0.0,0.0,0.0,0.51580614,0.34042165,0.0,0.14720108,0.11709814,0.0,0.23600644,0.21369863,0.0
1997-12,61.0,2.356451612903226,14.174193548387096,61.0,60.8,59.0,58.6,60.2,60.9,-0.16393442622951052,0.0,0.0,0.2683815,0.0,0.0,0.0,0.0,0.5288087,0.35129976,0.0,0.151978,0.12257881,0.0,0.24427713,0.21781711,0.0
1998-01,60.9,2.240322580645161,14.86774193548387,61.0,61.0,60.8,58.1,60.3,59.7,-1.9704433497536877,0.0,0.0,0.27192596,0.0,0.0,0.0,0.0,0.5350657,0.3565398,0.0,0.15395851,0.12549156,0.0,0.24928203,0.21748681,0.0
1998-02,59.7,2.3535714285714286,17.401785714285715,60.9,61.0,61.0,57.8,59.5,57.8,-3.1825795644891213,0.0,0.0,0.2805456,0.0,0.0,0.0,0.0,0.5587689,0.37950188,0.0,0.16054349,0.13627303,0.0,0.26893508,0.22805698,0.0
1998-03,57.8,2.2790322580645164,16.106451612903225,59.7,60.9,61.0,59.0,59.3,57.6,-0.3460207612456674,0.0,0.0,0.27777544,0.0,0.0,0.0,0.0,0.55519474,0.3742313,0.0,0.15618956,0.13139533,0.0,0.26423272,0.22515438,0.0
1998-04,57.6,2.6383333333333336,14.653333333333334,57.8,59.7,60.9,60.8,59.1,56.5,-1.9097222222222248,0.0,0.0,0.28137645,0.0,0.0,0.0,0.0,0.5662025,0.38180706,0.0,0.15715237,0.13237137,0.0,0.2685764,0.23079756,0.0
1998-05,56.5,2.9483870967741934,15.846774193548388,57.6,57.8,59.7,61.0,58.8,55.6,-1.5929203539822985,0.0,0.0,0.28540918,0.0,0.0,0.0,0.0,0.5761416,0.38963428,0.0,0.15968443,0.13535933,0.0,0.27427834,0.23597312,0.0
1998-06,55.6,4.83,15.095,56.5,57.6,57.8,61.0,58.6,55.3,-0.5395683453237486,0.0,0.0,0.28627965,0.0,0.0,0.0,0.0,0.57722837,0.3888168,0.0,0.15896665,0.13476181,0.0,0.27332622,0.2365441,0.0
1998-07,55.3,5.529032258064516,15.546774193548387,55.6,56.5,57.6,60.9,58.1,55.4,0.18083182640144924,0.0,0.0,0.2874877,0.0,0.0,0.0,0.0,0.5699488,0.37923637,0.0,0.15730682,0.13137774,0.0,0.26305056,0.23298824,0.0
1998-08,55.4,3.053225806451613,15.496774193548386,55.3,55.6,56.5,59.7,57.8,53.9,-2.707581227436823,0.0,0.0,0.29349622,0.0,0.0,0.0,0.0,0.5776386,0.3861387,0.0,0.16242187,0.13548073,0.0,0.26481193,0.24167752,0.0
1998-09,53.9,2.691666666666667,15.691666666666666,55.4,55.3,55.6,57.8,59.0,52.1,-3.339517625231906,0.0,0.0,0.29339358,0.0,0.0,0.0,0.0,0.5746546,0.38237453,0.0,0.16282283,0.13350615,0.0,0.2599506,0.24227776,0.0
1998-10,52.1,4.145161290322581,14.83548387096774,53.9,55.4,55.3,57.6,60.8,52.1,0.0,0.0,0.0,0.29498026,0.0,0.0,0.0,0.0,0.5754698,0.38120276,0.0,0.16297579,0.13127568,0.0,0.25651747,0.24287367,0.0
1998-11,52.1,2.895,14.121666666666666,52.1,53.9,55.4,56.5,61.0,52.3,0.3838771593090129,0.0,0.0,0.2999977,0.0,0.0,0.0,0.0,0.58414924,0.3898084,0.0,0.16705167,0.13439795,0.0,0.26032895,0.2495218,0.0
1998-12,52.3,2.7838709677419353,14.672580645161291,52.1,52.1,53.9,55.6,61.0,52.4,0.19120458891013656,0.0,0.0,0.30466914,0.0,0.0,0.0,0.0,0.5933039,0.3996013,0.0,0.17116933,0.13925955,0.0,0.26767898,0.2545401,0.0
1999-01,52.4,3.4516129032258065,15.908064516129032,52.3,52.1,52.1,55.3,60.9,51.5,-1.7175572519083944,0.0,0.0,0.3075982,0.0,0.0,0.0,0.0,0.6016547,0.41016155,0.0,0.17437339,0.14428774,0.0,0.27674702,0.25959378,0.0
1999-02,51.5,0.9714285714285714,16.098214285714285,52.4,52.3,52.1,55.4,59.7,50.7,-1.5533980582524218,0.0,0.0,0.31040978,0.0,0.0,0.0,0.0,0.6105074,0.42066082,0.0,0.1768564,0.14823253,0.0,0.2844361,0.26616594,0.0
1999-03,50.7,1.5564516129032258,16.174193548387095,51.5,52.4,52.3,53.9,57.8,48.0,-5.3254437869822535,0.0,0.0,0.30613548,0.0,0.0,0.0,0.0,0.6089014,0.4208218,0.0,0.17448221,0.14642908,0.0,0.28664404,0.26614848,0.0
1999-04,48.0,2.4316666666666666,15.653333333333334,50.7,51.5,52.4,52.1,57.6,47.4,-1.250000000000003,0.0,0.0,0.306045,0.0,0.0,0.0,0.0,0.6136089,0.42455345,0.0,0.17332235,0.14574058,0.0,0.29017437,0.2679065,0.0
1999-05,47.4,2.264516129032258,15.469354838709679,48.0,50.7,51.5,52.1,56.5,47.1,-0.6329113924050573,0.0,0.0,0.30926284,0.0,0.0,0.0,0.0,0.6202901,0.4288687,0.0,0.17353058,0.1465982,0.0,0.293284,0.27031112,0.0
1999-06,47.1,2.0366666666666666,14.316666666666666,47.4,48.0,50.7,52.3,55.6,46.4,-1.4861995753715558,0.0,0.0,0.30841082,0.0,0.0,0.0,0.0,0.61775935,0.4257277,0.0,0.17137173,0.14553241,0.0,0.29212847,0.26846105,0.0
1999-07,46.4,2.609677419354839,16.129032258064516,47.1,47.4,48.0,52.4,55.3,46.4,0.0,0.0,0.0,0.30353704,0.0,0.0,0.0,0.0,0.60140073,0.40959695,0.0,0.16517109,0.14106597,0.0,0.28254846,0.25722352,0.0
1999-08,46.4,2.853225806451613,15.533870967741937,46.4,47.1,47.4,51.5,55.4,46.8,0.8620689655172384,0.0,0.0,0.29716983,0.0,0.0,0.0,0.0,0.58016473,0.38820896,0.0,0.15642941,0.13328905,0.0,0.26701462,0.24406579,0.0
1999-09,46.8,3.736666666666667,15.658333333333333,46.4,46.4,47.1,50.7,53.9,47.0,0.4273504273504335,0.0,0.0,0.2969636,0.0,0.0,0.0,0.0,0.5765686,0.38492224,0.0,0.15521568,0.13246179,0.0,0.263734,0.24336435,0.0
1999-10,47.0,1.7838709677419355,14.83548387096774,46.8,46.4,46.4,48.0,52.1,47.5,1.0638297872340425,0.0,0.0,0.29816514,0.0,0.0,0.0,0.0,0.5761942,0.38515675,0.0,0.1558579,0.13312055,0.0,0.2619653,0.24590531,0.0
1999-11,47.5,5.221666666666667,14.0,47.0,46.8,46.4,47.4,52.1,48.5,2.1052631578947367,0.0,0.0,0.29589617,0.0,0.0,0.0,0.0,0.5663444,0.37509945,0.0,0.15287621,0.12949666,0.0,0.25388435,0.23975468,0.0
1999-12,48.5,3.2790322580645164,13.062903225806451,47.5,47.0,46.8,47.1,52.3,50.2,3.5051546391752635,0.0,0.0,0.29847723,0.0,0.0,0.0,0.0,0.56608206,0.37764972,0.0,0.1562479,0.13274166,0.0,0.2537295,0.2428308,0.0
2000-01,50.2,2.3693548387096777,14.212903225806452,48.5,47.5,47.0,46.4,52.4,50.4,0.3984063745019835,0.0,0.0,0.29637593,0.0,0.0,0.0,0.0,0.5597427,0.37697938,0.0,0.1583369,0.13564202,0.0,0.2546476,0.24204092,0.0
2000-02,50.4,1.6913793103448276,15.903448275862068,50.2,48.5,47.5,46.4,51.5,50.1,-0.5952380952380897,0.0,0.0,0.28824124,0.0,0.0,0.0,0.0,0.5436663,0.3678353,0.0,0.15549952,0.13315852,0.0,0.24989997,0.23539108,0.0
2000-03,50.1,1.4709677419354839,15.788709677419355,50.4,50.2,48.5,46.8,50.7,50.4,0.5988023952095751,0.0,0.0,0.28730968,0.0,0.0,0.0,0.0,0.5512326,0.37885287,0.0,0.15713839,0.13649672,0.0,0.2598069,0.24080929,0.0
2000-04,50.4,3.55,14.28,50.1,50.4,50.2,47.0,48.0,50.9,0.992063492063492,0.0,0.0,0.28576112,0.0,0.0,0.0,0.0,0.55597514,0.38475507,0.0,0.15689221,0.13657033,0.0,0.26491496,0.24351048,0.0
2000-05,50.9,2.3370967741935487,15.643548387096773,50.4,50.1,50.4,47.5,47.4,53.8,5.697445972495085,0.0,0.0,0.28360483,0.0,0.0,0.0,0.0,0.5534069,0.3839176,0.0,0.15650952,0.13589309,0.0,0.26433,0.24333647,0.0
2000-06,53.8,2.325,15.481666666666666,50.9,50.4,50.1,48.5,47.1,55.6,3.345724907063205,0.0,0.0,0.28352886,0.0,0.0,0.0,0.0,0.5560813,0.38561377,0.0,0.15626977,0.13589959,0.0,0.26618686,0.24423912,0.0
2000-07,55.6,2.769354838709677,16.225806451612904,53.8,50.9,50.4,50.2,46.4,56.0,0.7194244604316521,0.0,0.0,0.2873928,0.0,0.0,0.0,0.0,0.5663324,0.3926487,0.0,0.15810639,0.13803925,0.0,0.27132452,0.24782918,0.0
2000-08,56.0,2.9451612903225803,15.893548387096773,55.6,53.8,50.9,50.4,46.4,57.4,2.4999999999999973,0.0,0.0,0.28670833,0.0,0.0,0.0,0.0,0.5675064,0.391528,0.0,0.15669487,0.13633825,0.0,0.26983777,0.24769227,0.0
2000-09,57.4,3.21,15.323333333333332,56.0,55.6,53.8,50.1,46.8,59.1,2.961672473867601,0.0,0.0,0.28799894,0.0,0.0,0.0,0.0,0.57099444,0.39136252,0.0,0.15637848,0.13519086,0.0,0.26826197,0.24820954,0.0
2000-10,59.1,3.206451612903226,14.137096774193548,57.4,56.0,55.6,50.4,47.0,59.6,0.8460236886632826,0.0,0.0,0.286817,0.0,0.0,0.0,0.0,0.56691456,0.38461292,0.0,0.15447614,0.13184004,0.0,0.26180217,0.24462059,0.0
2000-11,59.6,4.116666666666666,12.29,59.1,57.4,56.0,50.9,47.5,60.1,0.8389261744966443,0.0,0.0,0.29035094,0.0,0.0,0.0,0.0,0.57578737,0.39215234,0.0,0.15876341,0.13590203,0.0,0.2678229,0.24823278,0.0
2000-12,60.1,3.7870967741935484,13.646774193548387,59.6,59.1,57.4,53.8,48.5,59.7,-0.6655574043261208,0.0,0.0,0.28385055,0.0,0.0,0.0,0.0,0.5542865,0.3737224,0.0,0.15576191,0.13157761,0.0,0.25568226,0.23469646,0.0
2001-01,59.7,1.0193548387096774,13.216129032258063,60.1,59.6,59.1,55.6,50.2,59.5,-0.335008375209385,0.0,0.0,0.28352502,0.0,0.0,0.0,0.0,0.5505292,0.37266296,0.0,0.15797414,0.13446444,0.0,0.25731483,0.23079905,0.0
2001-02,59.5,3.069642857142857,15.046428571428573,59.7,60.1,59.6,56.0,50.4,59.7,0.3361344537815174,0.0,0.0,0.27857175,0.0,0.0,0.0,0.0,0.54451334,0.37162834,0.0,0.15820421,0.13643204,0.0,0.26201117,0.22493057,0.0
2001-03,59.7,2.02258064516129,14.275806451612903,59.5,59.7,60.1,57.4,50.1,59.5,-0.335008375209385,0.0,0.0,0.27331525,0.0,0.0,0.0,0.0,0.53978366,0.37217626,0.0,0.15749104,0.13724555,0.0,0.26567143,0.22327867,0.0
2001-04,59.5,3.1533333333333333,14.311666666666667,59.7,59.5,59.7,59.1,50.4,62.0,4.201680672268908,0.0,0.0,0.26884422,0.0,0.0,0.0,0.0026693605,0.5370326,0.37296256,0.0,0.1570022,0.13800152,0.0,0.26968107,0.22197965,0.0
2001-05,62.0,3.4387096774193546,15.82258064516129,59.5,59.7,59.5,59.6,50.9,62.4,0.6451612903225784,0.0,0.0,0.26383963,0.0,0.0,0.0,0.0029650228,0.52570873,0.36299613,0.0,0.15351151,0.1343898,0.0,0.26355374,0.21473034,0.0
2001-06,62.4,1.7066666666666668,14.67,62.0,59.5,59.7,60.1,53.8,62.9,0.8012820512820514,0.0,0.0,0.26175058,0.0,0.0,0.0,0.00077495025,0.5239356,0.36089543,0.0,0.15205179,0.13281962,0.0,0.2618084,0.21487649,0.0
2001-07,62.9,2.1919354838709677,14.833870967741936,62.4,62.0,59.5,59.7,55.6,62.5,-0.6359300476947514,0.0,0.0,0.25951114,0.0,0.0,0.0,0.00058695953,0.52333117,0.35929438,0.0,0.15073198,0.13123624,0.0,0.26131192,0.21397693,0.0
2001-08,62.5,3.8370967741935487,15.69516129032258,62.9,62.4,62.0,59.5,56.0,62.1,-0.6399999999999977,0.0,0.0,0.25408706,0.0,0.0,0.0,0.0,0.51588595,0.35205346,0.0,0.14715733,0.12690459,0.0,0.2563749,0.20985492,0.0
2001-09,62.1,1.6266666666666665,15.396666666666667,62.5,62.9,62.4,59.7,57.4,62.8,1.1272141706924246,0.0,0.0,0.25248381,0.0,0.0,0.0,0.0,0.51308405,0.3474272,0.0,0.14520393,0.123336725,0.0,0.25095287,0.20923854,0.0
2001-10,62.8,3.545161290322581,15.97258064516129,62.1,62.5,62.9,59.5,59.1,60.6,-3.5031847133757896,0.0,0.0,0.25148627,0.0,0.0,0.0,0.0,0.5120099,0.34267083,0.0,0.14296238,0.11911266,0.0,0.24639802,0.20680945,0.0
2001-11,60.6,3.0166666666666666,14.341666666666667,62.8,62.1,62.5,62.0,59.6,56.9,-6.10561056105611,0.0,0.0,0.25691444,0.0,0.0,0.0,0.0,0.5204899,0.34525514,0.0,0.1435909,0.1179878,0.0,0.24496956,0.20940036,0.0
2001-12,56.9,3.225806451612903,13.706451612903225,60.6,62.8,62.1,62.4,60.1,53.0,-6.854130052724075,0.0,0.0,0.26290742,0.0,0.0,0.0,0.0,0.52537394,0.34417933,0.0,0.14476362,0.11682808,0.0,0.24156728,0.20808196,0.0
2002-01,53.0,3.129032258064516,15.42741935483871,56.9,60.6,62.8,62.9,59.7,52.8,-0.3773584905660431,0.0,0.0,0.2632247,0.0,0.0008785033,0.0,0.0,0.51989365,0.3381333,0.0,0.1451454,0.11484712,0.0,0.23634145,0.20432907,0.0
2002-02,52.8,2.9696428571428575,15.405357142857143,53.0,56.9,60.6,62.5,59.5,50.7,-3.977272727272717,0.0,0.0,0.27548248,0.0,0.0,0.0,0.0,0.5449073,0.3600201,0.0,0.15334615,0.12618963,0.0,0.25364572,0.2171248,0.0
2002-03,50.7,2.1241935483870966,15.693548387096774,52.8,53.0,56.9,62.1,59.7,48.9,-3.550295857988174,0.0,0.0,0.27570555,0.0,0.0,0.0,0.0,0.5425163,0.3574811,0.0,0.15309924,0.12477618,0.0,0.25079,0.21743838,0.0
2002-04,48.9,2.0883333333333334,14.821666666666665,50.7,52.8,53.0,62.8,59.5,44.8,-8.384458077709613,0.0,0.0,0.2818631,0.0,0.0,0.0,0.0,0.55500627,0.36744285,0.0,0.15597095,0.12855673,0.0,0.2577048,0.22427464,0.0
2002-05,44.8,4.367741935483871,14.687096774193549,48.9,50.7,52.8,60.6,62.0,42.9,-4.241071428571426,0.0,0.0,0.28300133,0.0,0.0,0.0,0.0,0.55416304,0.36561036,0.0,0.15507513,0.1272874,0.0,0.2557518,0.22375806,0.0
2002-06,42.9,3.7733333333333334,15.098333333333333,44.8,48.9,50.7,56.9,62.4,40.6,-5.361305361305354,0.0,0.0,0.28049165,0.0,0.0,0.0,0.0,0.5434839,0.35799235,0.0,0.15350449,0.12429116,0.0,0.24810855,0.22322321,0.0
2002-07,40.6,3.6516129032258067,14.814516129032258,42.9,44.8,48.9,53.0,62.9,40.1,-1.231527093596059,0.0,0.0,0.2874174,0.0,0.0,0.0,0.0,0.5560429,0.37138313,0.0,0.15873274,0.13124722,0.0,0.25691542,0.23464406,0.0
2002-08,40.1,2.585483870967742,15.827419354838709,40.6,42.9,44.8,52.8,62.5,41.6,3.7406483790523692,0.0,0.0,0.29197323,0.0,0.0,0.0,0.0,0.56349874,0.38093004,0.0,0.16253075,0.13617346,0.0,0.26240164,0.24381527,0.0
2002-09,41.6,1.8216666666666665,15.568333333333333,40.1,40.6,42.9,50.7,62.1,42.9,3.124999999999993,0.0,0.0,0.29061294,0.0,0.0,0.0,0.0,0.5579312,0.3767086,0.0,0.16032133,0.13334878,0.0,0.25711775,0.24451452,0.0
2002-10,42.9,3.6806451612903226,13.693548387096774,41.6,40.1,40.6,48.9,62.8,45.5,6.060606060606064,0.0,0.0,0.29492417,0.0,0.0,0.0,0.0,0.57125634,0.39062068,0.0,0.1631591,0.1372965,0.0,0.26604733,0.25443488,0.0
2002-11,45.5,3.2233333333333336,13.568333333333333,42.9,41.6,40.1,44.8,60.6,49.3,8.351648351648345,0.0,0.0,0.29181415,0.0,0.0,0.0,0.0,0.5634213,0.38739902,0.0,0.16181009,0.13610077,0.0,0.26243937,0.25442466,0.0
2002-12,49.3,2.582258064516129,13.64516129032258,45.5,42.9,41.6,42.9,56.9,51.3,4.056795131845842,0.0,0.0,0.29225102,0.0,0.0,0.0,0.0,0.56359315,0.39143586,0.0,0.16308741,0.13925539,0.0,0.26589465,0.25644422,0.0
2003-01,51.3,1.85,14.329032258064515,49.3,45.5,42.9,40.6,53.0,53.1,3.50877192982457,0.0,0.0,0.29162,0.0,0.0,0.0,0.0,0.5622827,0.3937684,0.0,0.16335475,0.1419837,0.0,0.26930192,0.25558406,0.0
2003-02,53.1,1.582142857142857,15.055357142857144,51.3,49.3,45.5,40.1,52.8,53.7,1.1299435028248614,0.0,0.0,0.28563344,0.0,0.0,0.0,0.0,0.55351764,0.389815,0.0,0.1603897,0.14116015,0.0,0.26922023,0.2505032,0.0
2003-03,53.7,2.4919354838709675,16.14677419354839,53.1,51.3,49.3,41.6,50.7,52.7,-1.8621973929236497,0.0,0.0,0.28076315,0.0,0.0,0.0,0.0,0.54848164,0.38755608,0.0,0.15731065,0.13971443,0.0,0.26967525,0.24637504,0.0
2003-04,52.7,1.65,15.866666666666667,53.7,53.1,51.3,42.9,48.9,52.6,-0.18975332068311465,0.0,0.0,0.27980345,0.0,0.0,0.0,0.0,0.5525526,0.3915382,0.0,0.15643784,0.13957042,0.0,0.2727126,0.24780767,0.0
2003-05,52.6,3.6193548387096777,14.974193548387097,52.7,53.7,53.1,45.5,44.8,52.6,0.0,0.0,0.0,0.28209403,0.0,0.0,0.0,0.0,0.56194204,0.39741266,0.0,0.15695381,0.14005655,0.0,0.27693462,0.25025588,0.0
2003-06,52.6,3.4116666666666666,15.861666666666668,52.6,52.7,53.7,49.3,42.9,53.2,1.1406844106463905,0.0,0.0,0.2803872,0.0,0.0,0.0,0.0,0.5550839,0.38783497,0.0,0.15363774,0.13649566,0.0,0.2689247,0.244488,0.0
2003-07,53.2,2.4016129032258067,15.230645161290322,52.6,52.6,52.7,51.3,40.6,53.6,0.7518796992481176,0.0,0.0,0.28025463,0.0,0.0,0.0,0.0,0.5520886,0.3811913,0.0,0.15175147,0.13370642,0.0,0.26261315,0.24144046,0.0
2003-08,53.6,1.0193548387096774,16.864516129032257,53.2,52.6,52.6,53.1,40.1,55.2,2.9850746268656745,0.0,0.0,0.28000203,0.0,0.0,0.0,0.0,0.54904413,0.37414673,0.0,0.15015344,0.13044381,0.0,0.25655946,0.23725529,0.0
2003-09,55.2,2.985,15.943333333333333,53.6,53.2,52.6,53.7,41.6,57.6,4.347826086956519,0.0,0.0,0.28021386,0.0,0.0,0.0,0.0,0.55201536,0.37180164,0.0,0.148213,0.12685117,0.0,0.2545175,0.23527403,0.0
2003-10,57.6,2.670967741935484,13.970967741935485,55.2,53.6,53.2,52.7,42.9,58.6,1.7361111111111112,0.0,0.0,0.28408694,0.0,0.0,0.0,0.0,0.561604,0.37658036,0.0,0.14986473,0.12682426,0.0,0.25627097,0.23865311,0.0
2003-11,58.6,3.9316666666666666,13.648333333333333,57.6,55.2,53.6,52.6,45.5,59.7,1.87713310580205,0.0,0.0,0.28546798,0.0,0.0,0.0,0.0,0.5591997,0.37027857,0.0,0.14933455,0.124564566,0.0,0.2512179,0.23303698,0.0
2003-12,59.7,3.129032258064516,14.038709677419355,58.6,57.6,55.2,52.6,49.3,60.9,2.010050251256274,0.0,0.0,0.2864472,0.0,0.0,0.0,0.0,0.5557903,0.36670044,0.0,0.15087418,0.12530608,0.0,0.24917085,0.22900322,0.0
2004-01,60.9,2.391935483870968,15.26774193548387,59.7,58.6,57.6,53.2,51.3,64.3,5.582922824302132,0.0,0.0,0.28752625,0.0,0.0,0.0,0.0,0.5563361,0.36864802,0.0,0.1536621,0.12879866,0.0,0.25272447,0.22753839,0.0
2004-02,64.3,5.677586206896552,13.967241379310344,60.9,59.7,58.6,53.6,53.1,65.2,1.3996889580093401,0.0,0.0,0.28900713,0.0,0.0,0.0,0.0,0.5626175,0.37604594,0.0,0.15638293,0.13311951,0.0,0.26041153,0.22939736,0.0
2004-03,65.2,1.4064516129032258,14.238709677419354,64.3,60.9,59.7,55.2,53.7,65.8,0.9202453987729974,0.0,0.0,0.2902746,0.0,0.0,0.0,0.0,0.5666849,0.38484383,0.0,0.16150452,0.13905944,0.0,0.2668892,0.23537292,0.0
2004-04,65.8,1.8533333333333333,14.428333333333335,65.2,64.3,60.9,57.6,52.7,67.8,3.0395136778115504,0.0,0.0,0.28363875,0.0,0.0,0.0,0.0,0.55879766,0.38119775,0.0,0.16044736,0.1386396,0.0,0.26776895,0.2308027,0.0
2004-05,67.8,2.7467741935483874,15.42741935483871,65.8,65.2,64.3,58.6,52.6,70.7,4.277286135693224,0.0,0.0,0.27922088,0.0,0.0,0.0,0.0,0.5576753,0.38357392,0.0,0.16041692,0.13986965,0.0,0.27299964,0.22917746,0.0
2004-06,70.7,2.838333333333333,15.435,67.8,65.8,65.2,59.7,52.6,72.6,2.687411598302675,0.0,0.0,0.27373376,0.0,0.0,0.0,0.0,0.54853094,0.37480092,0.0,0.15625419,0.13536745,0.0,0.26755404,0.22132647,0.0
2004-07,72.6,2.174193548387097,14.672580645161291,70.7,67.8,65.8,60.9,53.2,72.7,0.13774104683196767,0.0,0.0,0.26722583,0.0,0.0,0.0,0.0,0.5382244,0.36444065,0.0,0.15178956,0.12937345,0.0,0.260068,0.21415536,0.0
2004-08,72.7,3.488709677419355,15.27741935483871,72.6,70.7,67.8,64.3,53.6,73.3,0.8253094910591393,0.0,0.0,0.26475084,0.0,0.0,0.0,0.0,0.5379882,0.3628931,0.0,0.1506938,0.12783343,0.0,0.26034322,0.21117164,0.0
2004-09,73.3,2.488333333333333,15.163333333333332,72.7,72.6,70.7,65.2,55.2,73.8,0.6821282401091405,0.0,0.0,0.2635985,0.0,0.0,0.0,0.0,0.5430783,0.36795366,0.0,0.15211721,0.12961546,0.0,0.2654632,0.21436593,0.0
2004-10,73.8,4.377419354838709,13.551612903225807,73.3,72.7,72.6,65.8,57.6,75.1,1.7615176151761478,0.0,0.0,0.25915292,0.0,0.002277915,0.0,0.0,0.5369971,0.36026597,0.0,0.14935721,0.12524578,0.0,0.26057607,0.20872188,0.0
2004-11,75.1,1.9549999999999998,14.036666666666667,73.8,73.3,72.7,67.8,58.6,75.8,0.9320905459387522,0.0,0.0,0.26123527,0.0,0.004034103,0.0,0.0,0.53943324,0.36152723,0.0,0.15191856,0.12706017,0.0,0.2619113,0.20806965,0.0
2004-12,75.8,3.4370967741935483,13.069354838709677,75.1,73.8,73.3,70.7,59.7,76.2,0.5277044854881342,0.0,0.0,0.25689882,0.0,0.012219057,0.0057667745,0.0,0.5293171,0.35061747,0.0,0.14947988,0.122988634,0.0,0.25614187,0.19752212,0.0
2005-01,76.2,2.0548387096774197,15.40967741935484,75.8,75.1,73.8,72.6,60.9,76.7,0.6561679790026247,0.0,0.0,0.2518381,0.0,0.016218873,0.020697985,0.001004993,0.5184143,0.34271348,0.0,0.14878736,0.12128181,0.0,0.25285423,0.18941955,0.0
2005-02,76.7,1.3,15.232142857142858,76.2,75.8,75.1,72.7,64.3,77.0,0.3911342894393705,0.0,0.0,0.24696186,0.0,0.020484291,0.02764526,0.0024096686,0.513051,0.33859864,0.0,0.14701103,0.11955168,0.0,0.25273952,0.1844777,0.0
2005-03,77.0,1.9854838709677418,16.654838709677417,76.7,76.2,75.8,73.3,65.2,76.2,-1.0389610389610353,0.0,0.0,0.23109825,0.0,0.041030638,0.07897325,0.0010570604,0.47914252,0.30544126,0.0,0.13540277,0.09969316,0.0,0.22601691,0.16208322,0.0
2005-04,76.2,1.775,15.341666666666667,77.0,76.7,76.2,73.8,65.8,76.5,0.39370078740157105,0.0,0.0,0.2380854,0.0,0.042373408,0.07323132,0.0011545438,0.49803007,0.31850293,0.0,0.13649082,0.103895344,0.0,0.23643696,0.16767944,0.0
2005-05,76.5,3.9403225806451614,15.003225806451614,76.2,77.0,76.7,75.1,67.8,76.4,-0.13071895424835858,0.0,0.0,0.24173671,0.0,0.046386622,0.07666606,0.0016636532,0.5079992,0.32371917,0.0,0.13617139,0.10479147,0.0,0.24068677,0.16889353,0.0
2005-06,76.4,2.6599999999999997,15.533333333333333,76.5,76.2,77.0,75.8,70.7,77.1,0.9162303664921316,0.0,0.0,0.23951818,0.0,0.051692054,0.08950906,0.0,0.5014669,0.3161078,0.0,0.13383351,0.099801764,0.0,0.23295489,0.16575341,0.0
2005-07,77.1,2.693548387096774,15.80967741935484,76.4,76.5,76.2,76.2,72.6,78.3,1.5564202334630388,0.0,0.0,0.23792282,0.0,0.056813627,0.1010832,0.0,0.4971955,0.3096135,0.0,0.1322169,0.09550545,0.0,0.22681698,0.16330205,0.0
2005-08,78.3,2.1048387096774195,16.056451612903224,77.1,76.4,76.5,76.7,72.7,78.7,0.5108556832694837,0.0,0.0,0.24400789,0.0,0.05691192,0.09963693,0.0,0.50883764,0.31653166,0.0,0.13436629,0.09826489,0.0,0.23108543,0.16763483,0.0
2005-09,78.7,2.95,16.133333333333333,78.3,77.1,76.4,77.0,73.3,78.5,-0.25412960609911417,0.0,0.0,0.24056847,0.0,0.0666251,0.12182953,0.0,0.5007837,0.30570197,0.0,0.13043852,0.08967477,0.0,0.22006603,0.16184749,0.0
2005-10,78.5,5.259677419354839,15.317741935483872,78.7,78.3,77.1,76.2,73.8,78.0,-0.6369426751592357,0.0,0.0,0.24456465,0.0,0.069496244,0.12705714,0.0,0.50813913,0.30876794,0.0,0.13096268,0.08880448,0.00038455252,0.21978617,0.16423078,0.0
2005-11,78.0,1.7683333333333333,13.646666666666667,78.5,78.7,78.3,76.5,75.1,76.9,-1.410256410256403,0.0,0.0,0.24567519,0.0,0.07850728,0.15921874,0.0,0.49937332,0.29667997,0.0,0.13036661,0.078872636,0.043029394,0.20311043,0.15969189,0.0
2005-12,76.9,3.603225806451613,14.074193548387097,78.0,78.5,78.7,76.4,75.8,74.3,-3.381014304291298,0.0,0.0,0.25342408,0.0,0.07209647,0.1481081,0.0,0.5155919,0.31056198,0.0,0.13730294,0.08856944,0.017702665,0.21639213,0.16532429,0.0
2006-01,74.3,2.2758064516129033,14.845161290322581,76.9,78.0,78.5,77.1,76.2,74.5,0.2691790040376889,0.0,0.0,0.25478497,0.0,0.07261456,0.159053,0.0,0.5133407,0.30913135,0.0,0.13974068,0.08897336,0.022622183,0.21529582,0.16214202,0.0
2006-02,74.5,1.5767857142857142,14.742857142857144,74.3,76.9,78.0,78.3,76.7,73.1,-1.8791946308724907,0.0,0.0,0.2549611,0.0,0.06628322,0.14458759,0.0,0.5167344,0.31524628,0.0,0.14269683,0.09456429,0.0,0.22365133,0.16475913,0.0
2006-03,73.1,2.896774193548387,14.26290322580645,74.5,74.3,76.9,78.7,77.0,71.6,-2.051983584131327,0.0,0.0,0.2588352,0.0,0.056767426,0.11770075,0.0,0.53018343,0.33049735,0.0,0.14653714,0.1052261,0.0,0.24041232,0.17121309,0.0
2006-04,71.6,2.83,15.125,73.1,74.5,74.3,78.5,76.2,71.3,-0.4189944134078173,0.0,0.0,0.2538118,0.0,0.051945463,0.10420412,0.00016238866,0.5234921,0.32968268,0.0,0.14596963,0.10700146,0.0,0.2430106,0.17098878,0.0
2006-05,71.3,4.0532258064516125,14.62258064516129,71.6,73.1,74.5,78.0,76.5,71.0,-0.42075736325385293,0.0,0.0,0.25590643,0.0,0.04522117,0.086120576,0.0022475813,0.5290785,0.33691436,0.0,0.14774857,0.11282207,0.0,0.25111085,0.1754616,0.0
2006-06,71.0,1.655,15.291666666666666,71.3,71.6,73.1,76.9,76.4,71.3,0.42253521126760163,0.0,0.0,0.24961251,0.0,0.04764401,0.0985921,0.0007494758,0.5108355,0.32170618,0.0,0.14404352,0.10586216,0.0,0.23795807,0.1689134,0.0
2006-07,71.3,2.4516129032258065,16.85967741935484,71.0,71.3,71.6,74.3,77.1,70.3,-1.4025245441795233,0.0,0.0,0.2475831,0.0,0.04605679,0.09321704,0.0006973678,0.5078418,0.3194507,0.0,0.14278479,0.105386876,0.0,0.23731081,0.16894457,0.0
2006-08,70.3,2.2435483870967743,15.45,71.3,71.0,71.3,74.5,78.3,70.3,0.0,0.0,0.0,0.248367,0.0,0.045693215,0.087256536,0.0,0.51036984,0.31999007,0.0,0.14063762,0.10371088,0.0,0.23578222,0.17197157,0.0
2006-09,70.3,3.1566666666666667,16.568333333333335,70.3,71.3,71.0,73.1,78.7,71.9,2.275960170697025,0.0,0.0,0.251579,0.0,0.042185973,0.07329265,0.0,0.51892453,0.3267685,0.0,0.1410174,0.10598618,0.0,0.23958783,0.17817141,0.0
2006-10,71.9,3.1306451612903223,14.899999999999999,70.3,70.3,71.3,71.6,78.5,75.4,4.867872044506258,0.0,0.0,0.253557,0.0,0.04234658,0.06994385,0.0,0.5219651,0.32701263,0.0,0.13957798,0.10368203,0.0,0.2360635,0.18185934,0.0
2006-11,75.4,3.256666666666667,13.58,71.9,70.3,70.3,71.3,78.0,81.7,8.355437665782489,0.0,0.0,0.24544585,0.0,0.053866785,0.10284137,0.0,0.49837944,0.30306134,0.0,0.13282987,0.087868854,0.0,0.21178584,0.17117259,0.0
2006-12,81.7,3.4370967741935483,13.48709677419355,75.4,71.9,70.3,71.0,76.9,84.2,3.0599755201958385,0.0,0.0,0.25790593,0.0,0.04321386,0.08013084,0.0,0.52288014,0.3250553,0.0,0.1412321,0.10151487,0.0,0.2297622,0.18225437,0.0
2007-01,84.2,2.8774193548387097,15.038709677419355,81.7,75.4,71.9,71.3,74.3,88.3,4.869358669833723,0.0,0.0,0.25587296,0.0,0.04357231,0.08772925,0.0,0.5168378,0.32192752,0.0,0.1422774,0.101642765,0.0,0.22819185,0.17809744,0.0
2007-02,88.3,2.4339285714285714,15.424999999999999,84.2,81.7,75.4,70.3,74.5,91.8,3.9637599093997737,0.0,0.0,0.2568638,0.0,0.04035214,0.078946926,0.0,0.52356863,0.33061412,0.0,0.14515296,0.10734543,0.0,0.23738997,0.18040383,0.0
2007-03,91.8,2.975806451612903,15.754838709677419,88.3,84.2,81.7,70.3,73.1,102.0,11.111111111111114,0.0,0.0,0.26154518,0.0,0.036492124,0.06308158,0.0,0.54118603,0.3481644,0.0,0.14924797,0.11651317,0.0,0.2533757,0.1868737,0.0
2007-04,102.0,1.3883333333333332,16.341666666666665,91.8,88.3,84.2,71.9,71.6,105.3,3.235294117647056,0.0,0.0,0.26230416,0.0,0.04124196,0.07006659,0.0,0.54744494,0.35310966,0.0,0.14903449,0.11746312,0.0,0.25718856,0.18578659,0.0
2007-05,105.3,1.8935483870967742,15.67741935483871,102.0,91.8,88.3,75.4,71.3,121.0,14.909781576448248,0.0,0.0,0.25905284,0.0,0.052574135,0.086838044,0.0,0.5504749,0.35363072,0.0,0.1455574,0.11466795,0.0,0.25886422,0.18039222,0.0
2007-06,121.0,4.123333333333333,15.155,105.3,102.0,91.8,81.7,71.0,135.0,11.570247933884298,0.0,0.0,0.24866106,0.0,0.07450574,0.1323898,0.0,0.5366146,0.3386407,0.0,0.13674603,0.102254055,0.0,0.24693207,0.16406342,0.0
2007-07,135.0,4.933870967741935,15.137096774193548,121.0,105.3,102.0,84.2,71.3,141.5,4.814814814814815,0.0,0.0,0.24812198,0.0,0.08436641,0.14673457,0.0,0.545874,0.3471355,0.0,0.13661987,0.103925444,0.0,0.25471082,0.16161427,0.0
2007-08,141.5,3.8822580645161286,15.238709677419354,135.0,121.0,105.3,88.3,70.3,145.1,2.5441696113074164,0.0,0.0,0.23543163,0.0,0.10366789,0.18475255,0.0,0.5334121,0.3386004,0.0,0.1321802,0.09517593,0.029111682,0.2488316,0.14974067,0.0
2007-09,145.1,2.3016666666666667,15.535,141.5,135.0,121.0,91.8,70.3,148.0,1.9986216402481087,0.0,0.0,0.22491767,0.0,0.12697396,0.23126355,0.0010761339,0.5280503,0.3348314,0.0,0.12942371,0.08819765,0.0738034,0.24817485,0.13709465,0.0
2007-10,148.0,2.329032258064516,15.011290322580646,145.1,141.5,135.0,102.0,71.9,154.0,4.054054054054054,0.0729039,0.0,0.19388832,0.0,0.17132841,0.32169443,0.004482329,0.48974076,0.304102,0.0,0.11683192,0.061554838,0.1712237,0.22616695,0.107702374,0.032136515
2007-11,154.0,1.4383333333333332,14.533333333333333,148.0,145.1,141.5,105.3,75.4,152.6,-0.9090909090909128,0.1640613,0.07769066,0.15883812,0.0,0.22514063,0.4344987,0.011566462,0.44423997,0.2680601,0.0,0.10254799,0.02861104,0.28682712,0.19856873,0.0730624,0.12419102
2007-12,152.6,3.5064516129032257,14.788709677419355,154.0,148.0,145.1,121.0,81.7,150.6,-1.3106159895150722,0.27518985,0.2018136,0.11345924,0.032303177,0.29057053,0.57470375,0.023070322,0.3819154,0.21891199,0.0,0.08547477,0.0,0.4283856,0.16061983,0.029981118,0.23911726
2008-01,150.6,2.664516129032258,16.770967741935483,152.6,154.0,148.0,135.0,84.2,149.9,-0.4648074369189832,0.40083238,0.3488716,0.058357924,0.101266846,0.36238715,0.73402804,0.033678688,0.29812047,0.15298828,0.0,0.06630292,0.0,0.59457576,0.10519708,0.0,0.37024555
2008-02,149.9,1.4068965517241379,16.032758620689656,150.6,152.6,154.0,141.5,88.3,152.6,1.8012008005336815,0.537482,0.50281125,0.0,0.17700186,0.43571773,0.8955425,0.041216783,0.20270453,0.072779536,0.0,0.046533823,0.0,0.774974,0.03916432,0.0,0.5099423
2008-03,152.6,1.8629032258064515,16.09032258064516,149.9,150.6,152.6,145.1,91.8,148.9,-2.424639580602876,0.6709354,0.6496668,0.0,0.24564385,0.5014617,1.0432645,0.047603488,0.10923715,0.0,0.0,0.028044716,0.0,0.94711226,0.0,0.0,0.64154893
2008-04,148.9,2.683333333333333,14.943333333333333,152.6,149.9,150.6,148.0,102.0,144.3,-3.0893216924110103,0.8277286,0.8205484,0.0,0.31962204,0.5676264,1.2015207,0.051545657,0.0,0.0,0.0,0.004361213,0.0,1.1451179,0.0,0.0,0.79000455
2008-05,144.3,1.6096774193548387,15.72258064516129,148.9,152.6,149.9,154.0,105.3,143.9,-0.2772002772002811,0.9059693,0.9041707,0.0,0.35025623,0.5990545,1.2764697,0.054355517,0.0,0.0,0.0,0.0,0.0,1.2416762,0.0,0.0,0.85944337
2008-06,143.9,3.8316666666666666,14.875,144.3,148.9,152.6,152.6,121.0,144.1,0.1389854065323062,0.99237835,0.99173987,0.0,0.38143474,0.6279216,1.3519917,0.05556824,0.0,0.0,0.0,0.0,0.0,1.3483884,0.0,0.0,0.934241
2008-07,144.1,5.514516129032257,15.172580645161291,143.9,144.3,148.9,150.6,135.0,133.5,-7.3560027758501,1.0949756,1.0994447,0.0,0.41413435,0.6578906,1.4353566,0.05252117,0.0,0.0,0.0,0.0,0.0,1.4743726,0.0,0.0,1.0222055
2008-08,133.5,5.245161290322581,15.043548387096775,144.1,143.9,144.3,149.9,141.5,120.5,-9.737827715355806,1.1732221,1.1805648,0.0,0.43550363,0.67922604,1.4939339,0.047931075,0.0,0.0,0.0,0.0,0.0,1.5702119,0.0,0.0,1.0885999
2008-09,120.5,3.0433333333333334,14.971666666666666,133.5,144.1,143.9,152.6,145.1,107.0,-11.20331950207469,1.2050326,1.214435,0.0,0.44381756,0.6867895,1.5160582,0.045451224,0.0,0.0,0.0,0.0,0.0,1.6092012,0.0,0.0,1.1161536
2008-10,107.0,3.1516129032258067,13.801612903225807,120.5,133.5,144.1,148.9,148.0,97.8,-8.598130841121499,1.1940678,1.2047966,0.0,0.4432276,0.67969435,1.5051847,0.045333564,0.0,0.0,0.0,0.0,0.0,1.5948339,0.0,0.0,1.1078855
2008-11,97.8,1.9316666666666664,13.896666666666667,107.0,120.5,133.5,144.3,154.0,94.9,-2.965235173824122,1.1656321,1.180732,0.0,0.43807012,0.66599673,1.4815042,0.044262618,0.0,0.0,0.0,0.0,0.0,1.5572579,0.0,0.0,1.08529
2008-12,94.9,2.238709677419355,13.59032258064516,97.8,107.0,120.5,143.9,152.6,88.2,-7.060063224446789,1.0877289,1.1090977,0.0,0.4212285,0.6351664,1.4202197,0.044422068,0.0,0.0,0.0,0.0,0.0,1.4596859,0.0,0.0,1.0213691
2009-01,88.2,2.6048387096774195,14.783870967741937,94.9,97.8,107.0,144.1,150.6,82.6,-6.349206349206359,1.0452176,1.0719954,0.0,0.4134251,0.611648,1.3786469,0.039910823,0.0,0.0,0.0,0.0,0.0,1.4032116,0.0,0.0,0.9865671
2009-02,82.6,3.7660714285714287,15.442857142857141,88.2,94.9,97.8,133.5,149.9,80.9,-2.058111380145265,0.97046614,1.0042762,0.0,0.39992148,0.57653546,1.3061515,0.034575522,0.0,0.0,0.0,0.0,0.0,1.3076385,0.0,0.0,0.92250854
2009-03,80.9,1.035483870967742,14.811290322580644,82.6,88.2,94.9,120.5,152.6,80.4,-0.6180469715698393,0.8248266,0.86551094,0.0,0.35790238,0.5184711,1.1748172,0.03099251,0.0,0.0,0.0,0.012664403,0.0,1.1306586,0.0,0.0,0.79173124
2009-04,80.4,3.4766666666666666,15.033333333333333,80.9,82.6,88.2,107.0,148.9,83.5,3.855721393034819,0.6579725,0.6915697,0.0,0.29221022,0.44383386,1.0038556,0.025655216,0.015246341,0.0,0.0,0.04580005,0.0,0.9256371,0.0,0.0,0.6335219
2009-05,83.5,3.2193548387096773,13.908064516129032,80.4,80.9,82.6,97.8,144.3,84.7,1.4371257485029976,0.5066135,0.52485883,0.0,0.22030294,0.36937,0.8351577,0.019792246,0.115403965,0.0,0.0,0.070383474,0.0,0.73621756,0.0,0.0,0.48396543
2009-06,84.7,2.933333333333333,14.770000000000001,83.5,80.4,80.9,94.9,143.9,85.1,0.4722550177095531,0.32690182,0.31657225,0.0771791,0.12042831,0.27536803,0.62104154,0.01704652,0.23775442,0.079091795,0.0,0.09550807,0.0,0.50254774,0.050965313,0.017686618,0.30072954
2009-07,85.1,4.622580645161291,14.653225806451612,84.7,83.5,80.4,88.2,144.1,88.0,3.407755581668632,0.22738193,0.19826575,0.11875529,0.064625494,0.21943234,0.49445838,0.013244614,0.2995304,0.13162611,0.0,0.10505515,0.0,0.37301382,0.096074514,0.048630953,0.20034139
2009-08,88.0,3.7145161290322584,15.648387096774194,85.1,84.7,83.5,82.6,133.5,95.1,8.068181818181811,0.17705554,0.14619401,0.13596018,0.040802784,0.18877122,0.42704615,0.0057290588,0.3181964,0.15046044,0.0,0.10785593,0.0,0.31295893,0.10582597,0.06513882,0.15208831
2009-09,95.1,3.14,15.254999999999999,88.0,85.1,84.7,80.9,120.5,102.7,7.991587802313364,0.14060654,0.106548294,0.14945407,0.022581728,0.16700953,0.37761137,0.0,0.3360735,0.16680868,0.0,0.11033085,0.0,0.27150685,0.112933114,0.08025619,0.117092565
2009-10,102.7,3.166129032258065,14.32258064516129,95.1,88.0,85.1,80.4,107.0,113.1,10.126582278481004,0.07505588,0.025403848,0.17555942,0.0,0.13525468,0.2998303,0.0,0.3867059,0.21117893,0.0,0.11844497,0.029124113,0.18724751,0.14754985,0.105277434,0.04997329
2009-11,113.1,4.323333333333333,13.398333333333333,102.7,95.1,88.0,83.5,97.8,112.8,-0.26525198938991795,0.037874438,0.0,0.19167882,0.0,0.12003934,0.2615454,0.0,0.42143103,0.24194653,0.0,0.12430727,0.04708553,0.1386908,0.17129698,0.119152,0.012153028
2009-12,112.8,3.135483870967742,12.406451612903227,113.1,102.7,95.1,84.7,94.9,109.0,-3.368794326241132,0.0,0.0,0.2080287,0.0,0.10278752,0.21820073,0.0,0.4606768,0.2795622,0.0,0.13359694,0.07082004,0.07595837,0.20384932,0.13416132,0.0
2010-01,109.0,2.456451612903226,13.264516129032257,112.8,113.1,102.7,85.1,88.2,101.6,-6.788990825688078,0.0,0.0,0.21431334,0.0,0.093766026,0.19461656,0.004545832,0.48275447,0.30454972,0.0,0.140839,0.08845149,0.030760607,0.2293597,0.13956302,0.0
2010-02,101.6,1.2874999999999999,14.251785714285715,109.0,112.8,113.1,88.0,82.6,101.6,0.0,0.0,0.0,0.20633827,0.0,0.09720867,0.19756101,0.011810325,0.47893807,0.30768445,0.0,0.14139344,0.09271301,0.021236572,0.23872024,0.13314965,0.0
2010-03,101.6,1.6080645161290323,15.035483870967743,101.6,109.0,112.8,95.1,80.9,109.7,7.9724409448819,0.0015882854,0.0,0.18214683,0.0,0.11895535,0.24184968,0.0176602,0.44340694,0.28141394,0.0,0.132412,0.07714211,0.06817275,0.2232154,0.1115059,0.0
2010-04,109.7,1.435,15.978333333333333,101.6,101.6,109.0,102.7,80.4,111.8,1.9143117593436592,0.0,0.0,0.18214275,0.0,0.12139703,0.23598158,0.023796635,0.45320678,0.29146913,0.0,0.13215317,0.08426094,0.053386692,0.23817094,0.11037371,0.0
2010-05,111.8,2.393548387096774,15.167741935483871,109.7,101.6,101.6,113.1,83.5,110.4,-1.2522361359570586,0.057241447,0.0,0.16039468,0.0,0.15090981,0.29466698,0.026459401,0.41984272,0.2617427,0.0,0.11891985,0.06260129,0.12503631,0.21592678,0.08856968,0.022558952
2010-06,110.4,3.853333333333333,15.728333333333333,111.8,109.7,101.6,112.8,84.7,112.8,2.173913043478253,0.110087544,0.033914328,0.14524685,0.0,0.1783436,0.35172966,0.028575512,0.39511025,0.23833904,0.0,0.108228594,0.04380287,0.1923395,0.19632046,0.0703709,0.07395576
2010-07,112.8,3.4000000000000004,15.158064516129032,110.4,111.8,109.7,109.0,85.1,112.3,-0.44326241134751776,0.16120578,0.08718866,0.130109,0.0047556385,0.20483346,0.4086087,0.027307207,0.36806226,0.21252295,0.0,0.09905301,0.022654159,0.26316965,0.1722185,0.055434324,0.12456175
2010-08,112.3,3.8451612903225807,15.325806451612904,112.8,110.4,111.8,101.6,88.0,116.0,3.2947462154942144,0.26403195,0.20999552,0.090499006,0.06686205,0.25668898,0.5282573,0.02373095,0.29623312,0.1489617,0.0,0.08385583,0.0,0.4070041,0.11230056,0.02369993,0.23219869
2010-09,116.0,4.535,15.325,112.3,112.8,110.4,101.6,95.1,121.4,4.6551724137931085,0.34803188,0.3147498,0.05502756,0.11876866,0.30037448,0.6280046,0.018649654,0.23409596,0.09453044,0.0,0.07300919,0.0,0.5261787,0.059603624,0.00027845614,0.32064432
2010-10,121.4,2.0016129032258063,14.609677419354838,116.0,112.3,112.8,109.7,102.7,118.7,-2.224052718286658,0.39704338,0.379015,0.036687642,0.14789914,0.3271311,0.690348,0.013796771,0.20199491,0.06482116,0.0,0.068585694,0.0,0.59885937,0.028049596,0.0,0.37219086
2010-11,118.7,2.006666666666667,13.683333333333334,121.4,116.0,112.3,111.8,113.1,117.4,-1.0951979780960381,0.43083295,0.4198501,0.02418302,0.16417831,0.34635612,0.73464906,0.012816478,0.18610303,0.049292147,0.0,0.06659257,0.0,0.6454467,0.012567205,0.0,0.40781948
2010-12,117.4,2.3725806451612903,12.008064516129032,118.7,121.4,116.0,110.4,112.8,122.8,4.599659284497437,0.4752797,0.47465456,0.0047077443,0.18658233,0.36975917,0.7909393,0.013954299,0.15683232,0.02582546,0.0,0.061301447,0.0,0.70289207,0.0,0.0,0.45522213
2011-01,122.8,4.653225806451613,14.23225806451613,117.4,118.7,121.4,112.8,109.0,130.3,6.1074918566775365,0.47477943,0.48060566,0.0037725568,0.18232775,0.37119454,0.80134857,0.019989422,0.15761523,0.030155167,0.0,0.06404213,0.0,0.69874996,0.0,0.0,0.4558063
2011-02,130.3,2.3910714285714287,16.244642857142857,122.8,117.4,118.7,112.3,101.6,135.8,4.221028396009209,0.46190557,0.47268045,0.008125192,0.17515084,0.3666001,0.79669595,0.024792174,0.16515887,0.0396237,0.0,0.067977935,0.0,0.6809951,0.007294105,0.0,0.44268072
2011-03,135.8,3.204838709677419,15.356451612903227,130.3,122.8,117.4,116.0,101.6,134.5,-0.9572901325478728,0.44280267,0.44378102,0.017054303,0.16253018,0.359563,0.7778548,0.029449591,0.18875045,0.058830027,0.0,0.07213592,0.0,0.6530858,0.029416397,0.0,0.42075896
2011-04,134.5,2.7516666666666665,16.221666666666668,135.8,130.3,122.8,121.4,109.7,134.2,-0.22304832713755493,0.44361135,0.4390828,0.016510902,0.1611127,0.36354178,0.7802301,0.032781318,0.19598791,0.06577449,0.0,0.071034044,0.0,0.65208066,0.037390254,0.0,0.41971973
2011-05,134.2,3.9048387096774193,15.130645161290323,134.5,135.8,130.3,118.7,111.8,135.3,0.819672131147558,0.42938003,0.41076502,0.023424506,0.14895365,0.36037964,0.7604072,0.034551337,0.21780305,0.08411108,0.0,0.070998035,0.0,0.6305563,0.05549686,0.0,0.401996
2011-06,135.3,3.8466666666666662,14.793333333333333,134.2,134.5,135.8,117.4,110.4,133.6,-1.2564671101256593,0.4412891,0.41924715,0.02082063,0.1517015,0.37048584,0.77542996,0.035424665,0.21845998,0.0849552,0.0,0.06787592,0.0,0.64733505,0.05479823,0.0,0.41246706
2011-07,133.6,3.032258064516129,14.662903225806453,135.3,134.2,134.5,122.8,112.8,131.9,-1.2724550898203508,0.51572627,0.5081607,0.0,0.19389549,0.4096885,0.8610846,0.03493461,0.16168249,0.037994917,0.0,0.0565899,0.0,0.7479521,0.011585556,0.0,0.4893292
2011-08,131.9,1.8548387096774193,14.40967741935484,133.6,135.3,134.2,130.3,112.3,127.1,-3.63912054586809,0.5712743,0.5727127,0.0,0.22233671,0.4384021,0.92482406,0.03571006,0.12249153,0.004997363,0.0,0.04923711,0.0,0.82125604,0.0,0.0,0.5454561
2011-09,127.1,2.235,14.865,131.9,133.6,135.3,135.8,116.0,126.2,-0.7081038552320941,0.65315497,0.665674,0.0,0.26395738,0.47576275,1.0114993,0.036759533,0.060202345,0.0,0.0,0.03708035,0.0,0.9248306,0.0,0.0,0.62717026
2011-10,126.2,3.853225806451613,15.156451612903227,127.1,131.9,133.6,134.5,121.4,125.1,-0.871632329635506,0.75258666,0.7749335,0.0,0.31204554,0.5154032,1.1083192,0.036223352,0.0,0.0,0.0,0.019601578,0.0,1.047894,0.0,0.0,0.72367394
2011-11,125.1,2.6333333333333333,14.608333333333333,126.2,127.1,131.9,134.2,118.7,122.0,-2.4780175859312505,0.74310315,0.7636174,0.0,0.30620658,0.5134204,1.1032462,0.03752125,0.0,0.0,0.0,0.022176025,0.0,1.035694,0.0,0.0,0.71306497
2011-12,122.0,4.038709677419355,13.829032258064515,125.1,126.2,127.1,135.3,117.4,120.3,-1.3934426229508219,0.7356816,0.75358117,0.0,0.3001286,0.51136684,1.1011846,0.040204264,0.008766739,0.0,0.0,0.0257976,0.0,1.0269225,0.0,0.0,0.7052004
2012-01,120.3,3.1274193548387097,14.319354838709677,122.0,125.1,126.2,133.6,122.8,121.2,0.7481296758104785,0.7280287,0.7480086,0.0,0.29405886,0.5091147,1.10452,0.043991707,0.02096372,0.0,0.0,0.02944893,0.0,1.0198604,0.0,0.0,0.6982954
2012-02,121.2,1.6948275862068964,14.908620689655173,120.3,122.0,125.1,131.9,130.3,118.1,-2.5577557755775646,0.79682404,0.82677585,0.0,0.32872415,0.53159267,1.168469,0.043157116,0.0,0.0,0.0,0.016807988,0.0,1.1051601,0.0,0.0,0.7661519
2012-03,118.1,2.4096774193548387,15.78225806451613,121.2,120.3,122.0,127.1,135.8,112.5,-4.7417442845046525,0.7723281,0.80111194,0.0,0.32197282,0.5185377,1.1389186,0.042085566,0.0,0.0,0.0,0.021564506,0.0,1.0724045,0.0,0.0,0.7423424
2012-04,112.5,2.2383333333333337,14.408333333333333,118.1,121.2,120.3,126.2,134.5,105.5,-6.222222222222222,0.7569108,0.7816234,0.0,0.31859824,0.5096887,1.118087,0.040131494,0.0,0.0,0.0,0.022695484,0.0,1.0516797,0.0,0.0,0.7271261
2012-05,105.5,2.070967741935484,14.71774193548387,112.5,118.1,121.2,125.1,134.2,102.3,-3.0331753554502394,0.7288807,0.75106263,0.0,0.3084685,0.4956684,1.0833932,0.037809215,0.0,0.0,0.0,0.02607489,0.0,1.0147561,0.0,0.0,0.7001712
2012-06,102.3,5.376666666666667,14.253333333333334,105.5,112.5,118.1,122.0,135.3,99.7,-2.5415444770283426,0.7350558,0.7568264,0.0,0.31396922,0.49370992,1.0818571,0.03464544,0.0,0.0,0.0,0.02279884,0.0,1.0215712,0.0,0.0,0.7070086
2012-07,99.7,4.301612903225807,14.741935483870968,102.3,105.5,112.5,120.3,133.6,102.0,2.306920762286858,0.7193808,0.74815136,0.0,0.3111444,0.48432028,1.0647863,0.030736344,0.0,0.0,0.0,0.02380091,0.0,1.0042948,0.0,0.0,0.6941252
2012-08,102.0,3.9467741935483875,16.08225806451613,99.7,102.3,105.5,121.2,131.9,111.0,8.823529411764707,0.6675053,0.6990977,0.0,0.2909001,0.4591821,1.0120124,0.027046407,0.008090013,0.0,0.0,0.034574844,0.0,0.9433387,0.0,0.0,0.6454973
2012-09,111.0,2.631666666666667,14.753333333333334,102.0,99.7,102.3,118.1,127.1,114.2,2.8828828828828854,0.56703126,0.5893546,0.0,0.2423675,0.41260913,0.9080373,0.022679595,0.08533769,0.0,0.0,0.055317324,0.0,0.82129955,0.0,0.0,0.5449507
2012-10,114.2,2.140322580645161,13.506451612903225,111.0,102.0,99.7,112.5,126.2,114.9,0.6129597197898449,0.49083403,0.5033691,0.0029280707,0.20121899,0.37508613,0.8237426,0.018912116,0.14534938,0.00954385,0.0,0.06970299,0.0,0.7253065,0.0,0.0,0.4677002
2012-11,114.9,2.0833333333333335,12.913333333333332,114.2,111.0,102.0,105.5,125.1,118.1,2.78503046127066,0.47560278,0.49004796,0.0058946777,0.19434941,0.36582574,0.8037565,0.016873645,0.15003316,0.015023423,0.0,0.07123897,0.0,0.7036463,0.0,0.0,0.45455837
2012-12,118.1,2.864516129032258,14.766129032258064,114.9,114.2,111.0,102.3,122.0,121.0,2.455546147332774,0.41725105,0.42464328,0.027543254,0.1599699,0.33688986,0.73788136,0.019592209,0.1883807,0.05057762,0.0,0.079692475,0.0,0.62223494,0.019399773,0.0,0.39554438
2013-01,121.0,1.7596774193548388,15.541935483870969,118.1,114.9,114.2,99.7,120.3,123.8,2.314049586776857,0.41620758,0.42321035,0.025161285,0.15988371,0.33607,0.736215,0.021296885,0.18582466,0.05146276,0.0,0.077598885,0.0,0.6182456,0.02082666,0.0,0.3959771
2013-02,123.8,0.8107142857142857,16.055357142857144,121.0,118.1,114.9,102.0,121.2,128.0,3.3925686591276274,0.3981252,0.3932611,0.032259867,0.14722249,0.32802805,0.7116406,0.023674296,0.2036286,0.06803666,0.0,0.07738211,0.0,0.5905436,0.037562907,0.0,0.37676224
2013-03,128.0,1.3661290322580646,14.95483870967742,123.8,121.0,118.1,111.0,118.1,140.8,10.000000000000009,0.34488624,0.31103414,0.05792869,0.108707674,0.3043929,0.64259857,0.027885111,0.2575009,0.114072785,0.0,0.08071573,0.0,0.5126255,0.08237364,0.00028336607,0.31828853
2013-04,140.8,3.1599999999999997,14.731666666666666,128.0,123.8,121.0,114.2,112.5,140.0,-0.5681818181818262,0.33923292,0.29037464,0.058608517,0.099622324,0.3051354,0.6284361,0.03145477,0.26795474,0.12646715,0.0,0.07602163,0.0,0.49780032,0.09556071,0.0,0.31002578
2013-05,140.0,3.866129032258064,14.433870967741935,140.8,128.0,123.8,114.9,105.5,140.3,0.2142857142857224,0.3441945,0.28706995,0.058962915,0.09528507,0.3132207,0.63583994,0.03637038,0.2754494,0.13569935,0.0,0.07142296,0.0,0.50160795,0.10492083,0.0,0.31319344
2013-06,140.3,3.0016666666666665,15.138333333333332,140.0,140.8,128.0,118.1,102.3,141.0,0.4989308624376255,0.36843532,0.31406486,0.048479915,0.10445565,0.33103436,0.6694451,0.040594324,0.2637013,0.12922686,0.0,0.06664454,0.0,0.5344628,0.1003724,0.0,0.33690184
2013-07,141.0,1.2548387096774194,17.4,140.3,140.0,140.8,121.0,99.7,145.6,3.2624113475177263,0.51800686,0.49436176,0.0,0.19166383,0.40766275,0.8453822,0.040110275,0.14851658,0.03380312,0.0,0.04499154,0.0,0.7399159,0.014746069,0.0,0.4934613
2013-08,145.6,2.335483870967742,16.14032258064516,141.0,140.3,140.0,123.8,102.0,149.0,2.335164835164839,0.6658233,0.65673304,0.0,0.26933554,0.4773574,1.0053375,0.03868881,0.047636308,0.0,0.0,0.02309265,0.0,0.9358645,0.0,0.0,0.64123505
2013-09,149.0,3.085,15.47,145.6,141.0,140.3,128.0,111.0,153.0,2.684563758389262,0.808869,0.8124673,0.0,0.33526844,0.5379546,1.1477726,0.03672371,0.0,0.0,0.0,0.0,0.0,1.1177721,0.0,0.0,0.7777087
2013-10,153.0,2.543548387096774,15.359677419354838,149.0,145.6,141.0,140.8,114.2,151.9,-0.7189542483660094,0.88245213,0.8889896,0.0,0.3610239,0.5700195,1.2227074,0.038315564,0.0,0.0,0.0,0.0,0.0,1.2102046,0.0,0.0,0.84506303
2013-11,151.9,2.493333333333333,14.148333333333333,153.0,149.0,145.6,140.0,114.9,156.5,3.0283080974325176,0.93277836,0.93903035,0.0,0.37402457,0.59300977,1.2775284,0.042096853,0.0,0.0,0.0,0.0,0.0,1.2738799,0.0,0.0,0.89019334
2013-12,156.5,3.45,14.637096774193548,151.9,153.0,149.0,140.3,118.1,156.2,-0.19169329073483155,0.9779789,0.98678654,0.0,0.3835105,0.6126513,1.327765,0.046294108,0.0,0.0,0.0,0.0,0.0,1.3310152,0.0,0.0,0.9303187
2014-01,156.2,2.609677419354839,14.11774193548387,156.5,151.9,153.0,141.0,121.0,156.4,0.12804097311140658,1.0441316,1.057663,0.0,0.4025946,0.63548243,1.3874521,0.047350504,0.0,0.0,0.0,0.0,0.0,1.4114316,0.0,0.0,0.9873798
2014-02,156.4,3.2142857142857144,15.487499999999999,156.2,156.5,151.9,145.6,123.8,154.8,-1.0230179028132955,1.076504,1.0935735,0.0,0.40959838,0.64661777,1.4161038,0.048307925,0.0,0.0,0.0,0.0,0.0,1.451118,0.0,0.0,1.0138488
2014-03,154.8,1.65,15.861290322580645,156.4,156.2,156.5,149.0,128.0,147.3,-4.844961240310077,1.0831989,1.1014681,0.0,0.41161224,0.6507625,1.4243714,0.050096698,0.0,0.0,0.0,0.0,0.0,1.4589882,0.0,0.0,1.0171845
2014-04,147.3,3.0016666666666665,16.37333333333333,154.8,156.4,156.2,153.0,140.8,141.8,-3.73387644263408,1.0966378,1.1119096,0.0,0.41488343,0.65622157,1.437205,0.05213157,0.0,0.0,0.0,0.0,0.0,1.4762427,0.0,0.0,1.0263401
2014-05,141.8,2.2887096774193547,15.0,147.3,154.8,156.4,151.9,140.0,136.1,-4.019746121297614,1.1281699,1.1398873,0.0,0.4244206,0.6663096,1.4621856,0.051747352,0.0,0.0,0.0,0.0,0.0,1.5149964,0.0,0.0,1.051075
2014-06,136.1,3.191666666666667,16.115,141.8,147.3,154.8,156.5,140.3,130.2,-4.335047759000739,1.1743292,1.1830313,0.0,0.43474442,0.67854893,1.4953743,0.049329482,0.0,0.0,0.0,0.0,0.0,1.5727328,0.0,0.0,1.0886952
2014-07,130.2,2.0629032258064517,15.991935483870968,136.1,141.8,147.3,156.2,141.0,120.6,-7.373271889400917,1.1995606,1.2044433,0.0,0.4420457,0.6845906,1.5122536,0.047594562,0.0,0.0,0.0,0.0,0.0,1.6031426,0.0,0.0,1.1080649
2014-08,120.6,3.7983870967741935,14.901612903225805,130.2,136.1,141.8,156.4,145.6,110.8,-8.126036484245438,1.1896709,1.1922632,0.0,0.44256592,0.6794561,1.5004025,0.046973884,0.0,0.0,0.0,0.0,0.0,1.5894961,0.0,0.0,1.0983293
2014-09,110.8,2.4566666666666666,16.305,120.6,130.2,136.1,154.8,149.0,107.1,-3.3393501805054173,1.1834383,1.1869962,0.0,0.44253898,0.6756427,1.4935399,0.045318425,0.0,0.0,0.0,0.0,0.0,1.5798814,0.0,0.0,1.0932082
2014-10,107.1,2.8306451612903225,14.896774193548387,110.8,120.6,130.2,147.3,153.0,102.6,-4.201680672268908,1.1811403,1.1808282,0.0,0.4452756,0.66956496,1.4860243,0.04308191,0.0,0.0,0.0,0.0,0.0,1.5748905,0.0,0.0,1.0914471
2014-11,102.6,3.165,13.248333333333333,107.1,110.8,120.6,141.8,151.9,98.5,-3.996101364522412,1.1492478,1.1508043,0.0,0.439744,0.6556238,1.4588335,0.041511655,0.0,0.0,0.0,0.0,0.0,1.5329872,0.0,0.0,1.0666792
2014-12,98.5,2.5290322580645164,13.719354838709679,102.6,107.1,110.8,136.1,156.5,92.4,-6.192893401015223,1.098862,1.1071178,0.0,0.42713675,0.6352953,1.4192072,0.04039067,0.0,0.0,0.0,0.0,0.0,1.4694428,0.0,0.0,1.0281765
2015-01,92.4,1.4870967741935484,15.824193548387097,98.5,102.6,107.1,130.2,156.2,95.2,3.0303030303030267,1.0467275,1.0621786,0.0,0.41552523,0.6103797,1.3720744,0.037032895,0.0,0.0,0.0,0.0,0.0,1.4038125,0.0,0.0,0.9875876
2015-02,95.2,1.4178571428571427,15.085714285714285,92.4,98.5,102.6,120.6,156.4,95.1,-0.10504201680673164,0.9537157,0.9725219,0.0,0.39233625,0.5717613,1.2912754,0.034734294,0.0,0.0,0.0,0.0,0.0,1.2908388,0.0,0.0,0.9086385
2015-03,95.1,2.398387096774193,15.48709677419355,95.2,92.4,98.5,110.8,154.8,90.6,-4.731861198738171,0.8619786,0.883331,0.0,0.3658711,0.53183633,1.2026091,0.02969701,0.0,0.0,0.0,0.00044105668,0.0,1.1786232,0.0,0.0,0.8281948
2015-04,90.6,3.1233333333333335,15.611666666666668,95.1,95.2,92.4,107.1,147.3,89.9,-0.7726269315673164,0.70058686,0.7152936,0.0,0.3025375,0.46529514,1.0445955,0.025719589,0.012797037,0.0,0.0,0.03057728,0.0,0.982498,0.0,0.0,0.6768563
2015-05,89.9,4.02741935483871,13.974193548387097,90.6,95.1,95.2,102.6,141.8,87.7,-2.447163515016688,0.59614074,0.60222936,0.0,0.257263,0.415179,0.9268275,0.019492151,0.075333685,0.0,0.0,0.04603907,0.0,0.853586,0.0,0.0,0.57577217
2015-06,87.7,1.7483333333333333,14.978333333333333,89.9,90.6,95.1,98.5,136.1,82.2,-6.271379703534777,0.4617382,0.45471206,0.031691354,0.1867263,0.34885293,0.7770761,0.015902145,0.16638103,0.01848317,0.0,0.06757746,0.0,0.68541235,0.0,0.0,0.4409917
2015-07,82.2,3.146774193548387,14.5,87.7,89.9,90.6,92.4,130.2,79.9,-2.7980535279805316,0.38191953,0.36364132,0.06354108,0.14497703,0.3043518,0.6760088,0.011653071,0.2128518,0.05770368,0.0,0.07793608,0.0,0.58159643,0.02152158,0.0,0.3602798
2015-08,79.9,3.398387096774193,14.92741935483871,82.2,87.7,89.9,95.2,120.6,83.2,4.13016270337922,0.27662247,0.24139588,0.10711322,0.08499156,0.24781913,0.547094,0.009340691,0.28062916,0.11586333,0.0,0.09176655,0.0,0.44207105,0.07322033,0.03175148,0.2509686
2015-09,83.2,3.4650000000000003,14.423333333333334,79.9,82.2,87.7,95.1,110.8,88.0,5.769230769230766,0.24146998,0.20544405,0.12128643,0.0684367,0.22586872,0.502128,0.0048130136,0.2959063,0.12891784,0.0,0.09610813,0.0,0.39925978,0.08143158,0.044127963,0.21628453
2015-10,88.0,1.3790322580645162,14.670967741935485,83.2,79.9,82.2,90.6,107.1,80.5,-8.522727272727272,0.18983793,0.15120262,0.13781147,0.04203397,0.19677131,0.4377324,0.0015368336,0.32065585,0.15165988,0.0,0.103122875,0.0,0.3322709,0.10044278,0.061859265,0.16417517
2015-11,80.5,4.0633333333333335,14.618333333333334,88.0,83.2,79.9,89.9,102.6,81.0,0.6211180124223602,0.15566193,0.1099764,0.1494409,0.022678278,0.17802827,0.3949518,0.0012204964,0.34194878,0.17048056,0.0,0.10696516,4.6399888e-05,0.2849956,0.11732303,0.072862975,0.13013549
2015-12,81.0,4.141935483870968,15.535483870967743,80.5,88.0,83.2,87.7,98.5,79.4,-1.9753086419753016,0.12559801,0.076775335,0.16492786,0.005614735,0.16175659,0.36341664,0.00013685413,0.36363816,0.18849562,0.0,0.11180076,0.012916474,0.24868473,0.13001232,0.08367595,0.100507595
2016-01,79.4,3.5290322580645164,15.488709677419354,81.0,80.5,88.0,82.2,92.4,78.8,-0.7556675062972399,0.0832707,0.027443307,0.18526301,0.0,0.13996394,0.3173843,0.0,0.39649943,0.21510457,0.0,0.11932512,0.031384926,0.19810818,0.15033504,0.101017416,0.057882924
2016-02,78.8,3.518965517241379,15.382758620689655,79.4,81.0,80.5,79.9,95.2,76.7,-2.6649746192893327,0.03299237,0.0,0.20311844,0.0,0.115447395,0.25880495,0.0,0.43089,0.24484415,0.0,0.12738523,0.05174396,0.1342398,0.17469864,0.12182538,0.0068318583
2016-03,76.7,1.567741935483871,15.51774193548387,78.8,79.4,81.0,83.2,95.1,77.1,0.5215123859191545,0.0,0.0,0.2255535,0.0,0.088909805,0.19373563,0.0,0.47520998,0.2833962,0.0,0.13740565,0.076473646,0.058664497,0.20563166,0.14602989,0.0
2016-04,77.1,1.7983333333333333,14.708333333333334,76.7,78.8,79.4,88.0,90.6,72.7,-5.706874189364451,0.0,0.0,0.23566574,0.0,0.0762424,0.1577125,0.0,0.49826878,0.3034172,0.0,0.1412736,0.08805957,0.016711686,0.22175491,0.15869667,0.0
2016-05,72.7,2.9338709677419357,16.511290322580646,77.1,76.7,78.8,80.5,89.9,73.9,1.6506189821182984,0.0,0.0,0.23627949,0.0,0.07362411,0.14733312,0.0,0.50124043,0.306624,0.0,0.14030606,0.08929901,0.00427651,0.22433397,0.16058849,0.0
2016-06,73.9,2.7950000000000004,16.185,72.7,77.1,76.7,81.0,87.7,76.0,2.841677943166433,0.0,0.0,0.24074408,0.0,0.0750118,0.15001541,0.0,0.50539696,0.30690983,0.0,0.13844354,0.087195694,0.011790454,0.2215199,0.1615985,0.0
2016-07,76.0,2.948387096774194,15.479032258064517,73.9,72.7,77.1,79.4,82.2,81.8,7.631578947368417,0.0,0.0,0.2556087,0.0,0.06250493,0.114799,0.0,0.53525144,0.3313935,0.0,0.14402618,0.100467436,0.0,0.24007113,0.17693377,0.0
2016-08,81.8,2.924193548387097,15.779032258064515,76.0,73.9,72.7,78.8,79.9,90.9,11.124694376528128,0.0,0.0,0.26145175,0.0,0.06120417,0.1124253,0.0,0.5432406,0.33563986,0.0,0.14474909,0.10199715,0.0,0.24149904,0.18016572,0.0
2016-09,90.9,3.5083333333333333,15.761666666666667,81.8,76.0,73.9,76.7,83.2,93.8,3.1903190319031807,0.0,0.0,0.26325655,0.0,0.06353371,0.11880019,0.0,0.5444489,0.33414876,0.0,0.14364311,0.1000616,0.0,0.23862083,0.1796436,0.0
2016-10,93.8,2.043548387096774,14.820967741935483,90.9,81.8,76.0,77.1,88.0,94.5,0.746268656716421,0.0,0.0,0.2674421,0.0,0.06474207,0.12242606,0.0,0.55156845,0.3385639,0.0,0.1441183,0.10099248,0.0,0.2396841,0.18112564,0.0
2016-11,94.5,2.865,12.74,93.8,90.9,81.8,72.7,80.5,96.2,1.798941798941802,0.0,0.0,0.2789797,0.0,0.05448253,0.09035691,0.0,0.5826796,0.36796585,0.0,0.15214694,0.1179026,0.0,0.26491222,0.19397445,0.0
2016-12,96.2,1.8758064516129032,14.37258064516129,94.5,93.8,90.9,73.9,81.0,98.6,2.494802494802486,0.0,0.0,0.26894417,0.0,0.06359113,0.11673783,0.0,0.56405294,0.35510558,0.0,0.1485785,0.11283991,0.0,0.25755847,0.17952389,0.0
2017-01,98.6,1.3451612903225807,14.990322580645161,96.2,94.5,93.8,76.0,79.4,99.2,0.608519269776885,0.0,0.0,0.25196725,0.0,0.07766462,0.15028279,0.0010066577,0.53555924,0.3341925,0.0,0.14141369,0.10280529,0.0,0.24570717,0.1602173,0.0
2017-02,99.2,3.2857142857142856,16.35535714285714,98.6,96.2,94.5,81.8,78.8,100.6,1.4112903225806364,0.0,0.0,0.23550698,0.0,0.09336402,0.18327457,0.0057392586,0.5108243,0.31612706,0.0,0.13382305,0.092743576,0.022406545,0.2358307,0.14234935,0.0
2017-03,100.6,5.32258064516129,16.603225806451615,99.2,98.6,96.2,90.9,76.7,100.0,-0.5964214711729565,0.0,0.0,0.2219903,0.0,0.11085771,0.22080581,0.005930518,0.48851943,0.2979459,0.0,0.1257754,0.07962752,0.07004158,0.2212299,0.12787303,0.0
2017-04,100.0,4.656666666666666,15.896666666666667,100.6,99.2,98.6,93.8,77.1,104.8,4.799999999999997,0.0,0.0,0.22705756,0.0,0.11182987,0.21972372,0.0027837977,0.5002179,0.30713454,0.0,0.12802742,0.08278555,0.07164583,0.22661704,0.1333009,0.0
2017-05,104.8,2.717741935483871,16.25967741935484,100.0,100.6,99.2,94.5,72.7,109.7,4.675572519083975,0.0,0.0,0.23573169,0.0,0.1119314,0.2203665,0.0,0.5169298,0.31837952,0.0,0.13324796,0.087686725,0.072644874,0.23332176,0.14041154,0.0
2017-06,109.7,2.1233333333333335,15.945,104.8,100.0,100.6,96.2,73.9,113.9,3.8286235186873316,0.028320754,0.0,0.22408928,0.0,0.13151543,0.26370314,0.0,0.49918213,0.29936305,0.0,0.12867346,0.072016865,0.12782499,0.21631512,0.13057056,0.0
2017-07,113.9,3.4629032258064516,15.883870967741935,109.7,104.8,100.0,98.6,76.0,116.9,2.6338893766461804,0.071704835,0.0,0.21092808,0.0,0.15498291,0.31321636,0.0,0.4814673,0.28092402,0.0,0.12277904,0.054772712,0.18466832,0.20010681,0.11866631,0.033355553
2017-08,116.9,3.5919354838709676,16.166129032258063,113.9,109.7,104.8,99.2,81.8,118.4,1.2831479897348161,0.11805626,0.027994188,0.19803613,0.0,0.18098545,0.37058762,0.0,0.46233138,0.26187935,0.0,0.11667894,0.0353016,0.247575,0.18174557,0.105763555,0.08001779
2017-09,118.4,4.194999999999999,15.495,116.9,113.9,109.7,100.6,90.9,115.4,-2.5337837837837838,0.1595098,0.07559111,0.18548015,0.0,0.20539181,0.42331126,0.0,0.44494745,0.24503587,0.0,0.11155875,0.016927429,0.30478787,0.16533585,0.094846524,0.12219412
2017-10,115.4,3.420967741935484,15.595161290322581,118.4,116.9,113.9,100.0,93.8,111.4,-3.466204506065858,0.20007229,0.12721026,0.17121316,0.009319896,0.22945967,0.47726518,0.0,0.42281953,0.22589102,0.0,0.107121125,0.0,0.36209548,0.14595485,0.083228424,0.16442838
2017-11,111.4,2.9566666666666666,14.94,115.4,118.4,116.9,104.8,94.5,107.3,-3.6804308797127545,0.1892465,0.112450734,0.18063156,0.0,0.22832407,0.47305813,0.0,0.44553512,0.24392012,0.0,0.11235809,0.006960401,0.3475609,0.16280639,0.08839766,0.15141274
2017-12,107.3,2.453225806451613,15.964516129032257,111.4,115.4,118.4,109.7,96.2,106.0,-1.2115563839701744,0.19170214,0.11341854,0.18812498,0.0,0.23291199,0.4878245,0.0,0.46016055,0.25425798,0.0,0.11586495,0.012589483,0.35059434,0.17355548,0.08668046,0.15286756
2018-01,106.0,4.22741935483871,16.756451612903227,107.3,111.4,115.4,113.9,98.6,108.8,2.6415094339622613,0.17133546,0.08286068,0.20077011,0.0,0.22509868,0.468178,0.001200763,0.48650688,0.27565548,0.0,0.121182665,0.028893715,0.31902865,0.19670214,0.09269994,0.1294755
2018-02,108.8,3.0482142857142853,15.026785714285714,106.0,107.3,111.4,116.9,99.2,111.3,2.297794117647059,0.13056378,0.02847185,0.22293897,0.0,0.20654716,0.4229357,0.0019620648,0.5261235,0.30830738,0.0,0.12926795,0.05244021,0.2634619,0.22661164,0.10805771,0.08409919
2018-03,111.3,2.329032258064516,15.129032258064516,108.8,106.0,107.3,118.4,100.6,110.0,-1.1680143755615429,0.15500003,0.059063323,0.21119446,0.0,0.2182843,0.45129716,0.0043663234,0.5045694,0.29005948,0.0,0.12550466,0.04158975,0.2949719,0.2130603,0.09771397,0.10916723
2018-04,110.0,3.7083333333333335,15.58,111.3,108.8,106.0,115.4,100.0,111.4,1.272727272727278,0.25028396,0.17711872,0.1654491,0.023844095,0.26471233,0.5610334,0.0076570213,0.4229343,0.22117724,0.0,0.10893871,0.0,0.421684,0.15439123,0.06253102,0.2108213
2018-05,111.4,2.593548387096774,16.38225806451613,110.0,111.3,108.8,111.4,104.8,112.3,0.8078994614003514,0.32881594,0.27694067,0.12779894,0.076523215,0.3037063,0.65461636,0.009151821,0.354647,0.16393363,0.0,0.09636066,0.0,0.5279717,0.10281524,0.035717655,0.2952385
2018-06,112.3,2.938333333333333,17.331666666666667,111.4,110.0,111.3,107.3,109.7,110.1,-1.9590382902938586,0.33362556,0.2798719,0.12424242,0.080146514,0.30583102,0.6577457,0.009608852,0.35095885,0.16006249,0.0,0.0951834,0.0,0.53289783,0.10116566,0.034962967,0.30025885
2018-07,110.1,2.7225806451612904,17.47741935483871,112.3,111.4,110.0,106.0,113.9,108.5,-1.453224341507715,0.30415887,0.23537205,0.14145283,0.059736542,0.2913328,0.6195722,0.008151503,0.38278997,0.18461837,0.0,0.09799568,0.0,0.49364737,0.12305593,0.047399327,0.26777834
2018-08,108.5,3.643548387096774,16.511290322580646,110.1,112.3,111.4,108.8,116.9,108.3,-0.18433179723502566,0.31146985,0.23462047,0.14369828,0.06213566,0.2951318,0.6237216,0.005120041,0.3866711,0.18485244,0.0,0.09432418,0.0,0.5061096,0.120304145,0.048664123,0.27465907
2018-09,108.3,2.256666666666667,15.655,108.5,110.1,112.3,111.3,118.4,102.8,-5.078485687903971,0.31336585,0.23332073,0.14771172,0.06173382,0.29630017,0.62400675,0.0013239677,0.39076504,0.18650033,0.0,0.092421874,0.0,0.5125923,0.11711725,0.05097173,0.2761977
2018-10,102.8,2.346774193548387,15.30483870967742,108.3,108.5,110.1,110.0,115.4,100.0,-2.7237354085603087,0.32972452,0.2513134,0.14349747,0.06960401,0.30457097,0.6431749,0.00022089714,0.381829,0.17756195,0.0,0.089570284,0.0,0.53608334,0.107090175,0.045992576,0.29404294
2018-11,100.0,3.256666666666667,14.81,102.8,108.3,108.5,111.4,111.4,97.8,-2.200000000000003,0.3270537,0.2483131,0.14577967,0.066185996,0.30297214,0.64068615,0.0009673531,0.38396728,0.17943287,0.0,0.090342276,0.0,0.5310631,0.108998254,0.04544311,0.2913623
2018-12,97.8,5.361290322580645,15.890322580645162,100.0,102.8,108.3,112.3,107.3,100.9,3.1697341513292523,0.31060252,0.2331815,0.15430357,0.055610843,0.29386196,0.6256137,0.0031169634,0.39383945,0.18839511,0.0,0.09456373,0.0,0.5079719,0.1181388,0.04792268,0.27420297
2019-01,100.9,1.2000000000000002,15.930645161290323,97.8,100.0,102.8,110.1,106.0,103.8,2.874132804757177,0.28266326,0.20951161,0.16665642,0.04222879,0.27793106,0.5969406,0.0017860988,0.40719357,0.19979605,0.0,0.10184301,0.0,0.47414976,0.12787314,0.057088047,0.24479175
2019-02,103.8,1.4749999999999999,17.95714285714286,100.9,97.8,100.0,108.5,108.8,105.6,1.734104046242772,0.32986873,0.27058515,0.13957776,0.07653432,0.2989376,0.6490013,0.0019148914,0.35987723,0.15938006,0.0,0.09558906,0.0,0.5364339,0.09418019,0.04099977,0.29671565
2019-03,105.6,3.3048387096774197,17.15,103.8,100.9,97.8,108.3,111.3,106.1,0.4734848484848485,0.32488152,0.25478202,0.14696416,0.07306616,0.2950268,0.63960475,0.0010812213,0.3726285,0.16652496,0.0,0.09462894,0.0,0.5296891,0.100843765,0.045173336,0.29113457
2019-04,106.1,2.955,15.936666666666667,105.6,103.8,100.9,102.8,110.0,106.6,0.4712535344015081,0.28525504,0.19868469,0.17205067,0.046269394,0.2748013,0.5915347,0.0,0.41403246,0.19898991,0.0,0.098265424,0.0,0.47868305,0.1267711,0.06055963,0.24854034
2019-05,106.6,1.7338709677419355,15.966129032258063,106.1,105.6,103.8,100.0,111.4,102.9,-3.4709193245778507,0.29769966,0.21266438,0.16927385,0.053757787,0.28055188,0.6061737,0.0,0.40655765,0.1916439,0.0,0.09481031,0.0,0.49800843,0.11724518,0.056958824,0.26271668
2019-06,102.9,2.953333333333333,15.226666666666667,106.6,106.1,105.6,97.8,112.3,101.1,-1.74927113702625,0.2754544,0.1816264,0.17786251,0.037870623,0.26934633,0.5767942,0.0,0.42476174,0.20756488,0.0,0.096869774,0.0,0.46526662,0.13273188,0.063118815,0.23942722
2019-07,101.1,3.0677419354838706,17.072580645161292,102.9,106.6,106.1,100.9,110.1,100.3,-0.7912957467853582,0.2657597,0.17280056,0.17641433,0.03289086,0.26422703,0.56223434,0.0,0.42283717,0.2095199,0.0,0.09688871,0.0,0.44881126,0.13500997,0.063426174,0.22960037
2019-08,100.3,4.893548387096774,16.24516129032258,101.1,102.9,106.6,103.8,108.5,99.6,-0.6979062811565333,0.25523907,0.15934572,0.17794068,0.027374048,0.25846332,0.5452109,0.0,0.4262031,0.21346702,0.0,0.09747857,0.0,0.43409434,0.13884,0.067264535,0.21798602
2019-09,99.6,3.756666666666667,16.073333333333334,100.3,101.1,102.9,105.6,108.3,100.8,1.2048192771084365,0.26531234,0.17904069,0.17465739,0.03650601,0.26275384,0.5590748,0.0,0.41367498,0.20295858,0.0,0.0968667,0.0,0.45397982,0.12494544,0.06571394,0.22885142
2019-10,100.8,2.8225806451612905,14.458064516129031,99.6,100.3,101.1,106.1,102.8,102.5,1.6865079365079396,0.22268334,0.13163978,0.19606708,0.009723259,0.24088986,0.5130935,0.0,0.4488186,0.23117878,0.0,0.10698875,0.0,0.40089795,0.14848532,0.082019456,0.18334995
2019-11,102.5,3.0366666666666666,14.863333333333333,100.8,99.6,100.3,106.6,100.0,103.5,0.975609756097561,0.19327489,0.10291067,0.20792809,0.0,0.22606921,0.4846672,0.0,0.46920925,0.24907741,0.0,0.11521685,0.014104186,0.36064565,0.16567346,0.09018298,0.15293887
2019-12,103.5,2.9516129032258065,15.37741935483871,102.5,100.8,99.6,102.9,97.8,103.8,0.2898550724637654,0.19594198,0.1132469,0.20540825,0.0,0.2268995,0.4938659,0.0,0.46297666,0.24484797,0.0,0.117041945,0.013197361,0.36338046,0.16381837,0.08620861,0.15718384
2020-01,103.8,1.3564516129032258,16.241935483870968,103.5,102.5,100.8,101.1,100.9,102.8,-0.9633911368015415,0.282651,0.22824362,0.16203679,0.054956555,0.2687915,0.59780115,0.0,0.3836568,0.1792931,0.0,0.10368962,0.0,0.48043394,0.10544217,0.054960348,0.25182492
2020-02,102.8,4.068965517241379,17.489655172413794,103.8,103.5,102.5,100.3,103.8,101.6,-1.167315175097279,0.22920613,0.15692946,0.18193705,0.020830702,0.24197555,0.5317056,0.0010642214,0.42633852,0.21647345,0.0,0.11140307,0.0,0.40161,0.14406891,0.071237564,0.19519006
2020-03,101.6,2.3048387096774197,16.387096774193548,102.8,103.8,103.5,99.6,105.6,95.9,-5.61023622047243,0.18679537,0.10036886,0.19619328,0.0,0.22089075,0.4740726,0.0,0.45563027,0.24323367,0.0,0.11502019,0.013980642,0.3423149,0.16775906,0.087481774,0.14929433
2020-04,95.9,1.675,17.031666666666666,101.6,102.8,103.8,100.8,106.1,94.5,-1.459854014598546,0.19581011,0.10644651,0.190689,0.0019610226,0.22490995,0.47807908,0.0,0.44809613,0.23654203,0.0,0.1113486,0.008274669,0.35379297,0.16099983,0.08600655,0.15850872
2020-05,94.5,1.8935483870967742,16.703225806451613,95.9,101.6,102.8,102.5,106.6,98.3,4.021164021164019,0.18982509,0.08867983,0.1969862,0.0,0.22194237,0.46571144,0.0,0.46065873,0.2447497,0.0,0.11032501,0.013118511,0.34476578,0.16773531,0.09028905,0.15101396
2020-06,98.3,4.671666666666667,16.233333333333334,94.5,95.9,101.6,103.5,102.9,101.8,3.560528992878942,0.14818272,0.027209694,0.21843377,0.0,0.2022104,0.41275916,0.0,0.5008884,0.2772724,0.0,0.1153904,0.036521975,0.2855521,0.1966084,0.10579602,0.10521759
2020-07,101.8,3.5580645161290323,15.537096774193548,98.3,94.5,95.9,103.8,101.1,102.1,0.2946954813359501,0.13943957,0.016357811,0.22878714,0.0,0.19765392,0.4050486,0.0,0.5123888,0.28530574,0.0,0.116838254,0.040958315,0.2785102,0.19981603,0.11047063,0.09503325
2020-08,102.1,4.812903225806451,16.92096774193548,101.8,98.3,94.5,102.8,100.3,102.3,0.19588638589618299,0.1451025,0.028948847,0.22501345,0.0,0.19981824,0.41239682,0.0,0.5030192,0.27731702,0.0,0.116842486,0.036563497,0.2888948,0.19220088,0.108354725,0.10132876
2020-09,102.3,2.243333333333333,16.23,102.1,101.8,98.3,101.6,99.6,104.5,2.150537634408605,0.19824465,0.10188138,0.20608342,0.0,0.224858,0.47791287,0.0,0.46072683,0.23908724,0.0,0.10967685,0.0061720847,0.370514,0.15338793,0.093202986,0.15837845
2020-10,104.5,3.403225806451613,15.19516129032258,102.3,102.1,101.8,95.9,100.8,105.4,0.8612440191387615,0.22309022,0.13534398,0.19683957,0.014809683,0.23735595,0.5100239,0.0,0.44404894,0.22297469,0.0,0.10774569,0.0,0.40731603,0.13743608,0.08689762,0.18571764
2020-11,105.4,4.535,15.29,104.5,102.3,102.1,94.5,102.5,108.7,3.1309297912713445,0.20525411,0.117739394,0.20818764,0.0019149091,0.2294923,0.4974192,0.0,0.46343333,0.23919277,0.0,0.11315341,0.002460468,0.38431558,0.15038253,0.092664294,0.16750883
2020-12,108.7,2.925806451612903,14.38225806451613,105.4,104.5,102.3,98.3,103.5,111.1,2.2079116835326507,0.18620148,0.102792144,0.21684377,0.0,0.22052014,0.48329,0.0,0.47714978,0.2523223,0.0,0.11903464,0.01160885,0.3607907,0.16082127,0.098115295,0.14860412
2021-01,111.1,3.2225806451612904,14.846774193548388,108.7,105.4,104.5,101.8,103.8,112.8,1.5301530153015328,0.16581118,0.08553754,0.22005747,0.0,0.21091788,0.46483666,0.0,0.48657107,0.2639126,0.0,0.12444412,0.022576915,0.33004314,0.1741663,0.100862555,0.12889925
2021-02,112.8,2.876785714285714,16.889285714285712,111.1,108.7,105.4,102.1,102.8,117.2,3.900709219858161,0.10380368,0.01405818,0.23635939,0.0,0.18224195,0.39426753,0.0,0.524974,0.30297166,0.0,0.13520613,0.054443296,0.23888576,0.21397871,0.11725441,0.064506546
2021-03,117.2,3.3370967741935487,16.541935483870965,112.8,111.1,108.7,102.3,101.6,119.0,1.5358361774744003,0.13671874,0.052776456,0.21552332,0.0,0.1985372,0.42671356,0.0,0.4936099,0.27907002,0.0,0.12708868,0.0374504,0.27951422,0.19595858,0.10399743,0.09887763
2021-04,119.0,1.7333333333333334,15.763333333333332,117.2,112.8,111.1,104.5,95.9,121.2,1.8487394957983219,0.11991642,0.026443364,0.22071975,0.0,0.19280602,0.40486303,0.0,0.51080734,0.29570302,0.0,0.1281178,0.047498353,0.25358737,0.21172321,0.109917805,0.079631895
2021-05,121.2,3.553225806451613,15.224193548387097,119.0,117.2,112.8,105.4,94.5,120.1,-0.9075907590759146,0.110360995,0.006270636,0.2209643,0.0,0.19189127,0.3903589,0.0021688454,0.5232198,0.30823764,0.0,0.12800714,0.056028586,0.23286223,0.22712217,0.11177326,0.0675372
2021-06,120.1,2.665,16.636666666666667,121.2,119.0,117.2,108.7,98.3,117.2,-2.414654454621142,0.11163642,0.004385389,0.21802554,0.0,0.19617048,0.39206958,0.006065999,0.5250288,0.31282574,0.0,0.12640107,0.058716785,0.2293111,0.23399754,0.10887048,0.066676565
2021-07,117.2,3.361290322580645,17.62741935483871,120.1,121.2,119.0,111.1,101.8,117.2,0.0,0.1908903,0.09333463,0.18554638,0.0,0.23669319,0.48139757,0.008425111,0.47058916,0.26624557,0.0,0.11076434,0.02345769,0.33493936,0.19487244,0.08044197,0.148685
2021-08,117.2,3.0677419354838706,16.54516129032258,117.2,120.1,121.2,112.8,102.1,119.2,1.7064846416382253,0.23353352,0.13519621,0.1737734,0.0064091682,0.26019603,0.5305405,0.007843941,0.45117754,0.24747217,0.0,0.10226198,0.0055198665,0.39494914,0.17681713,0.068630815,0.19139048
2021-09,119.2,3.615,16.483333333333334,117.2,117.2,120.1,117.2,102.3,122.6,2.8523489932885835,0.33091843,0.2505263,0.13174717,0.066934034,0.31088483,0.6435321,0.0067302,0.37807128,0.18449116,0.0,0.085570395,0.0,0.52956635,0.11795155,0.038445428,0.2941408
2021-10,122.6,5.008064516129032,15.996774193548386,119.2,117.2,117.2,119.0,104.5,127.2,3.7520391517128946,0.3410965,0.2596217,0.13253236,0.06923111,0.31880298,0.6585322,0.005813664,0.38082898,0.18464036,0.0,0.0848877,0.0,0.54565763,0.11675312,0.037965436,0.30311006
2021-11,127.2,2.4016666666666664,16.016666666666666,122.6,119.2,117.2,121.2,105.4,130.4,2.5157232704402537,0.37587395,0.3064076,0.12345167,0.08892392,0.33899012,0.70886415,0.0050849216,0.36140734,0.16630715,0.0,0.08173862,0.0,0.5992388,0.09655963,0.028701268,0.33964044
2021-12,130.4,4.02741935483871,16.480645161290322,127.2,122.6,119.2,120.1,108.7,134.3,2.990797546012274,0.46005908,0.4097196,0.08549005,0.13912979,0.38310096,0.81282705,0.007993352,0.29980898,0.11277228,0.0,0.07064239,0.0,0.7132126,0.048643585,0.0019952785,0.42971113
2022-01,134.3,1.0419354838709676,17.08709677419355,130.4,127.2,122.6,117.2,111.1,145.0,7.967237527922552,0.47162688,0.42415157,0.087051466,0.14260456,0.39194494,0.8362794,0.009796638,0.3033057,0.1141647,0.0,0.070290916,0.0,0.73181623,0.048434317,0.0,0.4414764
2022-02,145.0,5.242857142857143,17.3875,134.3,130.4,127.2,117.2,112.8,149.6,3.1724137931034444,0.5028461,0.45235744,0.07568449,0.15587682,0.4095926,0.87445396,0.0139012,0.2929143,0.103416964,0.0,0.06547131,0.0,0.7709988,0.041938275,0.0,0.47384098
2022-03,149.6,1.9370967741935485,17.753225806451614,145.0,134.3,130.4,119.2,117.2,150.7,0.7352941176470551,0.527396,0.4806055,0.066076584,0.16943061,0.42590412,0.906142,0.014867615,0.27993423,0.09410452,0.0,0.058768082,0.0,0.80444485,0.0308472,0.0,0.49890712
2022-04,150.7,1.8983333333333332,16.805,149.6,145.0,134.3,122.6,119.0,149.7,-0.6635700066357001,0.5681874,0.51889825,0.047638256,0.18781832,0.4494351,0.951375,0.017932123,0.26082957,0.07706512,0.0,0.050494898,0.0,0.85668826,0.017609283,0.0,0.5408626
2022-05,149.7,2.429032258064516,16.993548387096773,150.7,149.6,145.0,127.2,121.2,158.2,5.678022712090849,0.5449513,0.47907525,0.06454454,0.16331476,0.4446081,0.92823005,0.020846955,0.2997901,0.111201465,0.0,0.051691134,0.0,0.824827,0.04987095,0.0,0.5148807
2022-06,158.2,4.505,16.085,149.7,150.7,149.6,130.4,120.1,155.6,-1.6434892541087196,0.59510404,0.5289074,0.044897024,0.18423116,0.47336778,0.9869564,0.027435524,0.273734,0.090411566,0.0,0.04046372,0.0,0.8880915,0.033432905,0.0,0.5654895
2022-07,155.6,5.003225806451613,17.51290322580645,158.2,149.7,150.7,134.3,117.2,153.1,-1.6066838046272494,0.6280255,0.56757814,0.029062375,0.19747198,0.49467158,1.0285023,0.03318154,0.25234777,0.07683867,0.0,0.03292019,0.0,0.9292269,0.022417169,0.0,0.59819835
2022-08,153.1,3.7806451612903227,18.20967741935484,155.6,158.2,149.7,145.0,117.2,152.8,-0.19595035924231413,0.7119658,0.6669958,0.0,0.24307945,0.53640765,1.1211244,0.0393999,0.1855061,0.020431489,0.0,0.019414645,0.0,1.0359225,0.0,0.0,0.68158853
2022-09,152.8,4.641666666666667,16.403333333333332,153.1,155.6,158.2,149.6,119.2,149.2,-2.3560209424083918,0.78651047,0.74923223,0.0,0.27976373,0.57130295,1.2010227,0.045425102,0.13582088,0.0,0.0,0.008636795,0.0,1.1302135,0.0,0.0,0.75291157
2022-10,149.2,6.324193548387097,16.40483870967742,152.8,153.1,155.6,150.7,122.6,147.4,-1.206434316353876,0.8764726,0.85441935,0.0,0.32217723,0.6092106,1.2935832,0.05235219,0.069373496,0.0,0.0,0.0,0.0,1.2392056,0.0,0.0,0.837452
2022-11,147.4,6.441666666666666,15.796666666666665,149.2,152.8,153.1,149.7,127.2,148.6,0.8141112618724482,0.9958605,0.9910885,0.0,0.3753382,0.6512869,1.4045134,0.0602505,0.0,0.0,0.0,0.0,0.0,1.3775753,0.0,0.0,0.9462408
2022-12,148.6,3.653225806451613,14.288709677419355,147.4,149.2,152.8,158.2,130.4,144.7,-2.624495289367433,1.0037283,1.0082716,0.0,0.37886563,0.6559979,1.4212075,0.06324533,0.0,0.0,0.0,0.0,0.0,1.3885272,0.0,0.0,0.9537169
2023-01,144.7,7.08225806451613,15.453225806451613,148.6,147.4,149.2,155.6,134.3,138.7,-4.14651002073255,1.0566225,1.069732,0.0,0.3972064,0.67006457,1.4644623,0.06635404,0.0,0.0,0.0,0.0,0.0,1.4457573,0.0,0.0,1.0005078
2023-02,138.7,4.4678571428571425,16.321428571428573,144.7,148.6,147.4,153.1,145.0,135.3,-2.4513338139870062,0.99229306,1.0160058,0.0,0.37631813,0.6504035,1.422624,0.065023474,0.0,0.0,0.0,0.0,0.0,1.3710507,0.0,0.0,0.94326913
2023-03,135.3,3.866129032258064,15.638709677419355,138.7,144.7,148.6,152.8,149.6,129.3,-4.434589800443459,1.0366069,1.062829,0.0,0.3970299,0.65844965,1.4506586,0.06519334,0.0,0.0,0.0,0.0,0.0,1.4149412,0.0,0.0,0.9820171
2023-04,129.3,2.966666666666667,16.393333333333334,135.3,138.7,144.7,149.2,150.7,121.7,-5.877803557617948,0.94373465,0.97432506,0.0,0.36486182,0.6262293,1.3780241,0.060686596,0.0,0.0,0.0,0.007908445,0.0,1.3065759,0.0,0.0,0.8981117
2023-05,121.7,4.075806451612903,17.200000000000003,129.3,135.3,138.7,147.4,149.7,119.9,-1.4790468364831528,0.81804144,0.8428734,0.0,0.3121973,0.5796776,1.270928,0.054150812,0.08180718,0.0,0.0,0.037329372,0.0,1.1604198,0.0,0.0,0.77901185
2023-06,119.9,3.546666666666667,18.173333333333336,121.7,129.3,135.3,148.6,158.2,119.1,-0.6672226855713188,0.69715583,0.7071502,0.0,0.2544417,0.52931863,1.1532005,0.04569354,0.17529391,0.009101418,0.0,0.06166477,0.0,1.0156951,0.0,0.0,0.6588066
2023-07,119.1,3.680645161290323,15.912903225806453,119.9,121.7,129.3,144.7,155.6,114.3,-4.030226700251887,0.6249591,0.61499685,0.019644158,0.21666482,0.49383172,1.0707092,0.037933804,0.23741439,0.05618757,0.0,0.07226946,0.0,0.9288644,0.007855646,0.0,0.58557886
2023-08,114.3,2.924193548387097,16.198387096774194,119.1,119.9,121.7,138.7,153.1,112.0,-2.01224846894138,0.58867306,0.56978995,0.038054906,0.19832441,0.47282225,1.0211848,0.031960472,0.26015773,0.07368706,0.0,0.07571551,0.0,0.88218546,0.021445744,0.0,0.549352
2023-09,112.0,4.816666666666666,17.63,114.3,119.1,119.9,135.3,152.8,114.6,2.3214285714285663,0.5077891,0.470393,0.076159775,0.15149444,0.42985612,0.9187692,0.023809087,0.31832626,0.12129533,0.0,0.087357655,0.0,0.77603084,0.06526527,0.0064747436,0.46610838
2023-10,114.6,3.6048387096774195,16.229032258064517,112.0,114.3,119.1,129.3,149.2,116.5,1.6579406631762703,0.4470252,0.39431223,0.11226652,0.115997836,0.3956337,0.8418482,0.015354231,0.3669843,0.15864936,0.0,0.09438479,0.0,0.700686,0.09544613,0.028197512,0.40285978
2023-11,116.5,3.6166666666666667,14.905,114.6,112.0,114.3,121.7,147.4,118.7,1.8884120171673842,0.4675795,0.42007622,0.103375025,0.1323005,0.40143618,0.8597782,0.012225198,0.3434911,0.13646851,0.0,0.088964924,0.0,0.73039234,0.07201495,0.021270677,0.42704415
2023-12,118.7,4.846774193548387,15.745161290322581,116.5,114.6,112.0,119.9,148.6,118.7,0.0,0.48992923,0.45344213,0.09091958,0.14939564,0.4085192,0.88330334,0.0114872325,0.3149565,0.11285166,0.0,0.08406709,0.0,0.7599546,0.04796525,0.010849746,0.45399648
2024-01,118.7,3.148387096774193,15.832258064516129,118.7,116.5,114.6,119.1,144.7,120.7,1.6849199663016006,0.37228706,0.31766653,0.15264629,0.07605227,0.3470451,0.7505189,0.005210137,0.4099433,0.19223301,0.0,0.10435935,0.0,0.6092576,0.11789287,0.047101296,0.33123067
2024-02,120.7,2.929310344827586,16.924137931034483,118.7,118.7,116.5,114.3,138.7,124.0,2.7340513670256814,0.4197014,0.38032678,0.12524322,0.110791,0.36749455,0.8040148,0.006767518,0.3598406,0.15140349,0.0,0.09525023,0.0,0.6726076,0.08001129,0.02806209,0.38525525
2024-03,124.0,3.7564516129032257,15.240322580645161,120.7,118.7,118.7,112.0,135.3,123.8,-0.16129032258064746,0.38636202,0.3379728,0.13812697,0.092023686,0.3485689,0.75959605,0.004868323,0.38255516,0.17152531,0.0,0.098667875,0.0,0.6268279,0.09872986,0.037795983,0.3511444
2024-04,123.8,2.9166666666666665,15.841666666666667,124.0,120.7,118.7,114.6,129.3,126.3,2.0193861066235863,0.33482328,0.27641344,0.16020739,0.059385713,0.32168183,0.6975938,0.0047506047,0.42054725,0.20679311,0.0,0.10518645,0.0,0.5556536,0.13022876,0.051024213,0.29735994
2024-05,126.3,2.6193548387096777,16.029032258064515,123.8,124.0,120.7,116.5,121.7,127.9,1.2668250197941477,0.2778826,0.20354865,0.18147199,0.02190198,0.2924583,0.6251914,0.0063062366,0.4627339,0.245945,0.0,0.11247343,0.0,0.4729851,0.16880631,0.06616018,0.23679575
2024-06,127.9,2.5683333333333334,16.018333333333334,126.3,123.8,124.0,118.7,119.9,127.8,-0.07818608287725452,0.2968981,0.22295026,0.16582067,0.03424575,0.30249694,0.64166975,0.010036452,0.4415009,0.23166752,0.0,0.106120154,0.0,0.49251217,0.15947491,0.056003653,0.25710168
2024-07,127.8,3.0661290322580643,16.029032258064515,127.9,126.3,123.8,118.7,119.1,131.3,2.7386541471048624,0.31541988,0.24076346,0.14848524,0.046026044,0.31290114,0.6551891,0.0132820755,0.41929045,0.21743558,0.0,0.09934228,0.0,0.5097931,0.15047073,0.04624375,0.27619147
2024-08,131.3,3.043548387096774,16.730645161290322,127.8,127.9,126.3,120.7,114.3,136.5,3.9603960396039515,0.3337143,0.25735414,0.13933447,0.054805495,0.32374418,0.67459524,0.016872585,0.40676662,0.20922709,0.0,0.093565404,0.0,0.5309551,0.14494239,0.03715036,0.29468527
2024-09,136.5,2.9466666666666668,16.281666666666666,131.3,127.8,127.9,124.0,112.0,138.6,1.5384615384615343,0.34761888,0.26643416,0.13361107,0.060022447,0.33288363,0.68862975,0.019753525,0.4013811,0.20575248,0.0,0.088882744,0.0,0.5470835,0.14407796,0.031143367,0.30781436
2024-10,138.6,2.906451612903226,15.991935483870968,136.5,131.3,127.8,123.8,114.6,139.8,0.8658008658008781,0.4570712,0.39669934,0.07637028,0.12887222,0.389759,0.81269586,0.023096649,0.30892885,0.13003258,0.0,0.06912834,0.0,0.6919222,0.077143885,0.0,0.42364296
2024-11,139.8,2.9949999999999997,15.151666666666667,138.6,136.5,131.3,126.3,116.5,141.2,1.0014306151645045,0.51553065,0.46361783,0.047573414,0.1612573,0.4212238,0.8801365,0.026608469,0.2655704,0.09474608,0.0,0.05869928,0.0,0.7678989,0.046776675,0.0,0.48428148
2024-12,141.2,3.1500000000000004,16.258064516129032,139.8,138.6,136.5,127.9,118.7,143.1,1.3456090651558115,0.568011,0.5256736,0.02298994,0.18794912,0.4492448,0.94409007,0.031723134,0.2281399,0.06488404,0.0,0.05024015,0.0,0.8359492,0.02159277,0.0,0.5385307
2025-01,143.1,2.485483870967742,15.338709677419354,141.2,139.8,138.6,127.8,118.7,147.7,3.214535290006984,0.67650735,0.6522755,0.0,0.24798131,0.49944547,1.0615443,0.03636858,0.14074463,0.0,0.0,0.0320737,0.0,0.9738457,0.0,0.0,0.64885396
2025-02,147.7,2.432142857142857,17.469642857142855,143.1,141.2,139.8,131.3,120.7,148.7,0.6770480704129994,0.7265921,0.70955503,0.0,0.27157164,0.5226969,1.1149932,0.04052545,0.10229668,0.0,0.0,0.02440438,0.0,1.0346575,0.0,0.0,0.6978757
2025-03,148.7,1.1548387096774193,17.57903225806452,147.7,143.1,141.2,136.5,124.0,151.7,2.0174848688634834,0.7790283,0.76277936,0.0,0.2971044,0.5456618,1.1644164,0.043042995,0.065130785,0.0,0.0,0.014874254,0.0,1.0972003,0.0,0.0,0.7469922
2025-04,151.7,4.34,17.75,148.7,147.7,143.1,138.6,123.8,153.6,1.252471984179305,0.8547113,0.8366786,0.0,0.3291892,0.5762431,1.2354022,0.04639084,0.019322734,0.0,0.0,0.0014970591,0.0,1.1889759,0.0,0.0,0.8171707
2025-05,153.6,2.9741935483870967,17.183870967741935,151.7,148.7,147.7,139.8,126.3,155.5,1.2369791666666705,0.9045893,0.88669705,0.0,0.34954822,0.5987768,1.2852523,0.04895459,0.0,0.0,0.0,0.0,0.0,1.250526,0.0,0.0,0.86200273
2025-06,155.5,4.04,16.576666666666668,153.6,151.7,148.7,141.2,127.9,154.6,-0.5787781350482352,0.9425305,0.92324287,0.0,0.3620823,0.6161822,1.3226105,0.051828824,0.0,0.0,0.0,0.0,0.0,1.2983284,0.0,0.0,0.8961486
2025-07,154.6,4.719354838709678,17.066129032258065,155.5,153.6,151.7,143.1,127.8,152.2,-1.5523932729624874,0.9754499,0.9587291,0.0,0.37218577,0.6320026,1.3575157,0.05470282,0.0,0.0,0.0,0.0,0.0,1.3401726,0.0,0.0,0.92556155
2025-08,152.2,2.545161290322581,16.848387096774193,154.6,155.5,153.6,147.7,131.3,147.2,-3.28515111695138,1.0244808,1.01214,0.0,0.38967395,0.6513953,1.4049481,0.057870485,0.0,0.0,0.0,0.0,0.0,1.4001801,0.0,0.0,0.96885437
2025-09,147.2,4.135,15.751666666666667,152.2,154.6,155.5,148.7,136.5,141.7,-3.7364130434782616,1.0687897,1.0574851,0.0,0.4035433,0.66632885,1.4422641,0.059841648,0.0,0.0,0.0,0.0,0.0,1.452959,0.0,0.0,1.0065163
2025-10,141.7,4.388709677419355,15.633870967741935,147.2,152.2,154.6,151.7,138.6,136.2,-3.8814396612561755,1.0919282,1.0852327,0.0,0.40935773,0.674996,1.4649342,0.06081295,0.0,0.0,0.0,0.0,0.0,1.4804103,0.0,0.0,1.025721
2025-11,136.2,4.8116666666666665,16.246666666666666,141.7,147.2,152.2,153.6,139.8,128.2,-5.873715124816447,1.1039749,1.1016804,0.0,0.41222045,0.67860425,1.4779708,0.061655417,0.0,0.0,0.0,0.0,0.0,1.4944166,0.0,0.0,1.0359623
2025-12,128.2,3.2806451612903227,15.746774193548386,136.2,141.7,147.2,155.5,141.2,120.9,-5.694227769110752,1.1074282,1.1084496,0.0,0.41399685,0.678774,1.4851607,0.062885426,0.0,0.0,0.0,0.0,0.0,1.4981145,0.0,0.0,1.038939
2026-01,120.9,5.467741935483871,14.874193548387098,128.2,136.2,141.7,154.6,143.1,119.4,-1.2406947890818858,1.1100638,1.1130345,0.0,0.41593602,0.67571634,1.4858367,0.062442183,0.0,0.0,0.0,0.0,0.0,1.4991993,0.0,0.0,1.0408027
2026-02,119.4,2.9035714285714285,16.366071428571427,120.9,128.2,136.2,152.2,147.7,121.2,1.5075376884422085,1.0716861,1.0818553,0.0,0.40538508,0.661809,1.460959,0.062082186,0.0,0.0,0.0,0.0,0.0,1.452703,0.0,0.0,1.0087804
2026-03,121.2,3.17258064516129,16.741935483870968,119.4,120.9,128.2,147.2,148.7,119.7,-1.2376237623762376,1.017907,1.0289727,0.0,0.39161322,0.63881075,1.4140201,0.059523225,0.0,0.0,0.0,0.0,0.0,1.3873763,0.0,0.0,0.96204054
2026-04,119.7,3.9766666666666666,16.073333333333334,121.2,119.4,120.9,141.7,151.7,119.1,-0.5012531328320873,0.89914095,0.9085927,0.0,0.35015973,0.596001,1.3146851,0.054474525,0.0077168015,0.0,0.0,0.010322162,0.0,1.248359,0.0,0.0,0.8541355
2026-05,119.1,1.614516129032258,16.438709677419357,119.7,121.2,119.4,136.2,153.6,116.9,-1.8471872376154397,0.87406594,0.88495106,0.0,0.34575078,0.58138686,1.284343,0.049465246,0.014347286,0.0,0.0,0.014357902,0.0,1.2150979,0.0,0.0,0.8318642
2026-06,116.9,4.295,16.976666666666667,119.1,119.7,121.2,128.2,155.5,116.6,-0.25662959794697293,0.7790587,0.78064966,0.0,0.30537695,0.54116607,1.1903006,0.042665064,0.08049313,0.0,0.0,0.03349432,0.0,1.1021267,0.0,0.0,0.74270475
2026-07,116.6,1.2419354838709677,17.83225806451613,116.9,119.1,119.7,120.9,154.6,119.2,2.2298456260720485,0.7036292,0.6969581,0.0,0.27176183,0.5074626,1.1114895,0.035042256,0.13428172,0.0,0.0,0.0446988,0.0,1.0129144,0.0,0.0,0.6702583
