date,cereals_price,avg_precipitation,avg_max_temp,price_lag_1,price_lag_2,price_lag_3,price_lag_6,price_lag_12,target_next_price,target_pct_change,transformer_feat_0,transformer_feat_1,transformer_feat_2,transformer_feat_3,transformer_feat_4,transformer_feat_5,transformer_feat_6,transformer_feat_7,transformer_feat_8,transformer_feat_9,transformer_feat_10,transformer_feat_11,transformer_feat_12,transformer_feat_13,transformer_feat_14,transformer_feat_15
1992-01,63.9,1.7086021505376343,7.364516129032258,62.7,60.8,60.6,55.7,53.7,66.5,4.068857589984353,0.0,0.0,0.5587643,0.38004026,0.0,0.0,0.0,0.0,0.6041336,0.0,0.0,0.0,0.8411646,0.0,0.0,0.0
1992-02,66.5,1.4137931034482758,8.426436781609196,63.9,62.7,60.8,58.3,55.2,65.9,-0.9022556390977358,0.0,0.0,0.56462145,0.37618807,0.0,0.0,0.0,0.0,0.6034726,0.0,0.0,0.0,0.8490877,0.0,0.0,0.0
1992-03,65.9,1.564516129032258,14.582795698924732,66.5,63.9,62.7,58.8,57.3,63.0,-4.40060698027315,0.0,0.0,0.5683158,0.37406635,0.0,0.0,0.0,0.0,0.60329515,0.0,0.0,0.0,0.85412025,0.0,0.0,0.0
1992-04,63.0,1.6077777777777778,19.91,65.9,66.5,63.9,60.6,57.6,62.0,-1.5873015873015872,0.0,0.0,0.57393014,0.3694776,0.0,0.0,0.0,0.0,0.6019644,0.0,0.0,0.0,0.8616127,0.0,0.0,0.0
1992-05,62.0,1.4473118279569892,25.81397849462365,63.0,65.9,66.5,60.8,57.2,61.8,-0.3225806451612949,0.0,0.0,0.5791627,0.36139467,0.0,0.0,0.0,0.0,0.5977633,0.0,0.0,0.0,0.86816084,0.0,0.0,0.0
1992-06,61.8,1.6644444444444446,29.842222222222222,62.0,63.0,65.9,62.7,56.5,58.5,-5.339805825242714,0.0,0.0,0.58193815,0.35291672,0.0,0.0,0.0,0.0,0.5922753,0.0,0.0,0.0,0.8711555,0.0,0.0,0.0
1992-07,58.5,4.91505376344086,28.08924731182796,61.8,62.0,63.0,63.9,55.7,56.1,-4.1025641025641,0.0,0.0,0.58662874,0.3477908,0.0,0.0,0.0,0.0,0.59015834,0.0,0.0,0.0,0.8772676,0.0,0.0,0.0
1992-08,56.1,2.770967741935484,28.28924731182796,58.5,61.8,62.0,66.5,58.3,58.3,3.9215686274509727,0.0,0.0,0.57943285,0.3557814,0.0,0.0,0.0,0.0,0.59350467,0.0,0.0,0.0,0.86790556,0.0,0.0,0.0
1992-09,58.3,3.4033333333333333,24.00888888888889,56.1,58.5,61.8,65.9,58.8,58.2,-0.1715265866209165,0.0,0.0,0.58272946,0.35478663,0.0,0.0,0.0,0.0,0.59404534,0.0,0.0,0.0,0.872499,0.0,0.0,0.0
1992-10,58.2,1.3473118279569891,19.788172043010757,58.3,56.1,58.5,63.0,60.6,58.8,1.0309278350515367,0.0,0.0,0.5780968,0.3616372,0.0,0.0,0.0,0.0,0.59752697,0.0,0.0,0.0,0.8666666,0.0,0.0,0.0
1992-11,58.8,2.3466666666666667,11.707777777777778,58.2,58.3,56.1,62.0,60.8,58.5,-0.5102040816326483,0.0,0.0,0.57714987,0.36442384,0.0,0.0,0.0,0.0,0.5993171,0.0,0.0,0.0,0.86563283,0.0,0.0,0.0
1992-12,58.5,0.6763440860215053,7.045161290322581,58.8,58.2,58.3,61.8,62.7,59.1,1.025641025641028,0.0,0.0,0.5747832,0.36319423,0.0,0.0,0.0,0.0,0.59741694,0.0,0.0,0.0,0.86211324,0.0,0.0,0.0
1993-01,59.1,1.2946236559139783,5.2172043010752684,58.5,58.8,58.2,58.5,63.9,58.1,-1.6920473773265652,0.0,0.0,0.57178545,0.36795262,0.0,0.0,0.0,0.0,0.59992296,0.0,0.0,0.0,0.8583762,0.0,0.0,0.0
1993-02,58.1,1.3011904761904762,7.324999999999999,59.1,58.5,58.8,56.1,66.5,57.8,-0.5163511187607647,0.0,0.0,0.56640565,0.3688833,0.0,0.0,0.0,0.0,0.59850186,0.0,0.0,0.0,0.8508011,0.0,0.0,0.0
1993-03,57.8,2.6849462365591394,11.726881720430107,58.1,59.1,58.5,58.3,65.9,57.3,-0.8650519031141869,0.0,0.0,0.5677212,0.36894763,0.0,0.0,0.0,0.0,0.5990765,0.0,0.0,0.0,0.8526868,0.0,0.0,0.0
1993-04,57.3,2.05,19.538888888888888,57.8,58.1,59.1,58.2,63.0,55.4,-3.315881326352528,0.0,0.0,0.5646644,0.3679492,0.0,0.0,0.0,0.0,0.597081,0.0,0.0,0.0,0.8482083,0.0,0.0,0.0
1993-05,55.4,2.3451612903225807,27.10430107526881,57.3,57.8,58.1,58.8,62.0,52.8,-4.6931407942238295,0.0,0.0,0.5677883,0.36912552,0.0,0.0,0.0,0.0,0.5992416,0.0,0.0,0.0,0.852803,0.0,0.0,0.0
1993-06,52.8,4.42,28.442222222222224,55.4,57.3,57.8,58.5,61.8,55.8,5.681818181818183,0.0,0.0,0.56467724,0.36983895,0.0,0.0,0.0,0.0,0.5985561,0.0,0.0,0.0,0.84844244,0.0,0.0,0.0
1993-07,55.8,8.766666666666666,27.468817204301075,52.8,55.4,57.3,59.1,58.5,56.6,1.433691756272409,0.0,0.0,0.5543678,0.3830546,0.0,0.0,0.0,0.0,0.6047254,0.0,0.0,0.0,0.8352314,0.0,0.0,0.0
1993-08,56.6,2.489247311827957,28.320430107526885,55.8,52.8,55.4,58.1,56.1,58.4,3.1802120141342707,0.0,0.0,0.5430355,0.3785781,0.0,0.0,0.0,0.0,0.59672487,0.0,0.0,0.0,0.81853974,0.0,0.0,0.0
1993-09,58.4,3.076666666666666,22.702222222222225,56.6,55.8,52.8,57.8,58.3,61.4,5.136986301369864,0.0,0.0,0.543111,0.37969446,0.0,0.0,0.0,0.0,0.59762335,0.0,0.0,0.0,0.8187751,0.0,0.0,0.0
1993-10,61.4,0.5129032258064516,20.09032258064516,58.4,56.6,55.8,57.3,58.2,66.7,8.631921824104241,0.0,0.0,0.54308265,0.3788997,0.0,0.0,0.0,0.0,0.59699386,0.0,0.0,0.0,0.81864375,0.0,0.0,0.0
1993-11,66.7,0.6155555555555555,10.858888888888888,61.4,58.4,56.6,55.4,58.8,68.9,3.2983508245877107,0.0,0.0,0.54269737,0.37708104,0.0,0.0,0.0,0.0,0.5954255,0.0,0.0,0.0,0.81788594,0.0,0.0,0.0
1993-12,68.9,0.724731182795699,9.109677419354838,66.7,61.4,58.4,52.8,58.5,68.6,-0.4354136429608292,0.0,0.0,0.54089385,0.37439305,0.0,0.0,0.0,0.0,0.5926156,0.0,0.0,0.0,0.81500393,0.0,0.0,0.0
1994-01,68.6,1.2967741935483872,5.049462365591398,68.9,66.7,61.4,55.8,59.1,66.8,-2.6239067055393543,0.0,0.0,0.54299974,0.3740467,0.0,0.0,0.0,0.0,0.59318584,0.0,0.0,0.0,0.8179712,0.0,0.0,0.0
1994-02,66.8,1.5595238095238095,5.789285714285715,68.6,68.9,66.7,56.6,58.1,64.1,-4.041916167664675,0.0,0.0,0.54364485,0.3712633,0.0,0.0,0.0,0.0,0.59127796,0.0,0.0,0.0,0.8185745,0.0,0.0,0.0
1994-03,64.1,0.664516129032258,15.208602150537637,66.8,68.6,68.9,58.4,57.8,62.4,-2.6521060842433632,0.0,0.0,0.5486149,0.36998314,0.0,0.0,0.0,0.0,0.5922638,0.0,0.0,0.0,0.8255246,0.0,0.0,0.0
1994-04,62.4,2.267777777777778,21.202222222222225,64.1,66.8,68.6,61.4,57.3,62.0,-0.6410256410256387,0.0,0.0,0.5546806,0.36239997,0.0,0.0,0.0,0.0,0.5887837,0.0,0.0,0.0,0.83331937,0.0,0.0,0.0
1994-05,62.0,1.4612903225806453,27.016129032258064,62.4,64.1,66.8,66.7,55.4,60.1,-3.064516129032256,0.0,0.0,0.563171,0.3590844,0.0,0.0,0.0,0.0,0.58959,0.0,0.0,0.0,0.8450637,0.0,0.0,0.0
1994-06,60.1,3.602222222222222,29.28777777777778,62.0,62.4,64.1,68.9,52.8,56.0,-6.821963394342764,0.0,0.0,0.5705605,0.34240413,0.0,0.0,0.0,0.0,0.5795615,0.0,0.0,0.0,0.85370994,0.0,0.0,0.0
1994-07,56.0,4.544086021505376,28.16344086021505,60.1,62.0,62.4,68.6,55.8,57.5,2.6785714285714284,0.0,0.0,0.5699776,0.34230372,0.0,0.0,0.0,0.0,0.57925093,0.0,0.0,0.0,0.8528662,0.0,0.0,0.0
1994-08,57.5,3.868817204301076,27.817204301075268,56.0,60.1,62.0,66.8,56.6,60.2,4.695652173913048,0.0,0.0,0.58170617,0.34454668,0.0,0.0,0.0,0.0,0.58567214,0.0,0.0,0.0,0.8698687,0.0,0.0,0.0
1994-09,60.2,2.278888888888889,26.686666666666667,57.5,56.0,60.1,64.1,58.4,61.7,2.491694352159469,0.0,0.0,0.57594436,0.3539688,0.0,0.0,0.0,0.0,0.59070385,0.0,0.0,0.0,0.8627177,0.0,0.0,0.0
1994-10,61.7,1.2634408602150538,20.18709677419355,60.2,57.5,56.0,62.4,61.4,61.1,-0.9724473257698564,0.0,0.0,0.5851379,0.34530547,0.0,0.0,0.0,0.0,0.5876306,0.0,0.0,0.0,0.8748552,0.0,0.0,0.0
1994-11,61.1,1.0255555555555556,13.496666666666668,61.7,60.2,57.5,62.0,66.7,62.7,2.6186579378068764,0.0,0.0,0.5808483,0.34940657,0.0,0.0,0.0,0.0,0.5891104,0.0,0.0,0.0,0.8691987,0.0,0.0,0.0
1994-12,62.7,1.19247311827957,7.065591397849462,61.1,61.7,60.2,60.1,68.9,62.9,0.3189792663476806,0.0,0.0,0.581901,0.35280654,0.0,0.0,0.0,0.0,0.59217477,0.0,0.0,0.0,0.8710899,0.0,0.0,0.0
1995-01,62.9,1.4118279569892471,4.648387096774194,62.7,61.1,61.7,56.0,68.6,62.5,-0.6359300476947514,0.0,0.0,0.5797516,0.35561398,0.0,0.0,0.0,0.0,0.59350157,0.0,0.0,0.0,0.86834157,0.0,0.0,0.0
1995-02,62.5,1.7452380952380953,9.583333333333334,62.9,62.7,61.1,57.5,66.8,62.2,-0.4799999999999954,0.0,0.0,0.57258534,0.36218202,0.0,0.0,0.0,0.0,0.59575325,0.0,0.0,0.0,0.8588595,0.0,0.0,0.0
1995-03,62.2,1.5451612903225809,14.055913978494624,62.5,62.9,62.7,60.2,64.1,62.7,0.8038585209003215,0.0,0.0,0.57410663,0.36288726,0.0,0.0,0.0,0.0,0.5969084,0.0,0.0,0.0,0.8611121,0.0,0.0,0.0
1995-04,62.7,2.7111111111111112,19.628888888888888,62.2,62.5,62.9,61.7,62.4,64.9,3.508771929824566,0.0,0.0,0.57686687,0.3628381,0.0,0.0,0.0,0.0,0.5979707,0.0,0.0,0.0,0.86504763,0.0,0.0,0.0
1995-05,64.9,2.63010752688172,26.2247311827957,62.7,62.2,62.5,61.1,62.0,69.1,6.471494607087809,0.0,0.0,0.57954186,0.35756052,0.0,0.0,0.0,0.0,0.5949321,0.0,0.0,0.0,0.8682644,0.0,0.0,0.0
1995-06,69.1,3.651111111111111,30.371111111111112,64.9,62.7,62.2,62.7,60.1,74.0,7.091172214182354,0.0,0.0,0.5768343,0.35940844,0.0,0.0,0.0,0.0,0.59528995,0.0,0.0,0.0,0.8646095,0.0,0.0,0.0
1995-07,74.0,3.747311827956989,29.28924731182796,69.1,64.9,62.7,62.9,56.0,72.6,-1.8918918918919,0.0,0.0,0.57963735,0.3577062,0.0,0.0,0.0,0.0,0.5950835,0.0,0.0,0.0,0.8684174,0.0,0.0,0.0
1995-08,72.6,5.148387096774194,28.39462365591397,74.0,69.1,64.9,62.5,57.5,75.9,4.545454545454562,0.0,0.0,0.5869358,0.34974602,0.0,0.0,0.0,0.0,0.59180164,0.0,0.0,0.0,0.8779294,0.0,0.0,0.0
1995-09,75.9,5.21,24.37333333333333,72.6,74.0,69.1,62.2,60.2,80.2,5.665349143610008,0.0,0.0,0.5928078,0.34650472,0.0,0.0,0.0,0.0,0.59162164,0.0,0.0,0.0,0.8859433,0.0,0.0,0.0
1995-10,80.2,0.6473118279569893,20.204301075268816,75.9,72.6,74.0,62.7,61.7,80.5,0.3740648379052333,0.0,0.0,0.59519786,0.34430823,0.0,0.0,0.0,0.0,0.5908661,0.0,0.0,0.0,0.8891052,0.0,0.0,0.0
1995-11,80.5,1.0422222222222222,11.43777777777778,80.2,75.9,72.6,64.9,61.1,82.7,2.732919254658389,0.0,0.0,0.6041521,0.33544227,0.0,0.0,0.0,0.0,0.5875398,0.0,0.0,0.0,0.9008777,0.0,0.0,0.0
1995-12,82.7,0.5182795698924731,6.006451612903226,80.5,80.2,75.9,69.1,62.7,83.3,0.7255139056831853,0.0,0.0,0.610372,0.32198733,0.0,0.0,0.0,0.0,0.5795539,0.0,0.0,0.0,0.90822244,0.0,0.0,0.0
1996-01,83.3,1.4946236559139785,2.881720430107527,82.7,80.5,80.2,74.0,62.9,85.7,2.8811524609844006,0.0,0.0,0.6126243,0.3210687,0.0,0.0,0.0,0.0,0.5797373,0.0,0.0,0.0,0.9113333,0.0,0.0,0.0
1996-02,85.7,2.2264367816091952,6.072413793103448,83.3,82.7,80.5,72.6,62.5,86.9,1.400233372228708,0.0,0.0,0.6153631,0.29816526,0.0,0.0,0.0,0.0,0.56301373,0.0,0.0,0.0,0.9126286,0.0,0.0,0.0
1996-03,86.9,1.3774193548387097,11.132258064516128,85.7,83.3,82.7,75.9,62.2,95.3,9.666283084004592,0.0,0.0,0.622846,0.24171221,0.0,0.0,0.0,0.0,0.52208483,0.0,0.0,0.0,0.9168666,0.0,0.0,0.0
1996-04,95.3,1.3477777777777775,21.116666666666667,86.9,85.7,83.3,80.2,62.7,100.0,4.93179433368311,0.0,0.0,0.62369215,0.20020959,0.0,0.0,0.0,0.0,0.49013904,0.0,0.0,0.0,0.9133356,0.0,0.0,0.0
1996-05,100.0,3.8623655913978494,27.053763440860216,95.3,86.9,85.7,80.5,64.9,94.3,-5.700000000000003,0.0,0.0,0.60370815,0.14735654,0.0,0.0,0.0,0.0,0.44105878,0.0,0.0,0.0,0.8787668,0.0,0.0,0.0
1996-06,94.3,3.921111111111111,28.50111111111111,100.0,95.3,86.9,82.7,69.1,91.1,-3.3934252386002157,0.0,0.0,0.61419046,0.13159415,0.0,0.0,0.0,0.0,0.43297735,0.0,0.0,0.0,0.89193374,0.0,0.0,0.0
1996-07,91.1,3.0204301075268813,28.53333333333333,94.3,100.0,95.3,83.3,74.0,85.8,-5.817782656421512,0.0,0.0,0.62795955,0.122147165,0.0,0.0,0.0,0.0,0.431119,0.0,0.0,0.0,0.91051483,0.0,0.0,0.0
1996-08,85.8,4.034408602150537,27.277419354838717,91.1,94.3,100.0,85.7,72.6,75.3,-12.237762237762238,0.0,0.0,0.64320594,0.10031711,0.0,0.0,0.0,0.0,0.42021742,0.0,0.0,0.0,0.92979133,0.0,0.0,0.0
1996-09,75.3,2.9488888888888884,22.76555555555556,85.8,91.1,94.3,86.9,75.9,71.1,-5.577689243027892,0.0,0.0,0.62977123,0.07790866,0.0,0.0,0.0,0.0,0.39743006,0.0,0.0,0.0,0.9080502,0.0,0.0,0.0
1996-10,71.1,1.189247311827957,19.77096774193549,75.3,85.8,91.1,95.3,80.2,67.4,-5.203938115330504,0.0,0.0,0.62035507,0.075422026,0.0,0.0,0.0,0.0,0.3917414,0.0,0.0,0.0,0.89432156,0.0,0.0,0.0
1996-11,67.4,1.3633333333333333,13.23111111111111,71.1,75.3,85.8,100.0,80.5,67.6,0.2967359050444935,0.0,0.0,0.6173318,0.07078923,0.0,0.0,0.0,0.0,0.3869323,0.0,0.0,0.0,0.8894759,0.0,0.0,0.0
1996-12,67.6,0.4612903225806452,6.369892473118279,67.4,71.1,75.3,94.3,82.7,68.1,0.7396449704142012,0.0,0.0,0.6169738,0.112288155,0.0,0.0,0.0,0.0,0.4190698,0.0,0.0,0.0,0.8937033,0.0,0.0,0.0
1997-01,68.1,0.7365591397849462,3.806451612903226,67.6,67.4,71.1,91.1,83.3,68.4,0.4405286343612501,0.0,0.0,0.61506313,0.1328539,0.0,0.0,0.0,0.0,0.4343052,0.0,0.0,0.0,0.89332354,0.0,0.0,0.0
1997-02,68.4,1.2238095238095237,8.132142857142858,68.1,67.6,67.4,85.8,85.7,70.6,3.216374269005831,0.0,0.0,0.6720867,0.18039334,0.0,0.0,0.0,0.0,0.49402076,0.0,0.0,0.0,0.9801716,0.0,0.0,0.0
1997-03,70.6,1.0161290322580645,14.363440860215054,68.4,68.1,67.6,75.3,86.9,70.8,0.283286118980174,0.0,0.0,0.6712027,0.22303665,0.0,0.0,0.0,0.0,0.52683884,0.0,0.0,0.0,0.98377895,0.0,0.0,0.0
1997-04,70.8,3.232222222222222,17.647777777777776,70.6,68.4,68.1,71.1,95.3,68.8,-2.824858757062147,0.0,0.0,0.66522896,0.22543022,0.0,0.0,0.0,0.0,0.5263188,0.0,0.0,0.0,0.97552276,0.0,0.0,0.0
1997-05,68.8,2.3806451612903228,25.017204301075267,70.8,70.6,68.4,67.4,100.0,65.2,-5.232558139534875,0.0,0.0,0.65591276,0.24280235,0.0,0.0,0.0,0.0,0.5361173,0.0,0.0,0.0,0.96420467,0.0,0.0,0.0
1997-06,65.2,3.5188888888888887,28.612222222222226,68.8,70.8,70.6,67.6,94.3,62.4,-4.294478527607368,0.0,0.0,0.643078,0.26917237,0.0,0.0,0.0,0.0,0.5515119,0.0,0.0,0.0,0.9488899,0.0,0.0,0.0
1997-07,62.4,5.453763440860215,28.353763440860217,65.2,68.8,70.8,68.1,91.1,65.7,5.288461538461545,0.0,0.0,0.63178545,0.29168606,0.0,0.0,0.0,0.0,0.56452173,0.0,0.0,0.0,0.93533695,0.0,0.0,0.0
1997-08,65.7,4.963440860215054,26.670967741935485,62.4,65.2,68.8,68.4,85.8,65.1,-0.913242009132433,0.0,0.0,0.611289,0.32658297,0.0,0.0,0.0,0.0,0.58349425,0.0,0.0,0.0,0.9100565,0.0,0.0,0.0
1997-09,65.1,2.328888888888889,23.892222222222223,65.7,62.4,65.2,70.6,75.3,65.6,0.7680491551459294,0.0,0.0,0.59472835,0.34544006,0.0,0.0,0.0,0.0,0.5915593,0.0,0.0,0.0,0.88856405,0.0,0.0,0.0
1997-10,65.6,2.5150537634408603,18.14301075268817,65.1,65.7,62.4,70.8,71.1,64.2,-2.134146341463402,0.0,0.0,0.59603786,0.34524685,0.0,0.0,0.0,0.0,0.59193116,0.0,0.0,0.0,0.8904118,0.0,0.0,0.0
1997-11,64.2,1.4855555555555555,11.41,65.6,65.1,65.7,68.8,67.4,63.4,-1.2461059190031218,0.0,0.0,0.5830183,0.35821354,0.0,0.0,0.0,0.0,0.59682614,0.0,0.0,0.0,0.8733027,0.0,0.0,0.0
1997-12,63.4,1.524731182795699,5.431182795698924,64.2,65.6,65.1,65.2,67.6,62.7,-1.104100946372233,0.0,0.0,0.58265543,0.36017323,0.0,0.0,0.0,0.0,0.59820586,0.0,0.0,0.0,0.87300843,0.0,0.0,0.0
1998-01,62.7,0.6021505376344086,6.49247311827957,63.4,64.2,65.6,62.4,68.1,62.7,0.0,0.0,0.0,0.5829654,0.35673884,0.0,0.0,0.0,0.0,0.59565794,0.0,0.0,0.0,0.87305874,0.0,0.0,0.0
1998-02,62.7,2.011904761904762,10.275,62.7,63.4,64.2,65.7,68.4,63.2,0.7974481658692184,0.0,0.0,0.5812759,0.35877514,0.0,0.0,0.0,0.0,0.5965683,0.0,0.0,0.0,0.87087893,0.0,0.0,0.0
1998-03,63.2,3.567741935483871,10.78494623655914,62.7,62.7,63.4,65.1,70.6,60.8,-3.797468354430389,0.0,0.0,0.58302355,0.35740075,0.0,0.0,0.0,0.0,0.59619606,0.0,0.0,0.0,0.8732174,0.0,0.0,0.0
1998-04,60.8,2.583333333333333,21.317777777777778,63.2,62.7,62.7,65.6,70.8,60.2,-0.9868421052631486,0.0,0.0,0.583171,0.35446027,0.0,0.0,0.0,0.0,0.59396756,0.0,0.0,0.0,0.87309223,0.0,0.0,0.0
1998-05,60.2,1.938709677419355,27.48494623655914,60.8,63.2,62.7,64.2,68.8,59.0,-1.9933554817275796,0.0,0.0,0.5825413,0.3500864,0.0,0.0,0.0,0.0,0.5903142,0.0,0.0,0.0,0.8716936,0.0,0.0,0.0
1998-06,59.0,3.102222222222222,29.58888888888889,60.2,60.8,63.2,63.4,65.2,57.5,-2.5423728813559325,0.0,0.0,0.5860778,0.35166854,0.0,0.0,0.0,0.0,0.59295493,0.0,0.0,0.0,0.8769237,0.0,0.0,0.0
1998-07,57.5,6.889247311827957,28.718279569892477,59.0,60.2,60.8,62.7,62.4,54.1,-5.9130434782608665,0.0,0.0,0.5834314,0.34768805,0.0,0.0,0.0,0.0,0.5888036,0.0,0.0,0.0,0.8726907,0.0,0.0,0.0
1998-08,54.1,3.3591397849462368,28.072043010752687,57.5,59.0,60.2,62.7,65.7,53.9,-0.3696857670979719,0.0,0.0,0.5729079,0.3557647,0.0,0.0,0.0,0.0,0.59089005,0.0,0.0,0.0,0.8585872,0.0,0.0,0.0
1998-09,53.9,2.473333333333333,25.98777777777778,54.1,57.5,59.0,63.2,65.1,57.7,7.050092764378486,0.0,0.0,0.5727725,0.35651287,0.0,0.0,0.0,0.0,0.5914181,0.0,0.0,0.0,0.85847926,0.0,0.0,0.0
1998-10,57.7,2.6247311827956987,19.616129032258065,53.9,54.1,57.5,60.8,65.6,58.2,0.8665511265164645,0.0,0.0,0.565525,0.36466607,0.0,0.0,0.0,0.0,0.5948703,0.0,0.0,0.0,0.8490621,0.0,0.0,0.0
1998-11,58.2,1.3666666666666667,12.387777777777778,57.7,53.9,54.1,60.2,64.2,56.8,-2.4054982817869512,0.0,0.0,0.5676034,0.3665235,0.0,0.0,0.0,0.0,0.5971439,0.0,0.0,0.0,0.8522418,0.0,0.0,0.0
1998-12,56.8,0.2376344086021505,7.183870967741936,58.2,57.7,53.9,59.0,63.4,57.1,0.5281690140845146,0.0,0.0,0.56135374,0.36709848,0.0,0.0,0.0,0.0,0.5950993,0.0,0.0,0.0,0.8433841,0.0,0.0,0.0
1999-01,57.1,1.6795698924731182,4.703225806451614,56.8,58.2,57.7,57.5,62.7,54.9,-3.8528896672504422,0.0,0.0,0.5570249,0.37394562,0.0,0.0,0.0,0.0,0.59869933,0.0,0.0,0.0,0.83798504,0.0,0.0,0.0
1999-02,54.9,1.0035714285714286,10.003571428571428,57.1,56.8,58.2,54.1,62.7,55.2,0.5464480874317018,0.0,0.0,0.5600477,0.36838967,0.0,0.0,0.0,0.0,0.59558284,0.0,0.0,0.0,0.8416667,0.0,0.0,0.0
1999-03,55.2,1.0516129032258064,14.546236559139784,54.9,57.1,56.8,53.9,63.2,53.7,-2.717391304347826,0.0,0.0,0.5556127,0.37566835,0.0,0.0,0.0,0.0,0.5994763,0.0,0.0,0.0,0.8361654,0.0,0.0,0.0
1999-04,53.7,2.6211111111111114,23.232222222222223,55.2,54.9,57.1,57.7,60.8,52.8,-1.6759776536312954,0.0,0.0,0.55192095,0.37964797,0.0,0.0,0.0,0.0,0.6010999,0.0,0.0,0.0,0.83134866,0.0,0.0,0.0
1999-05,52.8,2.817204301075269,25.65806451612903,53.7,55.2,54.9,58.2,60.2,53.6,1.5151515151515234,0.0,0.0,0.5540869,0.37868583,0.0,0.0,0.0,0.0,0.60121506,0.0,0.0,0.0,0.8343314,0.0,0.0,0.0
1999-06,53.6,1.856666666666667,30.185555555555556,52.8,53.7,55.2,56.8,59.0,51.4,-4.104477611940303,0.0,0.0,0.54831034,0.38094792,0.0,0.0,0.0,0.0,0.60067147,0.0,0.0,0.0,0.82634187,0.0,0.0,0.0
1999-07,51.4,3.134408602150537,30.96021505376344,53.6,52.8,53.7,57.1,57.5,53.0,3.1128404669260727,0.0,0.0,0.5486729,0.38403383,0.0,0.0,0.0,0.0,0.6032164,0.0,0.0,0.0,0.82721186,0.0,0.0,0.0
1999-08,53.0,2.974193548387097,28.10430107526881,51.4,53.6,52.8,54.9,54.1,52.6,-0.7547169811320728,0.0,0.0,0.5495389,0.38255662,0.0,0.0,0.0,0.0,0.60241264,0.0,0.0,0.0,0.82827973,0.0,0.0,0.0
1999-09,52.6,1.4477777777777778,25.56111111111111,53.0,51.4,53.6,55.2,53.9,51.5,-2.0912547528517136,0.0,0.0,0.5499971,0.38590914,0.0,0.0,0.0,0.0,0.6052031,0.0,0.0,0.0,0.82931674,0.0,0.0,0.0
1999-10,51.5,0.6279569892473118,20.97741935483871,52.6,53.0,51.4,53.7,57.7,51.3,-0.3883495145631123,0.0,0.0,0.5511697,0.38084033,0.0,0.0,0.0,0.0,0.60172784,0.0,0.0,0.0,0.8304122,0.0,0.0,0.0
1999-11,51.3,1.3355555555555556,14.795555555555554,51.5,52.6,53.0,52.8,58.2,50.4,-1.7543859649122782,0.0,0.0,0.5468262,0.38597128,0.0,0.0,0.0,0.0,0.60398716,0.0,0.0,0.0,0.8247964,0.0,0.0,0.0
1999-12,50.4,0.9279569892473118,8.946236559139784,51.3,51.5,52.6,53.6,56.8,52.1,3.3730158730158792,0.0,0.0,0.54855734,0.38175863,0.0,0.0,0.0,0.0,0.6014006,0.0,0.0,0.0,0.826787,0.0,0.0,0.0
2000-01,52.1,1.3419354838709676,5.549462365591398,50.4,51.3,51.5,51.4,57.1,52.2,0.1919385796545132,0.0,0.0,0.5453216,0.3889464,0.0,0.0,0.0,0.0,0.60570145,0.0,0.0,0.0,0.8229877,0.0,0.0,0.0
2000-02,52.2,2.013793103448276,9.227586206896552,52.1,50.4,51.3,53.0,54.9,51.7,-0.9578544061302682,0.0,0.0,0.540989,0.3929662,0.0,0.0,0.0,0.0,0.6071008,0.0,0.0,0.0,0.81726056,0.0,0.0,0.0
2000-03,51.7,1.0666666666666669,14.979569892473116,52.2,52.1,50.4,52.6,55.2,51.8,0.1934235976789058,0.0,0.0,0.54404205,0.3899511,0.0,0.0,0.0,0.0,0.60597277,0.0,0.0,0.0,0.8212755,0.0,0.0,0.0
2000-04,51.8,1.3922222222222222,23.816666666666663,51.7,52.2,52.1,51.5,53.7,52.8,1.9305019305019304,0.0,0.0,0.54605705,0.38881618,0.0,0.0,0.0,0.0,0.60589343,0.0,0.0,0.0,0.824023,0.0,0.0,0.0
2000-05,52.8,2.5451612903225804,27.73978494623656,51.8,51.7,52.2,51.3,52.8,51.4,-2.6515151515151487,0.0,0.0,0.54816234,0.3849008,0.0,0.0,0.0,0.0,0.6036872,0.0,0.0,0.0,0.8265819,0.0,0.0,0.0
2000-06,51.4,3.286666666666666,28.44,52.8,51.8,51.7,50.4,53.6,49.8,-3.1128404669260727,0.0,0.0,0.54895204,0.38087106,0.0,0.0,0.0,0.0,0.6008675,0.0,0.0,0.0,0.8272493,0.0,0.0,0.0
2000-07,49.8,4.006451612903226,28.34731182795699,51.4,52.8,51.8,52.1,51.4,48.6,-2.409638554216859,0.0,0.0,0.5439655,0.38645908,0.0,0.0,0.0,0.0,0.6032259,0.0,0.0,0.0,0.8207674,0.0,0.0,0.0
2000-08,48.6,2.096774193548387,29.441935483870967,49.8,51.4,52.8,52.2,53.0,49.4,1.6460905349794182,0.0,0.0,0.5408223,0.38997796,0.0,0.0,0.0,0.0,0.6047099,0.0,0.0,0.0,0.8166813,0.0,0.0,0.0
2000-09,49.4,2.253333333333333,25.01333333333333,48.6,49.8,51.4,51.7,52.6,51.2,3.643724696356284,0.0,0.0,0.5406199,0.39107102,0.0,0.0,0.0,0.0,0.6054794,0.0,0.0,0.0,0.8165172,0.0,0.0,0.0
2000-10,51.2,0.4935483870967742,21.870967741935484,49.4,48.6,49.8,51.8,51.5,52.1,1.7578124999999971,0.0,0.0,0.54022807,0.3929639,0.0,0.0,0.0,0.0,0.6067956,0.0,0.0,0.0,0.8161739,0.0,0.0,0.0
2000-11,52.1,0.8355555555555556,13.02777777777778,51.2,49.4,48.6,52.8,51.3,53.7,3.0710172744721715,0.0,0.0,0.5394971,0.39348683,0.0,0.0,0.0,0.0,0.6069109,0.0,0.0,0.0,0.8151898,0.0,0.0,0.0
2000-12,53.7,0.743010752688172,5.502150537634408,52.1,51.2,49.4,51.4,50.4,53.9,0.372439478584722,0.0,0.0,0.53809196,0.39393494,0.0,0.0,0.0,0.0,0.60669917,0.0,0.0,0.0,0.8132347,0.0,0.0,0.0
2001-01,53.9,1.0462365591397849,5.898924731182796,53.7,52.1,51.2,49.8,52.1,53.0,-1.669758812615953,0.0,0.0,0.53718936,0.39491928,0.0,0.0,0.0,0.0,0.607105,0.0,0.0,0.0,0.81205845,0.0,0.0,0.0
2001-02,53.0,1.438095238095238,7.252380952380953,53.9,53.7,52.1,48.6,52.2,52.2,-1.5094339622641455,0.0,0.0,0.534816,0.39698908,0.0,0.0,0.0,0.0,0.6077687,0.0,0.0,0.0,0.808906,0.0,0.0,0.0
2001-03,52.2,1.7268817204301077,13.480645161290322,53.0,53.9,53.7,49.4,51.7,51.0,-2.298850574712649,0.0,0.0,0.535589,0.39749655,0.0,0.0,0.0,0.0,0.60847163,0.0,0.0,0.0,0.81006753,0.0,0.0,0.0
2001-04,51.0,2.67,22.793333333333333,52.2,53.0,53.9,51.2,51.8,51.7,1.3725490196078487,0.0,0.0,0.5382344,0.3956124,0.0,0.0,0.0,0.0,0.6080608,0.0,0.0,0.0,0.8136296,0.0,0.0,0.0
2001-05,51.7,3.417204301075269,26.1,51.0,52.2,53.0,52.1,52.8,51.0,-1.3539651837524231,0.0,0.0,0.53797185,0.39615077,0.0,0.0,0.0,0.0,0.60837495,0.0,0.0,0.0,0.8133163,0.0,0.0,0.0
2001-06,51.0,3.813333333333333,27.254444444444445,51.7,51.0,52.2,53.7,51.4,51.7,1.3725490196078487,0.0,0.0,0.537104,0.3961825,0.0,0.0,0.0,0.0,0.60805357,0.0,0.0,0.0,0.81208074,0.0,0.0,0.0
2001-07,51.7,4.61505376344086,30.418279569892476,51.0,51.7,51.0,53.9,49.8,51.6,-0.1934235976789195,0.0,0.0,0.53412473,0.39713642,0.0,0.0,0.0,0.0,0.6076077,0.0,0.0,0.0,0.80793583,0.0,0.0,0.0
2001-08,51.6,1.7118279569892472,29.213978494623657,51.7,51.0,51.7,53.0,48.6,51.2,-0.7751937984496096,0.0,0.0,0.5339613,0.39802974,0.0,0.0,0.0,0.0,0.6082374,0.0,0.0,0.0,0.80780447,0.0,0.0,0.0
2001-09,51.2,2.341111111111111,24.7,51.6,51.7,51.0,52.2,49.4,51.0,-0.3906250000000055,0.0,0.0,0.5350234,0.39714244,0.0,0.0,0.0,0.0,0.60797065,0.0,0.0,0.0,0.8092196,0.0,0.0,0.0
2001-10,51.0,1.1548387096774193,20.33333333333333,51.2,51.6,51.7,51.0,51.2,51.9,1.7647058823529385,0.0,0.0,0.5343892,0.39809504,0.0,0.0,0.0,0.0,0.6084588,0.0,0.0,0.0,0.80842286,0.0,0.0,0.0
2001-11,51.9,1.201111111111111,15.393333333333334,51.0,51.2,51.6,51.7,52.1,52.0,0.192678227360311,0.0,0.0,0.53160626,0.4009468,0.0,0.0,0.0,0.0,0.6095674,0.0,0.0,0.0,0.8047748,0.0,0.0,0.0
2001-12,52.0,0.5021505376344086,7.319354838709678,51.9,51.0,51.2,51.0,53.7,51.7,-0.5769230769230715,0.0,0.0,0.5319574,0.40084314,0.0,0.0,0.0,0.0,0.6096268,0.0,0.0,0.0,0.80526453,0.0,0.0,0.0
2002-01,51.7,0.5935483870967743,7.211827956989247,52.0,51.9,51.0,51.7,53.9,50.4,-2.514506769825927,0.0,0.0,0.5324369,0.401219,0.0,0.0,0.0,0.0,0.6101104,0.0,0.0,0.0,0.80599207,0.0,0.0,0.0
2002-02,50.4,0.9178571428571428,10.696428571428571,51.7,52.0,51.9,51.6,53.0,49.6,-1.5873015873015817,0.0,0.0,0.5299425,0.4027366,0.0,0.0,0.0,0.0,0.61029625,0.0,0.0,0.0,0.8026038,0.0,0.0,0.0
2002-03,49.6,1.3849462365591398,14.71075268817204,50.4,51.7,52.0,51.2,52.2,49.3,-0.6048387096774279,0.0,0.0,0.53008085,0.4039134,0.0,0.0,0.0,0.0,0.61126685,0.0,0.0,0.0,0.8029358,0.0,0.0,0.0
2002-04,49.3,1.8344444444444443,21.991111111111117,49.6,50.4,51.7,51.0,51.0,50.2,1.8255578093306408,0.0,0.0,0.5301198,0.40335444,0.0,0.0,0.0,0.0,0.61084753,0.0,0.0,0.0,0.8029275,0.0,0.0,0.0
2002-05,50.2,2.382795698924731,27.416129032258063,49.3,49.6,50.4,51.9,51.7,52.0,3.5856573705179224,0.0,0.0,0.5307887,0.40305755,0.0,0.0,0.0,0.0,0.61088336,0.0,0.0,0.0,0.8038487,0.0,0.0,0.0
2002-06,52.0,2.716666666666667,29.73777777777778,50.2,49.3,49.6,52.0,51.0,54.6,5.000000000000003,0.0,0.0,0.5326902,0.4012332,0.0,0.0,0.0,0.0,0.6102224,0.0,0.0,0.0,0.80635536,0.0,0.0,0.0
2002-07,54.6,1.921505376344086,32.41182795698925,52.0,50.2,49.3,51.7,51.7,58.1,6.41025641025641,0.0,0.0,0.5343145,0.39988798,0.0,0.0,0.0,0.0,0.6098237,0.0,0.0,0.0,0.8085209,0.0,0.0,0.0
2002-08,58.1,4.26989247311828,28.4752688172043,54.6,52.0,50.2,50.4,51.6,63.8,9.81067125645438,0.0,0.0,0.538903,0.39641255,0.0,0.0,0.0,0.0,0.60894984,0.0,0.0,0.0,0.81467575,0.0,0.0,0.0
2002-09,63.8,3.6777777777777776,24.64888888888889,58.1,54.6,52.0,49.6,51.2,64.4,0.9404388714733676,0.0,0.0,0.5366324,0.39846256,0.0,0.0,0.0,0.0,0.60963905,0.0,0.0,0.0,0.8116677,0.0,0.0,0.0
2002-10,64.4,1.6365591397849462,18.33118279569893,63.8,58.1,54.6,49.3,51.0,63.0,-2.1739130434782696,0.0,0.0,0.53981155,0.39639685,0.0,0.0,0.0,0.0,0.6092998,0.0,0.0,0.0,0.8159711,0.0,0.0,0.0
2002-11,63.0,0.3411111111111111,13.525555555555554,64.4,63.8,58.1,50.2,51.9,59.8,-5.079365079365084,0.0,0.0,0.5424411,0.39520082,0.0,0.0,0.0,0.0,0.609418,0.0,0.0,0.0,0.81958914,0.0,0.0,0.0
2002-12,59.8,0.1913978494623656,6.787096774193548,63.0,64.4,63.8,52.0,52.0,58.0,-3.010033444816049,0.0,0.0,0.5438282,0.39399952,0.0,0.0,0.0,0.0,0.60903656,0.0,0.0,0.0,0.8214324,0.0,0.0,0.0
2003-01,58.0,1.1806451612903226,4.548387096774194,59.8,63.0,64.4,54.6,51.7,57.8,-0.3448275862069014,0.0,0.0,0.54369026,0.39294213,0.0,0.0,0.0,0.0,0.6081591,0.0,0.0,0.0,0.8211147,0.0,0.0,0.0
2003-02,57.8,2.0452380952380955,5.172619047619048,58.0,59.8,63.0,58.1,50.4,56.5,-2.249134948096881,0.0,0.0,0.54684657,0.38757527,0.0,0.0,0.0,0.0,0.60524297,0.0,0.0,0.0,0.82500863,0.0,0.0,0.0
2003-03,56.5,1.2881720430107526,12.258064516129032,57.8,58.0,59.8,63.8,49.6,56.4,-0.1769911504424804,0.0,0.0,0.55352086,0.37498772,0.0,0.0,0.0,0.0,0.5981128,0.0,0.0,0.0,0.8331009,0.0,0.0,0.0
2003-04,56.4,2.0444444444444443,21.08888888888889,56.5,57.8,58.0,64.4,49.3,58.2,3.191489361702135,0.0,0.0,0.55930626,0.3701145,0.0,0.0,0.0,0.0,0.5966289,0.0,0.0,0.0,0.84080505,0.0,0.0,0.0
2003-05,58.2,1.840860215053764,28.19139784946237,56.4,56.5,57.8,63.0,50.2,57.7,-0.8591065292096219,0.0,0.0,0.5674977,0.3623101,0.0,0.0,0.0,0.0,0.59382427,0.0,0.0,0.0,0.85160977,0.0,0.0,0.0
2003-06,57.7,2.738888888888889,29.344444444444445,58.2,56.4,56.5,59.8,52.0,56.5,-2.0797227036395194,0.0,0.0,0.5704216,0.34898016,0.0,0.0,0.0,0.0,0.5846213,0.0,0.0,0.0,0.8542625,0.0,0.0,0.0
2003-07,56.5,4.71505376344086,28.640860215053763,57.7,58.2,56.4,58.0,54.6,59.9,6.017699115044245,0.0,0.0,0.56774193,0.35167438,0.0,0.0,0.0,0.0,0.58564854,0.0,0.0,0.0,0.85074395,0.0,0.0,0.0
2003-08,59.9,3.586021505376344,28.81397849462365,56.5,57.7,58.2,57.8,58.1,60.5,1.0016694490818054,0.0,0.0,0.5604791,0.3636324,0.0,0.0,0.0,0.0,0.59205437,0.0,0.0,0.0,0.8417395,0.0,0.0,0.0
2003-09,60.5,1.825555555555556,24.431111111111115,59.9,56.5,57.7,56.5,63.8,60.6,0.1652892561983494,0.0,0.0,0.55967665,0.3653007,0.0,0.0,0.0,0.0,0.5930321,0.0,0.0,0.0,0.84078425,0.0,0.0,0.0
2003-10,60.6,1.3763440860215057,20.274193548387096,60.5,59.9,56.5,56.4,64.4,64.8,6.930693069306923,0.0,0.0,0.56474465,0.36070493,0.0,0.0,0.0,0.0,0.59147793,0.0,0.0,0.0,0.84749556,0.0,0.0,0.0
2003-11,64.8,1.7811111111111109,12.77,60.6,60.5,59.9,58.2,63.0,65.7,1.3888888888888975,0.0,0.0,0.5613022,0.36020258,0.0,0.0,0.0,0.0,0.58971465,0.0,0.0,0.0,0.84252304,0.0,0.0,0.0
2003-12,65.7,1.2483870967741937,7.964516129032258,64.8,60.6,60.5,57.7,59.8,66.9,1.8264840182648443,0.0,0.0,0.56522125,0.36506978,0.0,0.0,0.0,0.0,0.59506327,0.0,0.0,0.0,0.8486745,0.0,0.0,0.0
2004-01,66.9,1.924731182795699,4.72258064516129,65.7,64.8,60.6,56.5,58.0,67.5,0.8968609865470767,0.0,0.0,0.5705426,0.35855138,0.0,0.0,0.0,0.0,0.59211457,0.0,0.0,0.0,0.855528,0.0,0.0,0.0
2004-02,67.5,1.1482758620689657,7.367816091954023,66.9,65.7,64.8,59.9,57.8,68.5,1.4814814814814816,0.0,0.0,0.57320875,0.35768455,0.0,0.0,0.0,0.0,0.59250337,0.0,0.0,0.0,0.8592359,0.0,0.0,0.0
2004-03,68.5,1.886021505376344,16.67849462365591,67.5,66.9,65.7,60.5,56.5,70.2,2.4817518248175223,0.0,0.0,0.5776729,0.35710692,0.0,0.0,0.0,0.0,0.593834,0.0,0.0,0.0,0.86554396,0.0,0.0,0.0
2004-04,70.2,1.591111111111111,22.5,68.5,67.5,66.9,60.6,56.4,68.8,-1.9943019943020024,0.0,0.0,0.58574,0.34751675,0.0,0.0,0.0,0.0,0.5895907,0.0,0.0,0.0,0.8759673,0.0,0.0,0.0
2004-05,68.8,4.0,26.343010752688173,70.2,68.5,67.5,64.8,58.2,66.4,-3.488372093023244,0.0,0.0,0.592752,0.33006296,0.0,0.0,0.0,0.0,0.57881004,0.0,0.0,0.0,0.8839863,0.0,0.0,0.0
2004-06,66.4,2.172222222222222,27.64,68.8,70.2,68.5,65.7,57.7,60.7,-8.584337349397595,0.0,0.0,0.58820117,0.3369227,0.0,0.0,0.0,0.0,0.5823314,0.0,0.0,0.0,0.87827176,0.0,0.0,0.0
2004-07,60.7,2.793548387096774,29.074193548387097,66.4,68.8,70.2,66.9,56.5,59.1,-2.6359143327841865,0.0,0.0,0.59539074,0.33149347,0.0,0.0,0.0,0.0,0.58097494,0.0,0.0,0.0,0.8879173,0.0,0.0,0.0
2004-08,59.1,4.438709677419355,27.055913978494623,60.7,66.4,68.8,67.5,59.9,60.0,1.5228426395939063,0.0,0.0,0.5947198,0.33023706,0.0,0.0,0.0,0.0,0.57973015,0.0,0.0,0.0,0.88681597,0.0,0.0,0.0
2004-09,60.0,1.3555555555555556,26.106666666666666,59.1,60.7,66.4,68.5,60.5,59.3,-1.1666666666666714,0.0,0.0,0.5981642,0.3313668,0.0,0.0,0.0,0.0,0.58198225,0.0,0.0,0.0,0.8918629,0.0,0.0,0.0
2004-10,59.3,2.117204301075269,19.370967741935484,60.0,59.1,60.7,70.2,60.6,60.0,1.1804384485666153,0.0,0.0,0.5951455,0.32651624,0.0,0.0,0.0,0.0,0.5770055,0.0,0.0,0.0,0.8869988,0.0,0.0,0.0
2004-11,60.0,1.1955555555555557,13.966666666666669,59.3,60.0,59.1,68.8,64.8,60.5,0.8333333333333334,0.0,0.0,0.5969746,0.33668813,0.0,0.0,0.0,0.0,0.5856471,0.0,0.0,0.0,0.89077187,0.0,0.0,0.0
2004-12,60.5,0.578494623655914,8.964516129032258,60.0,59.3,60.0,66.4,65.7,60.5,0.0,0.0,0.0,0.5915591,0.33061418,0.0,0.0,0.0,0.0,0.5787632,0.0,0.0,0.0,0.882346,0.0,0.0,0.0
2005-01,60.5,1.270967741935484,5.51505376344086,60.5,60.0,59.3,60.7,66.9,60.3,-0.3305785123966989,0.0,0.0,0.5878933,0.34592384,0.0,0.0,0.0,0.0,0.58921033,0.0,0.0,0.0,0.8788601,0.0,0.0,0.0
2005-02,60.3,3.0369047619047618,7.597619047619048,60.5,60.5,60.0,59.1,67.5,61.5,1.9900497512437856,0.0,0.0,0.5798209,0.36126155,0.0,0.0,0.0,0.0,0.5979222,0.0,0.0,0.0,0.86908543,0.0,0.0,0.0
2005-03,61.5,1.886021505376344,12.43440860215054,60.3,60.5,60.5,60.0,68.5,59.5,-3.252032520325204,0.0,0.0,0.5777731,0.34825623,0.0,0.0,0.0,0.0,0.5869894,0.0,0.0,0.0,0.86467654,0.0,0.0,0.0
2005-04,59.5,1.5166666666666666,22.171111111111117,61.5,60.3,60.5,59.3,70.2,59.4,-0.1680672268907587,0.0,0.0,0.5805907,0.34591904,0.0,0.0,0.0,0.0,0.5862949,0.0,0.0,0.0,0.86843264,0.0,0.0,0.0
2005-05,59.4,1.496774193548387,26.625806451612902,59.5,61.5,60.3,60.0,68.8,60.2,1.346801346801354,0.0,0.0,0.5806241,0.3457742,0.0,0.0,0.0,0.0,0.5861955,0.0,0.0,0.0,0.8684638,0.0,0.0,0.0
2005-06,60.2,2.6966666666666663,29.855555555555554,59.4,59.5,61.5,60.5,66.4,61.2,1.661129568106312,0.0,0.0,0.5775996,0.33664006,0.0,0.0,0.0,0.0,0.57788444,0.0,0.0,0.0,0.86310226,0.0,0.0,0.0
2005-07,61.2,3.5870967741935487,29.486021505376343,60.2,59.4,59.5,60.5,60.7,60.9,-0.4901960784313794,0.0,0.0,0.5731344,0.34546587,0.0,0.0,0.0,0.0,0.58296937,0.0,0.0,0.0,0.8577347,0.0,0.0,0.0
2005-08,60.9,2.1483870967741936,29.03333333333333,61.2,60.2,59.4,60.3,59.1,61.5,0.9852216748768498,0.0,0.0,0.5721422,0.34763533,0.0,0.0,0.0,0.0,0.5842613,0.0,0.0,0.0,0.8565656,0.0,0.0,0.0
2005-09,61.5,1.7688888888888887,26.974444444444444,60.9,61.2,60.2,61.5,60.0,62.1,0.9756097560975632,0.0,0.0,0.5741912,0.34699103,0.0,0.0,0.0,0.0,0.58457714,0.0,0.0,0.0,0.8594178,0.0,0.0,0.0
2005-10,62.1,0.9967741935483873,20.835483870967742,61.5,60.9,61.2,59.5,59.3,60.6,-2.415458937198068,0.0,0.0,0.5797049,0.34286052,0.0,0.0,0.0,0.0,0.5835626,0.0,0.0,0.0,0.86681867,0.0,0.0,0.0
2005-11,60.6,0.7788888888888889,14.052222222222223,62.1,61.5,60.9,59.4,60.0,61.5,1.485148514851483,0.0,0.0,0.57616943,0.3412881,0.0,0.0,0.0,0.0,0.58092976,0.0,0.0,0.0,0.861591,0.0,0.0,0.0
2005-12,61.5,1.0333333333333332,6.764516129032258,60.6,62.1,61.5,60.2,60.5,62.7,1.9512195121951263,0.0,0.0,0.57982385,0.33998364,0.0,0.0,0.0,0.0,0.5813722,0.0,0.0,0.0,0.86666,0.0,0.0,0.0
2006-01,62.7,0.950537634408602,6.425806451612903,61.5,60.6,62.1,61.2,60.5,64.8,3.349282296650709,0.0,0.0,0.5776698,0.33796686,0.0,0.0,0.0,0.0,0.5789445,0.0,0.0,0.0,0.86335397,0.0,0.0,0.0
2006-02,64.8,0.4845238095238096,9.20952380952381,62.7,61.5,60.6,60.9,60.3,63.9,-1.3888888888888866,0.0,0.0,0.57822603,0.34744242,0.0,0.0,0.0,0.0,0.586537,0.0,0.0,0.0,0.8652302,0.0,0.0,0.0
2006-03,63.9,2.679569892473118,13.380645161290325,64.8,62.7,61.5,61.5,61.5,65.1,1.8779342723004628,0.0,0.0,0.5788021,0.36248648,0.0,0.0,0.0,0.0,0.59846884,0.0,0.0,0.0,0.8677707,0.0,0.0,0.0
2006-04,65.1,1.748888888888889,22.834444444444443,63.9,64.8,62.7,62.1,59.5,67.8,4.147465437788023,0.0,0.0,0.58209056,0.35573748,0.0,0.0,0.0,0.0,0.59453017,0.0,0.0,0.0,0.8716953,0.0,0.0,0.0
2006-05,67.8,1.5763440860215052,26.933333333333334,65.1,63.9,64.8,60.6,59.4,67.8,0.0,0.0,0.0,0.58718556,0.3474642,0.0,0.0,0.0,0.0,0.59012634,0.0,0.0,0.0,0.8780254,0.0,0.0,0.0
2006-06,67.8,1.9644444444444449,29.80444444444445,67.8,65.1,63.9,61.5,60.2,69.9,3.097345132743376,0.0,0.0,0.58939254,0.34384114,0.0,0.0,0.0,0.0,0.58818805,0.0,0.0,0.0,0.8807628,0.0,0.0,0.0
2006-07,69.9,4.029032258064516,30.23763440860215,67.8,67.8,65.1,62.7,61.2,69.6,-0.4291845493562394,0.0,0.0,0.59406453,0.3368979,0.0,0.0,0.0,0.0,0.58465,0.0,0.0,0.0,0.8866408,0.0,0.0,0.0
2006-08,69.6,3.8623655913978494,28.70537634408602,69.9,67.8,67.8,64.8,60.9,72.5,4.166666666666676,0.0,0.0,0.5928712,0.3366608,0.0,0.0,0.0,0.0,0.58398974,0.0,0.0,0.0,0.8849098,0.0,0.0,0.0
2006-09,72.5,2.126666666666667,24.421111111111117,69.6,69.9,67.8,63.9,61.5,79.9,10.206896551724146,0.0,0.0,0.5963447,0.33884436,0.0,0.0,0.0,0.0,0.5870732,0.0,0.0,0.0,0.89011866,0.0,0.0,0.0
2006-10,79.9,1.3333333333333333,20.25698924731183,72.5,69.6,69.9,65.1,62.1,85.3,6.758448060075082,0.0,0.0,0.59715945,0.33732048,0.0,0.0,0.0,0.0,0.5862127,0.0,0.0,0.0,0.891108,0.0,0.0,0.0
2006-11,85.3,0.851111111111111,14.093333333333334,79.9,72.5,69.6,67.8,60.6,85.4,0.1172332942555785,0.0,0.0,0.60691947,0.33090785,0.0,0.0,0.0,0.0,0.5851162,0.0,0.0,0.0,0.9043115,0.0,0.0,0.0
2006-12,85.4,1.0731182795698924,9.870967741935484,85.3,79.9,72.5,67.8,61.5,85.1,-0.3512880562061022,0.0,0.0,0.6145814,0.31540012,0.0,0.0,0.0,0.0,0.57610834,0.0,0.0,0.0,0.9134806,0.0,0.0,0.0
2007-01,85.1,0.846236559139785,7.921505376344086,85.4,85.3,79.9,69.9,62.7,87.0,2.232667450058761,0.0,0.0,0.6175227,0.32045776,0.0,0.0,0.0,0.0,0.5812152,0.0,0.0,0.0,0.9182576,0.0,0.0,0.0
2007-02,87.0,2.5428571428571427,5.4523809523809526,85.1,85.4,85.3,69.6,64.8,86.4,-0.6896551724137866,0.0,0.0,0.62855524,0.3086127,0.0,0.0,0.0,0.0,0.57640034,0.0,0.0,0.0,0.9326576,0.0,0.0,0.0
2007-03,86.4,2.5978494623655912,15.633333333333336,87.0,85.1,85.4,72.5,63.9,85.1,-1.5046296296296426,0.0,0.0,0.62992656,0.26549962,0.0,0.0,0.0,0.0,0.54341125,0.0,0.0,0.0,0.9296926,0.0,0.0,0.0
2007-04,85.1,1.3111111111111111,21.506666666666664,86.4,87.0,85.1,79.9,65.1,86.6,1.762632197414806,0.0,0.0,0.6379325,0.2317383,0.0,0.0,0.0,0.0,0.5203419,0.0,0.0,0.0,0.9372685,0.0,0.0,0.0
2007-05,86.6,1.4279569892473116,29.09784946236559,85.1,86.4,87.0,85.3,67.8,91.9,6.120092378752901,0.0,0.0,0.6427863,0.20042431,0.0,0.0,0.0,0.0,0.49791938,0.0,0.0,0.0,0.9406232,0.0,0.0,0.0
2007-06,91.9,2.163333333333333,30.24888888888889,86.6,85.1,86.4,85.4,67.8,94.9,3.2644178454842216,0.0,0.0,0.631018,0.18509626,0.0,0.0,0.0,0.0,0.48130396,0.0,0.0,0.0,0.92206985,0.0,0.0,0.0
2007-07,94.9,2.0193548387096776,31.004301075268817,91.9,86.6,85.1,85.1,69.9,102.1,7.586933614330863,0.0,0.0,0.6459153,0.18076172,0.0,0.0,0.0,0.0,0.4838722,0.0,0.0,0.0,0.9428456,0.0,0.0,0.0
2007-08,102.1,4.321505376344086,30.2989247311828,94.9,91.9,86.6,87.0,69.6,117.2,14.789422135161615,0.0,0.0,0.6465848,0.15489978,0.0,0.0,0.0,0.0,0.46402225,0.0,0.0,0.0,0.94084847,0.0,0.0,0.0
2007-09,117.2,2.3033333333333337,26.10333333333333,102.1,94.9,91.9,86.4,72.5,121.3,3.4982935153583568,0.0,0.0,0.65865237,0.1321136,0.0,0.0,0.0,0.0,0.45110947,0.0,0.0,0.0,0.95547694,0.0,0.0,0.0
2007-10,121.3,1.8311827956989248,21.56451612903226,117.2,102.1,94.9,85.1,79.9,121.0,-0.2473206924979366,0.0,0.0,0.654306,0.0927157,0.0,0.0,0.0,0.0,0.41873044,0.0,0.0,0.0,0.94477224,0.0,0.0,0.0
2007-11,121.0,0.8622222222222221,13.571111111111112,121.3,117.2,102.1,86.6,85.3,132.2,9.256198347107429,0.0,0.0,0.6526322,0.06513182,0.0,0.0,0.0,0.0,0.3966067,0.0,0.0,0.0,0.9392325,0.0,0.0,0.0
2007-12,132.2,1.1225806451612903,6.541935483870968,121.0,121.3,117.2,91.9,85.4,141.0,6.6565809379727785,0.0,0.0,0.6616984,0.024846204,0.010642005,0.0,0.0,0.0,0.36888507,0.0,0.0,0.0,0.94757736,0.0,0.0,0.0
2008-01,141.0,0.8946236559139785,4.608602150537634,132.2,121.0,121.3,94.9,85.1,160.8,14.042553191489372,0.0,0.0,0.59670174,0.0,0.12117104,0.0,0.012134839,0.0,0.27445424,0.011951193,0.009910911,0.069377825,0.84471565,0.0,0.0,0.09712303
2008-02,160.8,0.9850574712643678,7.449425287356322,141.0,132.2,121.0,102.1,87.0,163.3,1.5547263681592038,0.0,0.0,0.4974684,0.0,0.21800902,0.0,0.1274223,0.0,0.17012951,0.11045714,0.08664143,0.14108692,0.69352156,0.0,0.0,0.21967451
2008-03,163.3,0.9763440860215054,16.593548387096774,160.8,141.0,132.2,117.2,86.4,162.7,-0.36742192284141,0.0,0.0,0.4221763,0.0,0.29316714,0.0,0.2163747,0.0,0.09004152,0.18631162,0.14562647,0.19670151,0.5786679,0.0,0.0,0.31459194
2008-04,162.7,3.008888888888889,21.357777777777777,163.3,160.8,141.0,121.3,85.1,157.4,-3.257529194837113,0.0,0.09248245,0.37111384,0.0,0.38744244,0.0,0.314755,0.0,0.011731446,0.26641715,0.20534933,0.2654445,0.49725255,0.0,0.0,0.42868367
2008-05,157.4,2.134408602150537,25.863440860215057,162.7,163.3,160.8,121.0,86.6,160.3,1.842439644218555,0.0,0.21859881,0.3054446,0.0,0.48378646,0.0,0.41939703,0.0,0.0,0.35295713,0.27081746,0.3360124,0.39457342,0.0,0.0,0.5468237
2008-06,160.3,4.738888888888889,28.026666666666667,157.4,162.7,163.3,132.2,91.9,148.2,-7.548346849656908,0.004398033,0.3144101,0.27782106,0.0,0.5853754,0.0,0.51707333,0.0,0.0,0.42977545,0.32616317,0.40944555,0.34641472,0.0,0.0,0.6666281
2008-07,148.2,5.202150537634409,28.732258064516127,160.3,157.4,162.7,141.0,94.9,136.5,-7.894736842105256,0.114965014,0.44841397,0.20456845,0.0,0.6833114,0.0,0.62542146,0.0,0.0,0.5199988,0.3948501,0.4813318,0.23265369,0.0,0.0,0.7874645
2008-08,136.5,2.8236559139784947,28.725806451612904,148.2,160.3,157.4,160.8,102.1,125.3,-8.205128205128208,0.1923069,0.5430845,0.15394127,0.0,0.7539344,0.0,0.7028846,0.0,0.0,0.5842985,0.4436589,0.53311855,0.15379113,0.0,0.0,0.8743497
2008-09,125.3,3.5844444444444448,24.34777777777778,136.5,148.2,160.3,163.3,117.2,104.9,-16.280925778132477,0.2369147,0.5870552,0.11776468,0.0,0.7705874,0.0,0.72852474,0.0,0.0,0.6078657,0.46313888,0.5458985,0.10018873,0.0,0.0,0.8976136
2008-10,104.9,1.4978494623655916,20.996774193548383,125.3,136.5,148.2,162.7,121.3,96.0,-8.484270734032416,0.24678965,0.6025284,0.11352245,0.0,0.7872728,0.0,0.74447787,0.0,0.0,0.6203804,0.47213218,0.55795246,0.09270465,0.0,0.0,0.917257
2008-11,96.0,1.3377777777777775,13.996666666666668,104.9,125.3,136.5,157.4,121.0,95.1,-0.937500000000006,0.23201261,0.5831423,0.12234341,0.0,0.77083915,0.0,0.727353,0.0,0.0,0.6064446,0.4617478,0.54597145,0.10678105,0.0,0.0,0.8973782
2008-12,95.1,0.9849462365591396,7.765591397849463,96.0,104.9,125.3,160.3,132.2,100.4,5.573080967402746,0.18465197,0.5411396,0.16382466,0.0,0.7637616,0.0,0.7085135,0.0,0.0,0.5873756,0.44488397,0.53992754,0.16726576,0.0,0.0,0.88450086
2009-01,100.4,0.6516129032258065,4.943010752688172,95.1,96.0,104.9,148.2,141.0,97.2,-3.1872509960159388,0.1355719,0.50103927,0.20906101,0.0,0.7641896,0.0,0.6951271,0.0,0.0,0.57197225,0.43020317,0.539173,0.23256321,0.0,0.0,0.87981105
2009-02,97.2,1.1345238095238095,9.629761904761905,100.4,95.1,96.0,136.5,160.8,97.2,0.0,0.08339086,0.45585036,0.25547877,0.0,0.7588579,0.0,0.67631996,0.0,0.0,0.55234694,0.412511,0.53426415,0.30003548,0.0,0.0,0.86837286
2009-03,97.2,1.8870967741935485,15.097849462365591,97.2,100.4,95.1,125.3,163.3,98.1,0.9259259259259172,0.0,0.32644325,0.35717884,0.0,0.70376605,0.0,0.59696674,0.0,0.0,0.4806163,0.35397965,0.49240693,0.4513965,0.0,0.0,0.79346997
2009-04,98.1,1.5555555555555556,21.96555555555556,97.2,97.2,100.4,104.9,162.7,103.3,5.300713557594295,0.0,0.16187668,0.50475526,0.0,0.65697384,0.0,0.51094985,0.0,0.0,0.39847055,0.28414157,0.45542017,0.6683391,0.0,0.0,0.722842
2009-05,103.3,1.724731182795699,26.829032258064515,98.1,97.2,97.2,96.0,157.4,103.0,-0.2904162633107426,0.0,0.0,0.572838,0.0,0.47436547,0.0,0.3297679,0.0,0.06656115,0.25399733,0.1785965,0.32299006,0.7815209,0.0,0.0,0.5053802
2009-06,103.0,2.3944444444444444,31.21444444444445,103.3,98.1,97.2,95.1,160.3,94.5,-8.25242718446602,0.0,0.0,0.6096626,0.0,0.40862107,0.0,0.26079106,0.0,0.121792495,0.197713,0.13654813,0.27502254,0.8400524,0.0,0.0,0.42567724
2009-07,94.5,3.965591397849463,28.90537634408602,103.0,103.3,98.1,100.4,148.2,91.9,-2.7513227513227454,0.0,0.0,0.63794684,0.0,0.28261152,0.0,0.14145392,0.0,0.2060568,0.104502045,0.06986478,0.18407705,0.89115155,0.0,0.0,0.27775842
2009-08,91.9,4.234408602150538,27.76344086021505,94.5,103.0,103.3,97.2,136.5,89.8,-2.2850924918389643,0.0,0.0,0.63449043,0.0,0.20881663,0.0,0.07765759,0.0,0.24518263,0.056857675,0.037396476,0.13128665,0.8921624,0.0,0.0,0.19342604
2009-09,89.8,3.0533333333333337,25.384444444444444,91.9,94.5,103.0,97.2,125.3,93.8,4.4543429844098,0.0,0.0,0.647525,0.0,0.14080466,0.0,0.0139257945,0.0,0.289524,0.007322103,0.0021387637,0.08225243,0.9165199,0.0,0.0,0.11384431
2009-10,93.8,2.3946236559139784,19.1752688172043,89.8,91.9,94.5,98.1,104.9,98.0,4.477611940298511,0.0,0.0,0.64945173,0.0,0.09882743,0.0,0.0,0.0,0.3137677,0.0,0.0,0.052131988,0.9227169,0.0,0.0,0.065427154
2009-11,98.0,0.8544444444444446,14.906666666666666,93.8,89.8,91.9,103.3,96.0,99.0,1.020408163265306,0.0,0.0,0.6453516,0.0,0.10559256,0.0,0.0,0.0,0.3079257,0.0,0.0,0.05707509,0.91624504,0.0,0.0,0.07366415
2009-12,99.0,1.761290322580645,6.473118279569892,98.0,93.8,89.8,103.0,95.1,98.4,-0.6060606060606003,0.0,0.0,0.6572833,0.0,0.078576095,0.0,0.0,0.0,0.32898784,0.0,0.0,0.037438903,0.935675,0.0,0.0,0.04127832
2010-01,98.4,0.9881720430107528,2.349462365591398,99.0,98.0,93.8,94.5,100.4,94.0,-4.47154471544716,0.0,0.0,0.6477132,0.0,0.096461155,0.0,0.0,0.0,0.3141913,0.0,0.0,0.05047749,0.92039865,0.0,0.0,0.06290937
2010-02,94.0,1.4523809523809523,6.440476190476191,98.4,99.0,98.0,91.9,97.2,91.8,-2.3404255319148968,0.0,0.0,0.6411256,0.0,0.085366875,0.0,0.0,0.0,0.31697533,0.0,0.0,0.042683255,0.911787,0.0,0.0,0.05092587
2010-03,91.8,0.9376344086021504,15.536559139784949,94.0,98.4,99.0,89.8,97.2,90.7,-1.1982570806100157,0.0,0.0,0.6013767,0.0,0.068364635,0.0,0.0,0.0,0.30610177,0.0,0.0,0.03143404,0.85576284,0.0,0.0,0.0359573
2010-04,90.7,1.3388888888888888,24.056666666666665,91.8,94.0,98.4,93.8,98.1,90.6,-0.1102535832414647,0.0,0.0,0.56523734,0.0,0.055392727,0.0,0.0,0.0,0.29483792,0.0,0.0,0.022987982,0.804624,0.0,0.0,0.025202833
2010-05,90.6,2.3161290322580648,27.686021505376345,90.7,91.8,94.0,98.0,103.3,87.8,-3.090507726269313,0.0,0.0,0.56733567,0.0,0.028953375,0.0,0.0,0.0,0.3105596,0.0,0.0,0.0039957254,0.80980515,0.0,0.0,0.0
2010-06,87.8,2.988888888888889,30.97888888888889,90.6,90.7,91.8,99.0,103.0,95.3,8.542141230068337,0.0,0.0,0.57051396,0.0024980232,0.023608452,0.0,0.0,0.0,0.31514403,0.0,0.0,9.171525e-05,0.8148302,0.0,0.0,0.0
2010-07,95.3,6.053763440860215,29.922580645161293,87.8,90.6,90.7,98.4,94.5,112.9,18.46799580272824,0.0,0.0,0.5906672,0.027081914,0.0,0.0,0.0,0.0,0.34230244,0.0,0.0,0.0,0.8464127,0.0,0.0,0.0
2010-08,112.9,4.455913978494624,30.46989247311828,95.3,87.8,90.6,94.0,91.9,125.9,11.514614703277235,0.0,0.0,0.5943356,0.015566416,0.010071559,0.0,0.0,0.0,0.33480763,0.0,0.0,0.0,0.85033554,0.0,0.0,0.0
2010-09,125.9,3.9277777777777776,24.331111111111117,112.9,95.3,87.8,91.8,89.8,130.6,3.733121525019848,0.0,0.0,0.5853709,0.0084397495,0.018266426,0.0,0.0,0.0,0.3256896,0.0,0.0,0.0,0.83672166,0.0,0.0,0.0
2010-10,130.6,0.7989247311827957,19.806451612903224,125.9,112.9,95.3,90.7,93.8,132.4,1.3782542113323213,0.0,0.0,0.60200924,0.0,0.07502872,0.0,0.0,0.0,0.3027321,0.0,0.0,0.036193915,0.85613436,0.0,0.0,0.043536343
2010-11,132.4,1.0,16.164444444444445,130.6,125.9,112.9,90.6,98.0,139.7,5.513595166163129,0.0,0.0,0.57076013,0.0,0.095667824,0.0,0.0,0.0,0.2753408,0.0040669516,0.0068279877,0.051714078,0.80932415,0.0,0.0,0.07081252
2010-12,139.7,1.156989247311828,6.508602150537634,132.4,130.6,125.9,87.8,99.0,144.9,3.722261989978538,0.0,0.0,0.5876416,0.0,0.13039112,0.0,0.02299346,0.0,0.26471937,0.021195456,0.01708904,0.07619615,0.8308806,0.0,0.0,0.10874689
2011-01,144.9,0.9774193548387098,3.737634408602151,139.7,132.4,130.6,95.3,98.4,151.4,4.485852311939268,0.0,0.0,0.5472121,0.0,0.24383064,0.0,0.13497955,0.0,0.18121915,0.110298134,0.08204226,0.15842034,0.7632631,0.0,0.0,0.24362433
2011-02,151.4,1.2571428571428571,5.963095238095238,144.9,139.7,132.4,112.9,94.0,145.5,-3.896961690885077,0.0,0.0,0.51595694,0.0,0.33032352,0.0,0.22049487,0.0,0.11733448,0.17838407,0.13170756,0.22112286,0.71108747,0.0,0.0,0.3465119
2011-03,145.5,1.0440860215053764,14.225806451612904,151.4,144.9,139.7,125.9,91.8,151.7,4.261168384879718,0.0,0.046461456,0.4275953,0.0,0.393757,0.0,0.30312034,0.0,0.0370703,0.25101045,0.18965125,0.26864374,0.57831186,0.0,0.0,0.42946452
2011-04,151.7,2.174444444444444,20.61555555555556,145.5,151.4,144.9,130.6,90.7,150.9,-0.5273566249175893,0.0,0.14693268,0.37524158,0.0,0.47046146,0.0,0.38645294,0.0,0.0,0.31993407,0.2417972,0.32482818,0.49646112,0.0,0.0,0.52353007
2011-05,150.9,1.803225806451613,27.27204301075269,151.7,145.5,151.4,132.4,90.6,147.1,-2.51822398939696,0.0,0.28563082,0.30275187,0.0,0.57607377,0.0,0.5013146,0.0,0.0,0.4149736,0.31372896,0.40219635,0.38317752,0.0,0.0,0.65309274
2011-06,147.1,5.238888888888889,29.23111111111111,150.9,151.7,145.5,139.7,87.8,140.5,-4.486743711760703,0.03792501,0.3601572,0.25896442,0.0,0.62665373,0.0,0.5590839,0.0,0.0,0.46363547,0.35116142,0.43946242,0.31582344,0.0,0.0,0.716182
2011-07,140.5,2.389247311827957,30.42903225806452,147.1,150.9,151.7,144.9,95.3,144.9,3.131672597864773,0.118590005,0.46681845,0.21136133,0.0,0.7182561,0.0,0.6540628,0.0,0.0,0.5407722,0.4085295,0.50620914,0.23962176,0.0,0.0,0.8268085
2011-08,144.9,3.643010752688172,28.02365591397849,140.5,147.1,150.9,151.4,112.9,140.5,-3.036576949620432,0.14336121,0.49244502,0.19206558,0.0,0.7302424,0.0,0.6704663,0.0,0.0,0.5553969,0.42033306,0.51524967,0.21077907,0.0,0.0,0.8427808
2011-09,140.5,2.1644444444444444,24.70555555555556,144.9,140.5,147.1,145.5,125.9,133.1,-5.266903914590752,0.20771793,0.5673195,0.14737801,0.0,0.7801715,0.0,0.7279375,0.0,0.0,0.6039401,0.4577652,0.55207044,0.14217792,0.0,0.0,0.9052259
2011-10,133.1,0.4193548387096774,20.729032258064517,140.5,144.9,140.5,151.7,130.6,130.9,-1.6528925619834625,0.19806889,0.5606771,0.15708593,0.0,0.78306705,0.0,0.72752845,0.0,0.0,0.6024902,0.45589134,0.5539173,0.15596302,0.0,0.0,0.90743846
2011-11,130.9,0.6622222222222223,14.093333333333334,133.1,140.5,144.9,150.9,132.4,124.4,-4.965622612681436,0.19317415,0.5598129,0.16365461,0.0,0.7902102,0.0,0.7318072,0.0,0.0,0.60494024,0.4569841,0.5588811,0.16486876,0.0,0.0,0.9148876
2011-12,124.4,1.4193548387096775,9.925806451612903,130.9,133.1,140.5,147.1,139.7,127.2,2.250803858520898,0.2254535,0.58610463,0.13384962,0.0,0.7897436,0.0,0.74046487,0.0,0.0,0.6149669,0.4665728,0.559246,0.121861085,0.0,0.0,0.9177657
2012-01,127.2,1.539784946236559,6.170967741935484,124.4,130.9,133.1,140.5,144.9,131.1,3.06603773584905,0.18729842,0.55725545,0.17054227,0.0,0.79534215,0.0,0.73422146,0.0,0.0,0.6059485,0.45705616,0.56239635,0.17439872,0.0,0.0,0.919991
2012-02,131.1,1.1597701149425288,5.894252873563218,127.2,124.4,130.9,144.9,151.4,130.6,-0.3813882532418002,0.16480835,0.5392222,0.19149545,0.0,0.7963129,0.0,0.72869986,0.0,0.0,0.59932506,0.45060784,0.5626004,0.20458135,0.0,0.0,0.9187057
2012-03,130.6,1.6870967741935483,16.723655913978494,131.1,127.2,124.4,140.5,145.5,129.1,-1.1485451761102603,0.105682105,0.48098513,0.23947573,0.0,0.77434117,0.0,0.6947947,0.0,0.0,0.5681443,0.4248243,0.5457328,0.27566376,0.0,0.0,0.887983
2012-04,129.1,1.51,22.89444444444445,130.6,131.1,127.2,133.1,151.7,126.3,-2.1688613477924066,0.05621535,0.4483128,0.29015023,0.0,0.7923117,0.0,0.69516957,0.0,0.0,0.56246614,0.41634375,0.55741936,0.34738824,0.0,0.0,0.902812
2012-05,126.3,1.0913978494623655,29.337634408602156,129.1,130.6,131.1,130.9,150.9,125.3,-0.7917656373713382,0.0,0.34485582,0.34976274,0.0,0.720601,0.0,0.61401695,0.0,0.0,0.4943307,0.36408478,0.5046426,0.4393164,0.0,0.0,0.8136487
2012-06,125.3,1.242222222222222,32.065555555555555,126.3,129.1,130.6,124.4,147.1,143.9,14.844373503591388,0.0,0.30432588,0.3735784,0.0,0.6930973,0.0,0.5826022,0.0,0.0,0.46786803,0.3437284,0.4843785,0.47594926,0.0,0.0,0.7793422
2012-07,143.9,1.821505376344086,32.80967741935484,125.3,126.3,129.1,127.2,140.5,147.1,2.223766504517018,0.0,0.2533749,0.37570563,0.0,0.62305236,0.0,0.5204024,0.0,0.0,0.42076933,0.31113178,0.4341436,0.48471916,0.0,0.0,0.69867575
2012-08,147.1,3.902150537634408,29.147311827956987,143.9,125.3,126.3,131.1,144.9,146.8,-0.2039428959891114,0.0,0.23364884,0.38129854,0.0,0.6020164,0.0,0.5002153,0.0,0.0,0.40490672,0.2997131,0.41894093,0.49450782,0.0,0.0,0.6738825
2012-09,146.8,1.9211111111111112,26.202222222222225,147.1,143.9,125.3,130.6,140.5,146.5,-0.2043596730245309,0.0,0.22106346,0.3956299,0.0,0.60232174,0.0,0.49612352,0.0,0.0,0.4001391,0.29513937,0.4188235,0.51518095,0.0,0.0,0.6725916
2012-10,146.5,1.4548387096774191,20.608602150537635,146.8,147.1,143.9,129.1,133.1,148.5,1.3651877133105803,0.0,0.1971671,0.41313338,0.0,0.59052044,0.0,0.48042786,0.0,0.0,0.3862584,0.2840094,0.40995762,0.54142016,0.0,0.0,0.657037
2012-11,148.5,0.6122222222222222,14.622222222222222,146.5,146.8,147.1,126.3,130.9,146.4,-1.41414141414141,0.0,0.24323995,0.38915914,0.0,0.6257373,0.0,0.5186688,0.0,0.0,0.4178811,0.30793035,0.43575162,0.50393087,0.0,0.0,0.7002175
2012-12,146.4,1.272043010752688,7.065591397849462,148.5,146.5,146.8,125.3,124.4,145.2,-0.8196721311475527,0.0,0.30045468,0.3448338,0.0,0.65091044,0.0,0.5542752,0.0,0.0,0.44991344,0.3339697,0.45482728,0.43786663,0.0,0.0,0.73419726
2013-01,145.2,1.2247311827956988,5.867741935483871,146.4,148.5,146.5,143.9,127.2,142.3,-1.9972451790633452,0.0073396713,0.34698862,0.2949116,0.0,0.65369356,0.0,0.57190895,0.0,0.0,0.469067,0.35165378,0.45799237,0.36554044,0.0,0.0,0.74311066
2013-02,142.3,2.5976190476190477,8.22857142857143,145.2,146.4,148.5,147.1,131.1,139.9,-1.6865776528461038,0.023810104,0.35985917,0.2793463,0.0,0.6522217,0.0,0.57535106,0.0,0.0,0.47349042,0.3561022,0.45730284,0.34317997,0.0,0.0,0.74320364
2013-03,139.9,1.7010752688172042,11.296774193548384,142.3,145.2,146.4,146.8,130.6,134.9,-3.5739814152966405,0.0071949437,0.34349912,0.2928327,0.0,0.6460592,0.0,0.5658327,0.0,0.0,0.46473494,0.34886095,0.45257136,0.36315897,0.0,0.0,0.7345834
2013-04,134.9,2.3722222222222222,20.806666666666665,139.9,142.3,145.2,146.5,129.1,136.4,1.111934766493699,0.023866735,0.36060154,0.27975085,0.0,0.65379786,0.0,0.57661307,0.0,0.0,0.47439343,0.3566868,0.4584228,0.34363618,0.0,0.0,0.744967
2013-05,136.4,3.2408602150537638,28.17849462365591,134.9,139.9,142.3,148.5,126.3,133.8,-1.9061583577712569,0.052961867,0.37999025,0.250058,0.0,0.6436167,0.0,0.57669985,0.0,0.0,0.47795132,0.36181492,0.45182475,0.30158055,0.0,0.0,0.7366783
2013-06,133.8,3.095555555555556,29.587777777777777,136.4,134.9,139.9,146.4,125.3,126.4,-5.530642750373696,0.09627668,0.43332914,0.22191411,0.0,0.6838917,0.0,0.6206543,0.0,0.0,0.51436794,0.38941038,0.48134068,0.25765786,0.0,0.0,0.786144
2013-07,126.4,1.8935483870967744,29.081720430107527,133.8,136.4,134.9,145.2,143.9,119.2,-5.696202531645572,0.13555336,0.47661474,0.1930599,0.0,0.70890486,0.0,0.65141326,0.0,0.0,0.5409293,0.41028938,0.4999387,0.21395075,0.0,0.0,0.81816804
2013-08,119.2,2.8096774193548386,28.548387096774192,126.4,133.8,136.4,142.3,147.1,116.7,-2.097315436241611,0.15034066,0.50113183,0.18759112,0.0,0.73694074,0.0,0.6777138,0.0,0.0,0.56138194,0.4248548,0.5201537,0.20377201,0.0,0.0,0.8509841
2013-09,116.7,2.221111111111111,25.22555555555556,119.2,126.4,133.8,139.9,146.8,118.7,1.713796058269066,0.1026932,0.44509104,0.22027831,0.0,0.69860154,0.0,0.6340783,0.0,0.0,0.5246713,0.39664677,0.4919183,0.25409892,0.0,0.0,0.8032206
2013-10,118.7,1.3440860215053765,19.982795698924733,116.7,119.2,126.4,134.9,146.5,118.0,-0.5897219882055627,0.072013505,0.40702567,0.24002504,0.0,0.6694279,0.0,0.60243404,0.0,0.0,0.4985143,0.37686807,0.470553,0.284991,0.0,0.0,0.76746285
2013-11,118.0,0.8166666666666667,14.04,118.7,116.7,119.2,136.4,148.5,117.9,-0.0847457627118595,0.013697296,0.34609658,0.28505778,0.0,0.6398529,0.0,0.5627442,0.0,0.0,0.46332324,0.3485914,0.44830704,0.35243496,0.0,0.0,0.728348
2013-12,117.9,0.5602150537634408,6.811827956989247,118.0,118.7,116.7,133.8,146.4,117.0,-0.763358778625959,0.0,0.30031806,0.33182377,0.0,0.6341233,0.0,0.54348147,0.0,0.0,0.44331387,0.33060354,0.44310498,0.42044252,0.0,0.0,0.7164131
2014-01,117.0,1.1268817204301076,4.520430107526882,117.9,118.0,118.7,126.4,145.2,119.7,2.30769230769231,0.0,0.28358632,0.3492954,0.0,0.6325124,0.0,0.53675044,0.0,0.0,0.43618903,0.32412452,0.44154096,0.4458068,0.0,0.0,0.7125624
2014-02,119.7,1.305952380952381,5.932142857142857,117.0,117.9,118.0,119.2,142.3,125.4,4.7619047619047645,0.0,0.25251034,0.36935362,0.0,0.61371684,0.0,0.51413125,0.0,0.0,0.41679302,0.30896938,0.427604,0.47630465,0.0,0.0,0.6886846
2014-03,125.4,1.610752688172043,13.908602150537634,119.7,117.0,117.9,116.7,139.9,125.5,0.0797448165869173,0.0,0.2398752,0.36585382,0.0,0.59121054,0.0,0.49541843,0.0,0.0,0.40311038,0.2998712,0.4115612,0.47308087,0.0,0.0,0.66324466
2014-04,125.5,2.95,20.46444444444444,125.4,119.7,117.0,118.7,134.9,125.2,-0.2390438247011929,0.0,0.1646212,0.43724835,0.0,0.57479954,0.0,0.4592764,0.0,0.0,0.36749077,0.26892024,0.39812845,0.57752687,0.0,0.0,0.6362248
2014-05,125.2,2.3365591397849466,27.161290322580644,125.5,125.4,119.7,118.0,136.4,118.7,-5.1916932907348246,0.0,0.13633321,0.44037214,0.0,0.5383882,0.0,0.4263292,0.0,0.0,0.3423077,0.25131205,0.37196752,0.58500016,0.0,0.0,0.59406096
2014-06,118.7,3.335555555555556,29.881111111111117,125.2,125.5,125.4,117.9,133.8,112.2,-5.475989890480202,0.0,0.12547474,0.43999165,0.0,0.5223971,0.0,0.41239265,0.0,0.0,0.33185554,0.24415508,0.36051938,0.5857514,0.0,0.0,0.5757442
2014-07,112.2,2.1247311827956987,29.201075268817203,118.7,125.2,125.5,117.0,126.4,110.4,-1.6042780748663077,0.0,0.12969004,0.42987177,0.0,0.5155104,0.0,0.40941972,0.0,0.0,0.33080667,0.24434683,0.35582274,0.57169604,0.0,0.0,0.56899625
2014-08,110.4,2.2225806451612904,29.73440860215054,112.2,118.7,125.2,119.7,119.2,107.4,-2.717391304347826,0.0,0.119891725,0.43227962,0.0,0.50458926,0.0,0.3990901,0.0,0.0,0.3227433,0.23858169,0.34794167,0.57606196,0.0,0.0,0.55618125
2014-09,107.4,2.1955555555555555,25.297777777777775,110.4,112.2,118.7,125.4,116.7,108.2,0.7448789571694573,0.0,0.10415513,0.4403412,0.0,0.49239862,0.0,0.38592485,0.0,0.0,0.3118791,0.23037928,0.33901837,0.5886965,0.0,0.0,0.54126114
2014-10,108.2,1.2236559139784946,20.2247311827957,107.4,110.4,112.2,125.5,118.7,109.3,1.0166358595194032,0.0,0.09108068,0.43455526,0.0,0.46634933,0.0,0.36479405,0.0,0.0003996417,0.296644,0.22041973,0.32049042,0.5824589,0.0,0.0,0.512015
2014-11,109.3,0.4244444444444444,12.28111111111111,108.2,107.4,110.4,125.2,118.0,110.9,1.4638609332113528,0.0,0.056575764,0.44919777,0.0,0.43575048,0.0,0.3334503,0.0,0.024830911,0.27131385,0.2016704,0.29822403,0.6060954,0.0,0.0,0.47520548
2014-12,110.9,1.1258064516129032,7.525806451612903,109.3,108.2,107.4,118.7,117.9,105.9,-4.508566275924256,0.0,0.052834556,0.4617022,0.0,0.44635528,0.0,0.33896503,0.0,0.025339056,0.27399665,0.20238769,0.30552855,0.62329215,0.0,0.0,0.48594922
2015-01,105.9,0.9623655913978496,6.546236559139785,110.9,109.3,108.2,112.2,117.0,101.6,-4.060434372049113,0.0,0.048266858,0.46890357,0.0,0.44901672,0.0,0.3391129,0.0,0.027541146,0.273261,0.20123148,0.30726653,0.63347626,0.0,0.0,0.4881802
2015-02,101.6,1.9166666666666667,6.445238095238095,105.9,110.9,109.3,110.4,119.7,99.5,-2.0669291338582623,0.0,0.030544229,0.4906566,0.0,0.45145115,0.0,0.33463416,0.0,0.037298713,0.26732898,0.19518664,0.30850047,0.6646949,0.0,0.0,0.48848373
2015-03,99.5,3.253763440860215,14.42043010752688,101.6,105.9,110.9,107.4,125.4,98.2,-1.30653266331658,0.0,0.007815108,0.49418637,0.0,0.42349556,0.0,0.30899402,0.0,0.054591324,0.24760176,0.1812956,0.2883882,0.6720666,0.0,0.0,0.45598197
2015-04,98.2,2.138888888888889,20.74222222222222,99.5,101.6,105.9,108.2,125.5,95.7,-2.545824847250509,0.0,0.0,0.54134107,0.0,0.3177627,0.0,0.20173424,0.0,0.13725494,0.16126792,0.11764023,0.21152797,0.74877,0.0,0.0,0.32918268
2015-05,95.7,3.30752688172043,26.959139784946235,98.2,99.5,101.6,109.3,125.2,96.7,1.044932079414838,0.0,0.0,0.5391724,0.0,0.26237476,0.0,0.15372133,0.0,0.16683882,0.12536003,0.09313065,0.17189527,0.7501434,0.0,0.0,0.26583683
2015-06,96.7,4.333333333333333,29.03,95.7,98.2,99.5,110.9,118.7,98.9,2.275077559462257,0.0,0.0,0.5514181,0.0,0.2248801,0.0,0.11704698,0.0,0.19386733,0.09629677,0.07202937,0.1447443,0.7708791,0.0,0.0,0.22138433
2015-07,98.9,5.253763440860215,28.758064516129032,96.7,95.7,98.2,105.9,112.2,91.9,-7.077856420626895,0.0,0.0,0.56597584,0.0,0.22537544,0.0,0.11305328,0.0,0.20102566,0.09157638,0.06746769,0.14475766,0.7918638,0.0,0.0,0.22028562
2015-08,91.9,3.455913978494624,28.1,98.9,96.7,95.7,101.6,110.4,90.5,-1.5233949945593095,0.0,0.0,0.57332253,0.0,0.23038064,0.0,0.11521655,0.0,0.20200321,0.09234163,0.067331046,0.14817144,0.80206704,0.0,0.0,0.22519097
2015-09,90.5,2.506666666666667,27.142222222222223,91.9,98.9,96.7,99.5,107.4,91.7,1.3259668508287323,0.0,0.0,0.5768117,0.0,0.18180554,0.0,0.0714692,0.0,0.23070064,0.05898097,0.044063494,0.11328704,0.8110574,0.0,0.0,0.16901931
2015-10,91.7,0.9537634408602153,20.038709677419355,90.5,91.9,98.9,98.2,108.2,90.5,-1.3086150490730677,0.0,0.0,0.58264434,0.0,0.20216587,0.0,0.08758651,0.0,0.22239679,0.07043437,0.05141712,0.12773773,0.817825,0.0,0.0,0.19172814
2015-11,90.5,2.4277777777777776,14.815555555555555,91.7,90.5,91.9,95.7,109.3,89.4,-1.2154696132596623,0.0,0.0,0.55680096,0.0,0.13814028,0.0,0.039185874,0.0,0.24467918,0.03701914,0.030759484,0.082471736,0.78570896,0.0,0.0,0.12117658
2015-12,89.4,1.6161290322580646,9.972043010752689,90.5,91.7,90.5,96.7,110.9,87.6,-2.013422818791959,0.0,0.0,0.57972234,0.0,0.13989581,0.0,0.033755086,0.0,0.25540945,0.030232579,0.024021387,0.083191805,0.8186702,0.0,0.0,0.12056682
2016-01,87.6,1.4505376344086025,4.744086021505376,89.4,90.5,91.7,98.9,105.9,87.3,-0.3424657534246543,0.0,0.0,0.648136,0.0,0.06193725,0.0,0.0,0.0,0.33353725,0.0,0.0,0.025732156,0.9238175,0.0,0.0,0.023221932
2016-02,87.3,0.981609195402299,10.663218390804598,87.6,89.4,90.5,91.9,101.6,86.5,-0.9163802978235936,0.0,0.0,0.6726324,0.008170165,0.03625878,0.0,0.0,0.0,0.36027318,0.0,0.0,0.006759887,0.9612851,0.0,0.0,0.0
2016-03,86.5,2.510752688172043,15.918279569892476,87.3,87.6,89.4,90.5,99.5,88.4,2.196531791907521,0.0,0.0,0.70331293,0.06471073,0.0,0.0,0.0,0.0,0.41648662,0.0,0.0,0.0,1.0115476,0.0,0.0,0.0
2016-04,88.4,1.8533333333333333,23.19333333333333,86.5,87.3,87.6,91.7,98.2,91.1,3.054298642533924,0.0,0.0,0.69104725,0.08083054,0.0,0.0,0.0,0.0,0.42413497,0.0,0.0,0.0,0.9958751,0.0,0.0,0.0
2016-05,91.1,2.8010752688172045,26.623655913978496,88.4,86.5,87.3,90.5,95.7,94.1,3.293084522502744,0.0,0.0,0.67775595,0.092538275,0.0,0.0,0.0,0.0,0.42794245,0.0,0.0,0.0,0.97823447,0.0,0.0,0.0
2016-06,94.1,2.683333333333333,30.7,91.1,88.4,86.5,89.4,96.7,90.4,-3.9319872476089146,0.0,0.0,0.69101644,0.100011416,0.0,0.0,0.0,0.0,0.43904278,0.0,0.0,0.0,0.9980214,0.0,0.0,0.0
2016-07,90.4,2.981720430107527,29.51290322580645,94.1,91.1,88.4,87.6,98.9,89.3,-1.2168141592920447,0.0,0.0,0.6840804,0.09814774,0.0,0.0,0.0,0.0,0.43482754,0.0,0.0,0.0,0.9879052,0.0,0.0,0.0
2016-08,89.3,3.949462365591398,28.774193548387096,90.4,94.1,91.1,87.3,91.9,86.3,-3.3594624860022395,0.0,0.0,0.68084687,0.106227465,0.0,0.0,0.0,0.0,0.4398231,0.0,0.0,0.0,0.9842107,0.0,0.0,0.0
2016-09,86.3,1.69,26.51555555555556,89.3,90.4,94.1,86.5,90.5,86.7,0.4634994206257308,0.0,0.0,0.6740742,0.102255516,0.0,0.0,0.0,0.0,0.43403307,0.0,0.0,0.0,0.97408706,0.0,0.0,0.0
2016-10,86.7,1.632258064516129,21.061290322580646,86.3,89.3,90.4,88.4,91.7,86.0,-0.8073817762399109,0.0,0.0,0.66959393,0.10364757,0.0,0.0,0.0,0.0,0.4333295,0.0,0.0,0.0,0.967849,0.0,0.0,0.0
2016-11,86.0,1.2066666666666666,15.358888888888888,86.7,86.3,89.3,91.1,90.5,86.1,0.1162790697674352,0.0,0.0,0.68559533,0.10501645,0.0,0.0,0.0,0.0,0.44077444,0.0,0.0,0.0,0.99085253,0.0,0.0,0.0
2016-12,86.1,1.043010752688172,8.30537634408602,86.0,86.7,86.3,94.1,89.4,88.7,3.019744483159128,0.0,0.0,0.66231257,0.12837896,0.0,0.0,0.0,0.0,0.44966385,0.0,0.0,0.0,0.9602766,0.0,0.0,0.0
2017-01,88.7,2.1161290322580646,5.606451612903226,86.1,86.0,86.7,90.4,87.6,90.0,1.4656144306651604,0.0,0.0,0.68758756,0.13511577,0.0,0.0,0.0,0.0,0.46498176,0.0,0.0,0.0,0.997134,0.0,0.0,0.0
2017-02,90.0,1.4202380952380953,10.489285714285714,88.7,86.1,86.0,89.3,87.3,87.9,-2.333333333333327,0.0,0.0,0.68829155,0.14260471,0.0,0.0,0.0,0.0,0.4710879,0.0,0.0,0.0,0.9989944,0.0,0.0,0.0
2017-03,87.9,1.2161290322580645,15.76989247311828,90.0,88.7,86.1,86.3,86.5,86.9,-1.1376564277588168,0.0,0.0,0.67566645,0.12990057,0.0,0.0,0.0,0.0,0.45617187,0.0,0.0,0.0,0.9795172,0.0,0.0,0.0
2017-04,86.9,2.1566666666666667,22.72222222222222,87.9,90.0,88.7,86.7,88.4,88.3,1.6110471806674238,0.0,0.0,0.6636188,0.114230864,0.0,0.0,0.0,0.0,0.43917942,0.0,0.0,0.0,0.96052605,0.0,0.0,0.0
2017-05,88.3,1.7150537634408602,26.791397849462363,86.9,87.9,90.0,86.0,91.1,92.4,4.64326160815403,0.0,0.0,0.6522338,0.12369361,0.0,0.0,0.0,0.0,0.44200063,0.0,0.0,0.0,0.9453509,0.0,0.0,0.0
2017-06,92.4,4.16,30.542222222222225,88.3,86.9,87.9,86.1,94.1,96.9,4.87012987012987,0.0,0.0,0.66000366,0.121604584,0.0,0.0,0.0,0.0,0.44347364,0.0,0.0,0.0,0.9562062,0.0,0.0,0.0
2017-07,96.9,2.7440860215053764,30.10967741935484,92.4,88.3,86.9,88.7,90.4,92.3,-4.747162022703827,0.0,0.0,0.66365904,0.13595778,0.0,0.0,0.0,0.0,0.4560959,0.0,0.0,0.0,0.96306443,0.0,0.0,0.0
2017-08,92.3,3.167741935483871,29.4,96.9,92.4,88.3,90.0,89.3,92.1,-0.2166847237269803,0.0,0.0,0.6768831,0.1294612,0.0,0.0,0.0,0.0,0.45631528,0.0,0.0,0.0,0.9812044,0.0,0.0,0.0
2017-09,92.1,1.1955555555555557,27.41555555555556,92.3,96.9,92.4,87.9,86.3,91.8,-0.3257328990227982,0.0,0.0,0.6613803,0.11867165,0.0,0.0,0.0,0.0,0.44174114,0.0,0.0,0.0,0.9578369,0.0,0.0,0.0
2017-10,91.8,2.298924731182796,20.88924731182796,92.1,92.3,96.9,86.9,86.7,92.1,0.326797385620912,0.0,0.0,0.66659737,0.11545769,0.0,0.0,0.0,0.0,0.44132128,0.0,0.0,0.0,0.9649189,0.0,0.0,0.0
2017-11,92.1,0.4944444444444444,13.418888888888889,91.8,92.1,92.3,88.3,86.0,92.4,0.3257328990228136,0.0,0.0,0.6636211,0.10033586,0.0,0.0,0.0,0.0,0.42837197,0.0,0.0,0.0,0.9589427,0.0,0.0,0.0
2017-12,92.4,1.546236559139785,9.073118279569892,92.1,91.8,92.1,92.4,86.1,95.2,3.0303030303030267,0.0,0.0,0.66363215,0.11090424,0.0,0.0,0.0,0.0,0.43659705,0.0,0.0,0.0,0.96016526,0.0,0.0,0.0
2018-01,95.2,0.9623655913978496,6.42258064516129,92.4,92.1,91.8,96.9,88.7,98.4,3.3613445378151288,0.0,0.0,0.6742733,0.100607194,0.0,0.0,0.0,0.0,0.43283036,0.0,0.0,0.0,0.97418326,0.0,0.0,0.0
2018-02,98.4,1.4952380952380953,7.625,95.2,92.4,92.1,92.3,90.0,101.8,3.4552845528455194,0.0,0.0,0.7060819,0.09512433,0.0,0.0,0.0,0.0,0.44124827,0.0,0.0,0.0,1.0189742,0.0,0.0,0.0
2018-03,101.8,2.0602150537634407,13.51505376344086,98.4,95.2,92.4,92.1,87.9,104.0,2.161100196463657,0.0,0.0,0.67371404,0.053167835,0.0,0.0,0.0,0.0,0.3957062,0.0,0.0,0.0,0.9679677,0.0,0.0,0.0
2018-04,104.0,1.7166666666666666,21.43,101.8,98.4,95.2,91.8,86.9,105.5,1.4423076923076923,0.0,0.0,0.64338225,0.00640855,0.03282757,0.0,0.0,0.0,0.3472401,0.0,0.0,0.004987542,0.91931975,0.0,0.0,0.0
2018-05,105.5,2.138709677419355,29.465591397849465,104.0,101.8,98.4,92.1,88.3,100.8,-4.4549763033175385,0.0,0.0,0.62581867,0.0,0.053003304,0.0,0.0,0.0,0.32709303,0.0,0.0,0.019854767,0.8923125,0.0,0.0,0.015520448
2018-06,100.8,2.7777777777777777,31.007777777777772,105.5,104.0,101.8,92.4,92.4,98.7,-2.083333333333328,0.0,0.0,0.6290263,0.0,0.057119295,0.0,0.0,0.0,0.32645005,0.0,0.0,0.022728536,0.8966104,0.0,0.0,0.01987891
2018-07,98.7,4.226881720430107,29.366666666666667,100.8,105.5,104.0,95.2,96.9,103.5,4.863221884498477,0.0,0.0,0.6324942,0.0,0.069046125,0.0,0.0,0.0,0.32161185,0.0,0.0,0.031192355,0.90064865,0.0,0.0,0.033175625
2018-08,103.5,3.2376344086021507,29.79032258064516,98.7,100.8,105.5,98.4,92.3,100.3,-3.091787439613529,0.0,0.0,0.64817125,0.0,0.068627045,0.0,0.0,0.0,0.32984835,0.0,0.0,0.03052435,0.92332417,0.0,0.0,0.030898847
2018-09,100.3,6.148888888888889,25.71,103.5,98.7,100.8,101.8,92.1,100.9,0.5982053838484632,0.0,0.0,0.6437035,0.0,0.0913806,0.0,0.0,0.0,0.31495923,0.0,0.0,0.04693131,0.91502094,0.0,0.0,0.057535373
2018-10,100.9,1.8258064516129031,20.448387096774194,100.3,103.5,98.7,104.0,91.8,99.6,-1.2884043607532325,0.0,0.0,0.6556465,0.0,0.095151,0.0,0.0,0.0,0.3189678,0.0,0.0,0.049352583,0.9319628,0.0,0.0,0.06049639
2018-11,99.6,1.268888888888889,11.145555555555555,100.9,100.3,103.5,105.5,92.1,101.1,1.5060240963855422,0.0,0.0,0.6409787,0.0,0.119152725,0.0,0.0,0.0,0.29817918,0.0,0.0,0.06689312,0.90882653,0.0,0.0,0.0897343
2018-12,101.1,1.6053763440860216,7.687096774193548,99.6,100.9,100.3,100.8,92.4,101.8,0.6923837784371938,0.0,0.0,0.64224875,0.0,0.15305682,0.0,0.026297797,0.0,0.280041,0.017261304,0.009453118,0.09115464,0.90790296,0.0,0.0,0.1285162
2019-01,101.8,1.6774193548387095,4.502150537634408,101.1,99.6,100.9,98.7,95.2,100.7,-1.0805500982318217,0.0,0.0,0.6361769,0.0,0.18463768,0.0,0.055897024,0.0,0.25944152,0.040269345,0.025831327,0.11392357,0.89656484,0.0,0.0,0.16547151
2019-02,100.7,2.348809523809524,6.546428571428571,101.8,101.1,99.6,103.5,98.4,97.5,-3.177755710029794,0.0,0.0,0.6051795,0.0,0.20415178,0.0,0.08247574,0.0,0.23280218,0.06393433,0.044910923,0.12863205,0.8502098,0.0,0.0,0.19142725
2019-03,97.5,1.153763440860215,13.002150537634408,100.7,101.8,101.1,100.3,101.8,94.6,-2.97435897435898,0.0,0.0,0.5818584,0.0,0.19359891,0.0,0.080297306,0.0,0.22674263,0.06503666,0.0477743,0.12161826,0.8173869,0.0,0.0,0.18198189
2019-04,94.6,1.7,21.664444444444445,97.5,100.7,101.8,100.9,104.0,94.4,-0.2114164904862459,0.0,0.0,0.55379415,0.0,0.1462687,0.0,0.047243573,0.0,0.23863992,0.043441802,0.035449855,0.08836598,0.7807051,0.0,0.0,0.13085367
2019-05,94.4,3.4021505376344083,26.41720430107527,94.6,97.5,100.7,99.6,105.5,99.2,5.0847457627118615,0.0,0.0,0.57110304,0.0,0.14461072,0.0,0.04052066,0.0,0.24839607,0.036342196,0.029002912,0.08677206,0.8058382,0.0,0.0,0.12696755
2019-06,99.2,2.052222222222222,31.11555555555556,94.4,94.6,97.5,101.1,100.8,97.6,-1.6129032258064602,0.0,0.0,0.57660425,0.0,0.13073854,0.0,0.02665668,0.0,0.25889155,0.025252894,0.02087672,0.076704055,0.8149117,0.0,0.0,0.11040994
2019-07,97.6,3.746236559139785,29.58924731182796,99.2,94.4,94.6,101.8,98.7,92.6,-5.122950819672131,0.0,0.0,0.6003432,0.0,0.14409725,0.0,0.03117355,0.0,0.26360986,0.025862694,0.01915355,0.0857183,0.8481101,0.0,0.0,0.123028904
2019-08,92.6,5.023655913978494,28.63010752688172,97.6,99.2,94.4,100.7,103.5,91.8,-0.8639308855291546,0.0,0.0,0.5774911,0.0,0.16066626,0.0,0.052686162,0.0,0.2427611,0.04475382,0.034213588,0.098125555,0.81375825,0.0,0.0,0.1446702
2019-09,91.8,2.795555555555556,27.05555555555556,92.6,97.6,99.2,97.5,100.3,96.0,4.575163398692814,0.0,0.0,0.594071,0.0,0.12504373,0.0,0.016338345,0.0,0.27096513,0.015426658,0.012539618,0.072214164,0.8406012,0.0,0.0,0.101870835
2019-10,96.0,2.335483870967742,20.247311827956988,91.8,92.6,97.6,94.6,100.9,95.6,-0.4166666666666725,0.0,0.0,0.57164055,0.0,0.13244891,0.0,0.029669836,0.0,0.25540954,0.028106235,0.023287833,0.078045994,0.8076039,0.0,0.0,0.11294227
2019-11,95.6,1.0566666666666666,13.29,96.0,91.8,92.6,94.4,99.6,97.4,1.8828451882845307,0.0,0.0,0.5773515,0.0,0.10367287,0.0,0.0026451424,0.0,0.27427047,0.0070796534,0.008305766,0.057294875,0.81819254,0.0,0.0,0.07924864
2019-12,97.4,1.256989247311828,9.336559139784946,95.6,96.0,91.8,99.2,101.1,100.7,3.388090349075972,0.0,0.0,0.60177904,0.0,0.08312387,0.0,0.0,0.0,0.29812896,0.0,0.0,0.04199914,0.8551434,0.0,0.0,0.05285718
2020-01,100.7,1.6064516129032258,6.290322580645161,97.4,95.6,96.0,97.6,101.8,99.6,-1.0923535253227492,0.0,0.0,0.62981147,0.0,0.04618945,0.0,0.0,0.0,0.33290723,0.0,0.0,0.014879236,0.8986333,0.0,0.0,0.007239772
2020-02,99.6,1.2804597701149425,9.770114942528735,100.7,97.4,95.6,92.6,100.7,98.0,-1.6064257028112392,0.0,0.0,0.6745153,0.0,0.08630289,0.0,0.0,0.0,0.33350453,0.0,0.0,0.042570617,0.95993376,0.0,0.0,0.048176166
2020-03,98.0,2.7806451612903227,15.497849462365592,99.6,100.7,97.4,91.8,97.5,99.6,1.632653061224484,0.0,0.0,0.69264287,0.0,0.058197618,0.0,0.0,0.0,0.35833332,0.0,0.0,0.02200883,0.98840034,0.0,0.0,0.01383055
2020-04,99.6,1.3866666666666667,20.66,98.0,99.6,100.7,96.0,94.6,98.0,-1.6064257028112392,0.0,0.0,0.6724986,0.0,0.07685503,0.0,0.0,0.0,0.33771002,0.0,0.0,0.03584886,0.9577896,0.0,0.0,0.037559494
2020-05,98.0,2.833333333333333,24.672043010752688,99.6,98.0,99.6,95.6,94.4,97.3,-0.7142857142857172,0.0,0.0,0.6618054,0.0,0.0705841,0.0,0.0,0.0,0.3357251,0.0,0.0,0.031606663,0.942856,0.0,0.0,0.031584226
2020-06,97.3,2.44,30.48777777777778,98.0,99.6,98.0,97.4,99.2,97.3,0.0,0.0,0.0,0.66258097,0.0,0.085867934,0.0,0.0,0.0,0.3276522,0.0,0.0,0.042538956,0.942733,0.0,0.0,0.049043734
2020-07,97.3,2.283870967741936,30.4247311827957,97.3,98.0,99.6,100.7,97.6,99.2,1.9527235354573544,0.0,0.0,0.67661935,0.0,0.074449874,0.0,0.0,0.0,0.34114662,0.0,0.0,0.034028962,0.9639365,0.0,0.0,0.034326084
2020-08,99.2,2.252688172043011,29.787096774193547,97.3,97.3,98.0,99.6,92.6,104.3,5.141129032258059,0.0,0.0,0.6776986,0.0,0.07924188,0.0,0.0,0.0,0.3390424,0.0,0.0,0.037436984,0.9651055,0.0,0.0,0.039704442
2020-09,104.3,1.8322222222222224,27.164444444444445,99.2,97.3,97.3,98.0,91.8,112.1,7.478427612655798,0.0,0.0,0.6525702,0.0,0.09493851,0.0,0.0,0.0,0.31751484,0.0,0.0,0.04927248,0.92753714,0.0,0.0,0.06060479
2020-10,112.1,1.0580645161290323,21.696774193548386,104.3,99.2,97.3,99.6,96.0,114.8,2.4085637823372017,0.0,0.0,0.64283055,0.0,0.11097555,0.0,0.0,0.0,0.30365577,0.0,0.0,0.060991086,0.91216624,0.0,0.0,0.08013347
2020-11,114.8,1.031111111111111,14.504444444444443,112.1,104.3,99.2,98.0,95.6,116.4,1.393728222996523,0.0,0.0,0.61932427,0.0,0.1144765,0.0,0.0,0.0,0.28971422,0.0,0.0,0.064050734,0.87793267,0.0,0.0,0.08684544
2020-12,116.4,0.9161290322580644,8.03978494623656,114.8,112.1,104.3,97.3,97.4,125.0,7.388316151202743,0.0,0.0,0.635622,0.0,0.1140883,0.0,0.0,0.0,0.29825053,0.0,0.0,0.06339032,0.9015022,0.0,0.0,0.08453301
2021-01,125.0,1.4182795698924733,5.776344086021506,116.4,114.8,112.1,97.3,100.7,126.1,0.8799999999999953,0.0,0.0,0.6163368,0.0,0.18663542,0.0,0.06368855,0.0,0.24820483,0.048471577,0.03326527,0.11582032,0.8677485,0.0,0.0,0.17003766
2021-02,126.1,1.138095238095238,5.423809523809523,125.0,116.4,114.8,99.2,99.6,123.9,-1.7446471054718389,0.0,0.0,0.58466905,0.0,0.228767,0.0,0.11034652,0.0,0.20869055,0.08733891,0.06286501,0.14674906,0.81858534,0.0,0.0,0.2220386
2021-03,123.9,1.261290322580645,15.976344086021506,126.1,125.0,116.4,104.3,98.0,126.2,1.856335754640837,0.0,0.0,0.5100419,0.0,0.26750052,0.0,0.16708815,0.0,0.14912534,0.13885424,0.105044276,0.17625101,0.7076549,0.0,0.0,0.27505854
2021-04,126.2,1.487777777777778,20.508888888888887,123.9,126.1,125.0,112.1,99.6,133.7,5.94294770206021,0.0,0.0,0.509074,0.0,0.27206203,0.0,0.17139107,0.0,0.14610356,0.142209,0.107439816,0.17954183,0.70588595,0.0,0.0,0.2804068
2021-05,133.7,2.5946236559139786,25.507526881720427,126.2,123.9,126.1,114.8,98.0,130.3,-2.54300673148839,0.0,0.0,0.5012395,0.0,0.3189695,0.0,0.21499497,0.0,0.11611161,0.17597273,0.13137683,0.21333338,0.6907556,0.0,0.0,0.3351614
2021-06,130.3,2.4355555555555557,30.49777777777778,133.7,126.2,123.9,116.4,97.3,126.3,-3.069838833461254,0.0,0.0,0.50688666,0.0,0.37105897,0.0,0.25905105,0.0,0.09013155,0.20849128,0.15324034,0.25052142,0.6946743,0.0,0.0,0.39432168
2021-07,126.3,3.843010752688172,30.995698924731183,130.3,133.7,126.2,125.0,97.3,130.4,3.2462391132224933,0.0,0.02189055,0.48797578,0.0,0.43567473,0.0,0.3215861,0.0,0.0446718,0.2578166,0.18888402,0.29726005,0.6621064,0.0,0.0,0.470677
2021-08,130.4,2.26989247311828,29.856989247311827,126.3,130.3,133.7,126.1,99.2,132.8,1.8404907975460163,0.0,0.05355204,0.4822785,0.0,0.47362137,0.0,0.35666537,0.0,0.020736326,0.28490824,0.20803767,0.32458127,0.65079147,0.0,0.0,0.51489836
2021-09,132.8,1.9977777777777777,25.69333333333333,130.4,126.3,130.3,123.9,104.3,137.1,3.237951807228902,0.0,0.08635102,0.48047933,0.0,0.5181637,0.0,0.39635473,0.0,0.0,0.31501365,0.22891301,0.3565367,0.6445699,0.0,0.0,0.56624615
2021-10,137.1,2.3236559139784947,20.64516129032258,132.8,130.4,126.3,126.2,112.1,141.4,3.136396790663757,0.0,0.11941992,0.46353891,0.0,0.54378134,0.0,0.42402032,0.0,0.0,0.33784378,0.24614966,0.3752882,0.61801994,0.0,0.0,0.5975996
2021-11,141.4,0.9077777777777778,14.706666666666663,137.1,132.8,130.4,133.7,114.8,140.5,-0.6364922206506405,0.0,0.18571872,0.44063297,0.0,0.6092432,0.0,0.48851433,0.0,0.0,0.3891145,0.28349227,0.4227268,0.5796134,0.0,0.0,0.675384
2021-12,140.5,1.203225806451613,9.307526881720433,141.4,137.1,132.8,130.3,116.4,140.6,0.0711743772241952,0.0,0.2623796,0.38851666,0.0,0.6522493,0.0,0.5421619,0.0,0.0,0.43565157,0.32021463,0.45476177,0.50084645,0.0,0.0,0.7307312
2022-01,140.6,2.0688172043010757,4.856989247311828,140.5,141.4,137.1,126.3,125.0,145.3,3.3428165007112502,0.0,0.31533444,0.3509042,0.0,0.6799004,0.0,0.5779036,0.0,0.0,0.46699616,0.34517503,0.47545534,0.44427565,0.0,0.0,0.7667871
2022-02,145.3,0.6821428571428572,9.420238095238094,140.6,140.5,141.4,130.4,126.1,170.1,17.068134893324142,0.0,0.33110464,0.3204063,0.0,0.66352534,0.0,0.5727924,0.0,0.0,0.4667337,0.34774718,0.4644385,0.4015613,0.0,0.0,0.7514791
2022-03,170.1,1.5559139784946234,15.475268817204302,145.3,140.6,140.5,132.8,123.9,169.7,-0.2351557907113496,0.0,0.3403275,0.3224543,0.0,0.67930746,0.0,0.586038,0.0,0.0,0.47646925,0.35426068,0.47569776,0.4032353,0.0,0.0,0.7693649
2022-04,169.7,1.7866666666666668,21.98,170.1,145.3,140.6,137.1,126.2,173.5,2.2392457277548683,0.05144082,0.3990669,0.26479414,0.0,0.6896515,0.0,0.6126701,0.0,0.0,0.50331056,0.37793234,0.48446152,0.31911856,0.0,0.0,0.7878458
2022-05,173.5,2.3838709677419354,27.07956989247312,169.7,170.1,145.3,141.4,133.7,166.3,-4.149855907780974,0.10024218,0.45365176,0.2294693,0.0,0.7225477,0.0,0.652325,0.0,0.0,0.5373334,0.4045291,0.50885916,0.26542503,0.0,0.0,0.8296619
2022-06,166.3,2.7466666666666666,30.736666666666668,173.5,169.7,170.1,140.5,130.3,147.3,-11.42513529765484,0.16008374,0.5109259,0.17981434,0.0,0.74100864,0.0,0.6836545,0.0,0.0,0.56677115,0.42926466,0.52325064,0.19220948,0.0,0.0,0.85654545
2022-07,147.3,5.516129032258065,29.513978494623657,166.3,173.5,169.7,140.6,126.3,145.6,-1.154107264086909,0.20297667,0.55976886,0.14933515,0.0,0.7718853,0.0,0.72006047,0.0,0.0,0.597777,0.4533481,0.5460878,0.14567858,0.0,0.0,0.8954878
2022-08,145.6,2.803225806451613,29.555913978494623,147.3,166.3,173.5,145.3,130.4,147.9,1.5796703296703376,0.26112658,0.61654687,0.101820685,0.0,0.7923675,0.0,0.75251496,0.0,0.0,0.6278103,0.47830027,0.5618772,0.07539001,0.0,0.0,0.9244469
2022-09,147.9,3.575555555555556,24.846666666666664,145.6,147.3,166.3,170.1,132.8,152.3,2.9749830966869544,0.273886,0.63253045,0.09370833,0.0,0.80484617,0.0,0.7659488,0.0,0.0,0.63888276,0.48665053,0.5710081,0.06265876,0.0,0.0,0.9397036
2022-10,152.3,0.9526881720430108,20.940860215053764,147.9,145.6,147.3,169.7,137.1,150.1,-1.444517399868691,0.31521803,0.67547476,0.061633795,0.0,0.82526493,0.0,0.79365015,0.0,0.0,0.66352,0.50649637,0.58638984,0.0146744065,0.0,0.0,0.9668213
2022-11,150.1,1.7255555555555555,13.827777777777778,152.3,147.9,145.6,173.5,141.4,147.3,-1.8654230512991223,0.32466203,0.68413186,0.053546883,0.0,0.8273137,0.0,0.7979108,0.0,0.0,0.66768026,0.51008874,0.5880474,0.0028282218,0.0,0.0,0.97009987
2022-12,147.3,1.175268817204301,8.023655913978494,150.1,152.3,147.9,166.3,140.5,147.5,0.1357773251866861,0.34597534,0.7023884,0.034455772,0.0,0.8290366,0.0,0.805233,0.0,0.0,0.6754409,0.51715124,0.5897297,0.0,0.0,0.0,0.97426474
2023-01,147.5,1.3516129032258064,6.721505376344086,147.3,150.1,152.3,147.3,140.6,146.7,-0.5423728813559399,0.36225185,0.7092924,0.015257644,0.0,0.8144115,0.0,0.7982219,0.0,0.0,0.6724183,0.51680446,0.5797016,0.0,0.0,0.0,0.95967174
2023-02,146.7,1.1202380952380953,10.31547619047619,147.5,147.3,150.1,145.6,145.3,138.6,-5.521472392638033,0.36214715,0.7107445,0.016363217,0.0,0.8178952,0.0,0.8009468,0.0,0.0,0.67434067,0.51802725,0.5821716,0.0,0.0,0.0,0.96354485
2023-03,138.6,1.8806451612903223,14.778494623655916,146.7,147.5,147.3,147.9,170.1,136.1,-1.803751803751804,0.3571874,0.7064549,0.020778822,0.0,0.8174009,0.0,0.79916906,0.0,0.0,0.6724823,0.51635015,0.5817139,0.0,0.0,0.0,0.9624716
2023-04,136.1,1.8988888888888888,20.71888888888889,138.6,146.7,147.5,152.3,169.7,129.3,-4.996326230712699,0.31326526,0.6737026,0.06331766,0.0,0.8248817,0.0,0.7928011,0.0,0.0,0.6626824,0.5057681,0.5860757,0.01713747,0.0,0.0,0.96618843
2023-05,129.3,1.9774193548387096,26.496774193548383,136.1,138.6,146.7,150.1,173.5,126.6,-2.088167053364282,0.2781126,0.6497108,0.09882088,0.0,0.83589983,0.0,0.79168206,0.0,0.0,0.6576636,0.49911046,0.59313715,0.067516595,0.0,0.0,0.9747726
2023-06,126.6,1.5766666666666669,29.966666666666665,129.3,136.1,138.6,147.3,166.3,125.9,-0.5529225908372739,0.19517684,0.5586566,0.1599762,0.0,0.7838678,0.0,0.72735286,0.0,0.0,0.6020179,0.45530555,0.5544232,0.1600721,0.0,0.0,0.9080268
2023-07,125.9,4.302150537634409,29.43010752688172,126.6,129.3,136.1,147.5,147.3,125.0,-0.7148530579825303,0.16538107,0.5196307,0.1778039,0.0,0.750875,0.0,0.6929363,0.0,0.0,0.5739987,0.43441868,0.5303668,0.18850344,0.0,0.0,0.86810386
2023-08,125.0,2.610752688172043,30.296774193548387,125.9,126.6,129.3,146.7,145.6,126.3,1.0399999999999976,0.13055879,0.47792011,0.20119788,0.0,0.7211475,0.0,0.65969574,0.0,0.0,0.5462104,0.41318837,0.5085192,0.22470808,0.0,0.0,0.83129245
2023-09,126.3,1.3444444444444446,28.270000000000003,125.0,125.9,126.6,138.6,147.9,124.8,-1.187648456057007,0.1116787,0.4545264,0.21337058,0.0,0.70326555,0.0,0.64027846,0.0,0.0,0.53015363,0.40104228,0.49542186,0.24374303,0.0,0.0,0.8093668
2023-10,124.8,1.839784946236559,22.03440860215053,126.3,125.0,125.9,136.1,152.3,121.0,-3.044871794871793,0.038612705,0.37346268,0.26669335,0.0,0.65551084,0.0,0.5820909,0.0,0.0,0.48005512,0.3617608,0.45995632,0.32463858,0.0,0.0,0.7484293
2023-11,121.0,1.5466666666666666,14.836666666666666,124.8,126.3,125.0,129.3,150.1,122.8,1.4876033057851217,0.0,0.30081022,0.31899172,0.0,0.618461,0.0,0.5336221,0.0,0.0,0.43739715,0.327691,0.4321845,0.4031839,0.0,0.0,0.69990003
2023-12,122.8,1.1387096774193548,10.421505376344086,121.0,124.8,126.3,126.6,147.3,119.9,-2.3615635179153025,0.0,0.25938174,0.3579992,0.0,0.60904855,0.0,0.51348335,0.0,0.0,0.4176406,0.31057736,0.42452565,0.4602858,0.0,0.0,0.68462515
2024-01,119.9,1.2559139784946236,4.608602150537634,122.8,121.0,124.8,125.9,147.5,113.8,-5.087572977481241,0.0,0.22852767,0.39228076,0.0,0.6087093,0.0,0.5027555,0.0,0.0,0.40552822,0.29914954,0.42347845,0.50982434,0.0,0.0,0.6803091
2024-02,113.8,1.2275862068965515,12.410344827586208,119.9,122.8,121.0,125.0,146.7,110.9,-2.5483304042179187,0.0,0.20119423,0.40867835,0.0,0.5905896,0.0,0.481844,0.0,0.0,0.3878491,0.2855058,0.41011173,0.5349805,0.0,0.0,0.6576266
2024-03,110.9,1.956989247311828,15.859139784946237,113.8,119.9,122.8,126.3,138.6,111.6,0.6311992786293855,0.0,0.12995201,0.46016246,0.0,0.55451506,0.0,0.43447992,0.0,0.0,0.346119,0.2521479,0.38305777,0.6122704,0.0,0.0,0.61031044
2024-04,111.6,2.648888888888889,23.326666666666668,110.9,113.8,119.9,124.8,136.1,118.7,6.362007168458788,0.0,0.037010625,0.5246233,0.0,0.5040037,0.0,0.37048137,0.0,0.02552113,0.29033357,0.20794845,0.3453558,0.7094761,0.0,0.0,0.54493207
2024-05,118.7,1.7580645161290325,28.01827956989247,111.6,110.9,113.8,121.0,129.3,115.2,-2.9486099410278013,0.0,0.0,0.5415164,0.0,0.4218602,0.0,0.2931575,0.0,0.079662934,0.23010668,0.16498661,0.28610632,0.74055576,0.0,0.0,0.4486832
2024-06,115.2,3.5055555555555555,31.924444444444443,118.7,111.6,110.9,122.8,126.6,110.7,-3.90625,0.0,0.0,0.54154855,0.0,0.4162262,0.0,0.28819686,0.0,0.08280117,0.22636661,0.16241045,0.2820691,0.74106044,0.0,0.0,0.44221085
2024-07,110.7,3.01505376344086,30.983870967741936,115.2,118.7,111.6,119.9,125.9,110.2,-0.4516711833785004,0.0,0.0,0.5588922,0.0,0.41888234,0.0,0.2852544,0.0,0.090184614,0.22211036,0.15791655,0.2835653,0.76589286,0.0,0.0,0.44327393
2024-08,110.2,2.096774193548387,29.7,110.7,115.2,118.7,113.8,125.0,113.6,3.0852994555353823,0.0,0.0,0.5577316,0.0,0.3770116,0.0,0.24881318,0.0,0.11279304,0.19479957,0.13923112,0.25359344,0.76762253,0.0,0.0,0.3953326
2024-09,113.6,1.781111111111111,27.967777777777776,110.2,110.7,115.2,110.9,126.3,114.4,0.7042253521126861,0.0,0.0,0.5615175,0.0,0.37270275,0.0,0.24387491,0.0,0.11711362,0.1906348,0.13602395,0.2504175,0.7734408,0.0,0.0,0.3899517
2024-10,114.4,1.3720430107526882,23.47204301075269,113.6,110.2,110.7,111.6,124.8,111.4,-2.6223776223776225,0.0,0.0,0.5603628,0.0,0.3614592,0.0,0.23434582,0.0,0.12275428,0.18359336,0.13128352,0.24238895,0.7726878,0.0,0.0,0.37717453
2024-11,111.4,1.5744444444444443,14.364444444444445,114.4,113.6,110.2,118.7,121.0,111.4,0.0,0.0,0.0,0.56553006,0.0,0.33201277,0.0,0.20689747,0.0,0.14170906,0.16231167,0.11617498,0.2211703,0.7825456,0.0,0.0,0.3427735
2024-12,111.4,1.5494623655913975,8.018279569892474,111.4,114.4,113.6,115.2,122.8,111.8,0.3590664272890408,0.0,0.0,0.59035474,0.0,0.31360206,0.0,0.18316635,0.0,0.16458547,0.14151756,0.09962759,0.20739731,0.8198962,0.0,0.0,0.31879163
2025-01,111.8,0.5440860215053763,7.505376344086022,111.4,111.4,114.4,110.7,119.9,112.6,0.7155635062611782,0.0,0.0,0.58517134,0.0,0.30662066,0.0,0.17860836,0.0,0.16580743,0.1386942,0.09815296,0.20251696,0.812978,0.0,0.0,0.3113696
2025-02,112.6,1.2654761904761904,6.991666666666666,111.8,111.4,111.4,110.2,113.8,109.7,-2.57548845470692,0.0,0.0,0.6212544,0.0,0.31582808,0.0,0.17572176,0.0,0.17912847,0.13227588,0.09048015,0.20826739,0.86434174,0.0,0.0,0.31780836
2025-03,109.7,1.4193548387096775,18.141935483870967,112.6,111.8,111.4,113.6,110.9,110.9,1.093892433910668,0.0,0.0,0.56917185,0.0,0.31370294,0.0,0.1896996,0.0,0.15371418,0.14892998,0.10663941,0.20796654,0.7892947,0.0,0.0,0.32133374
2025-04,110.9,1.606666666666667,23.607777777777777,109.7,112.6,111.8,114.4,111.6,109.0,-1.7132551848512223,0.0,0.0,0.5759725,0.0,0.2588505,0.0,0.13942851,0.0,0.18758073,0.110266216,0.07942429,0.16850698,0.8035783,0.0,0.0,0.25757545
2025-05,109.0,2.4086021505376345,26.44516129032258,110.9,109.7,112.6,111.4,118.7,107.3,-1.5596330275229384,0.0,0.0,0.5719095,0.0,0.25419495,0.0,0.1365735,0.0,0.18808597,0.108593754,0.0786403,0.16526678,0.7980891,0.0,0.0,0.2526955
2025-06,107.3,3.368888888888889,30.456666666666667,109.0,110.9,109.7,111.4,115.2,106.5,-0.7455731593662602,0.0,0.0,0.58467746,0.0,0.24383165,0.0,0.123582214,0.0,0.20034736,0.097307004,0.06972237,0.15754235,0.81737214,0.0,0.0,0.23933437
2025-07,106.5,4.536559139784947,30.61720430107527,107.3,109.0,110.9,111.8,110.7,105.6,-0.8450704225352166,0.0,0.0,0.5910985,0.0,0.2630213,0.0,0.13849173,0.0,0.19299257,0.10778147,0.07634947,0.17114036,0.82508475,0.0,0.0,0.26063165
2025-08,105.6,4.198924731182796,28.75483870967742,106.5,107.3,109.0,112.6,110.2,104.8,-0.7575757575757549,0.0,0.0,0.5847615,0.0,0.2600161,0.0,0.13777882,0.0,0.19142231,0.10798988,0.077064864,0.16913591,0.81617707,0.0,0.0,0.25790703
2025-09,104.8,2.2333333333333334,27.405555555555555,105.6,106.5,107.3,109.7,113.6,103.8,-0.9541984732824428,0.0,0.0,0.6002055,0.0,0.266014,0.0,0.13835096,0.0,0.19598398,0.1066042,0.074717596,0.17307085,0.8379939,0.0,0.0,0.2630247
2025-10,103.8,2.0903225806451613,21.05483870967742,104.8,105.6,106.5,110.9,114.4,105.6,1.734104046242772,0.0,0.0,0.57715344,0.0,0.27176195,0.0,0.15041527,0.0,0.18102932,0.11840244,0.08491556,0.1777299,0.80423373,0.0,0.0,0.27226454
2025-11,105.6,1.1288888888888888,15.421111111111111,103.8,104.8,105.6,109.0,111.4,107.2,1.5151515151515234,0.0,0.0,0.5985448,0.0,0.26011777,0.0,0.13367483,0.0,0.1984033,0.10327755,0.07257864,0.16888544,0.8360751,0.0,0.0,0.25644505
2025-12,107.2,0.735483870967742,8.6247311827957,105.6,103.8,104.8,107.3,111.4,107.5,0.279850746268654,0.0,0.0,0.6086296,0.0,0.24303164,0.0,0.11559213,0.0,0.21301994,0.08847159,0.06148152,0.1564073,0.85202986,0.0,0.0,0.23567237
2026-01,107.5,2.1408602150537632,3.796774193548387,107.2,105.6,103.8,106.5,111.8,108.7,1.1162790697674445,0.0,0.0,0.6451076,0.0,0.24342878,0.0,0.10484321,0.0,0.23142454,0.07608487,0.04966677,0.15583603,0.9046808,0.0,0.0,0.2319502
2026-02,108.7,0.8654761904761905,9.503571428571428,107.5,107.2,105.6,105.6,112.6,110.4,1.5639374425023025,0.0,0.0,0.62700707,0.0,0.23549776,0.0,0.10338059,0.0,0.22657755,0.077112295,0.052007414,0.15057836,0.8791843,0.0,0.0,0.2249174
2026-03,110.4,1.19247311827957,17.865591397849464,108.7,107.5,107.2,104.8,109.7,111.3,0.81521739130434,0.0,0.0,0.65126127,0.0,0.21066172,0.0,0.07417673,0.0,0.252723,0.052263312,0.03272169,0.13221526,0.9162335,0.0,0.0,0.19362359
2026-04,111.3,2.645555555555556,21.328888888888887,110.4,108.7,107.5,103.8,110.9,114.2,2.605570530098837,0.0,0.0,0.61553144,0.0,0.20744337,0.0,0.08221878,0.0,0.23626366,0.06252313,0.043005712,0.13074741,0.8648927,0.0,0.0,0.19402075
2026-05,114.2,2.040860215053764,27.01827956989247,111.3,110.4,108.7,105.6,109.0,110.0,-3.677758318739056,0.0,0.0,0.63345355,0.0,0.21421784,0.0,0.082719386,0.0,0.24166042,0.060792126,0.04019703,0.13518071,0.8902256,0.0,0.0,0.19974616
2026-06,110.0,2.5933333333333333,30.07444444444444,114.2,111.3,110.4,107.2,107.3,113.8,3.454545454545452,0.0,0.0,0.62215495,0.0,0.22430599,0.0,0.095021844,0.0,0.23030168,0.0713872,0.048506588,0.14267349,0.873087,0.0,0.0,0.21262309
2026-07,113.8,3.4580645161290327,30.18172043010753,110.0,114.2,111.3,107.5,106.5,116.3,2.196836555360281,0.0,0.0,0.64569545,0.0,0.23793243,0.0,0.09983439,0.0,0.23477027,0.07224314,0.046970576,0.15188432,0.9059769,0.0,0.0,0.22557223
