lstm_feat_0,lstm_feat_1,lstm_feat_2,lstm_feat_3,lstm_feat_4,lstm_feat_5,lstm_feat_6,lstm_feat_7,lstm_feat_8,lstm_feat_9,lstm_feat_10,lstm_feat_11,lstm_feat_12,lstm_feat_13,lstm_feat_14,lstm_feat_15,date,target_next_price
0.0,0.0,0.0,0.0,0.7238166,0.0,0.0,0.6067064,0.0,0.46912247,0.0,0.0,0.0,1.0931463,0.102297746,0.0,1992-01,4.068857589984353
0.0,0.0,0.0,0.0,0.31034654,0.0,0.0,0.44327262,0.0,0.58126915,0.0,0.0,0.0,1.1989034,0.14832303,0.07597183,1992-02,-0.9022556390977358
0.0,0.0,0.0,0.0,0.1316758,0.0,0.0,0.37777993,0.0,0.62673765,0.0,0.0,0.0,1.2191793,0.16005021,0.14902675,1992-03,-4.40060698027315
0.0,0.0,0.0,0.0,0.103032716,0.0,0.0,0.37082162,0.019972268,0.62920654,0.0,0.0,0.0,1.1945953,0.14650273,0.15333506,1992-04,-1.5873015873015872
0.0,0.0,0.0,0.0,0.19090128,0.0,0.0,0.40702954,0.04329327,0.5992718,0.0,0.0,0.0,1.1335253,0.10802441,0.10154892,1992-05,-0.3225806451612949
0.0,0.0,0.0,0.0,0.51072496,0.0,0.0,0.5226704,0.012262702,0.4934853,0.0,0.0,0.0,0.99138194,0.023803368,0.0,1992-06,-5.339805825242714
0.0,0.0,0.053564247,0.0,1.0049291,0.0,0.0,0.7097911,0.0,0.3396373,0.0,0.0,0.0,0.7914234,0.0,0.0,1992-07,-4.1025641025641
0.0,0.0,0.52066237,0.0,1.8118954,0.0,0.0,1.0258363,0.0,0.0961961,0.0,0.0,0.0,0.47997695,0.0,0.0,1992-08,3.9215686274509727
0.0,0.0,1.0597413,0.0,2.765573,0.0,0.0,1.3706547,0.0,0.0,0.0,0.0,0.0,0.079247884,0.0,0.0,1992-09,-0.1715265866209165
0.0,0.0,0.9603708,0.0,2.7007284,0.0,0.0,1.3883821,0.0,0.0,0.0,0.0,0.0,0.18738769,0.0,0.0,1992-10,1.0309278350515367
0.0,0.0,0.78739417,0.0,2.4582744,0.0,0.0,1.3099718,0.0,0.0,0.0,0.0,0.0,0.3461236,0.0,0.0,1992-11,-0.5102040816326483
0.0,0.0,0.49123406,0.0,1.9762694,0.0,0.0,1.1186242,0.0,0.09025745,0.0,0.0,0.0,0.59495324,0.0,0.0,1992-12,1.025641025641028
0.0,0.0,0.111370936,0.0,1.3119934,0.0,0.0,0.8349604,0.0,0.27997613,0.0,0.0,0.0,0.8699925,0.041197427,0.0,1993-01,-1.6920473773265652
0.0,0.0,0.0,0.0,0.83664894,0.0,0.0,0.62991494,0.0,0.40064368,0.0,0.0,0.0,1.0262436,0.094480686,0.0,1993-02,-0.5163511187607647
0.0,0.0,0.0,0.0,0.47696427,0.0,0.0,0.48673615,0.0,0.4982257,0.0,0.0,0.0,1.1130589,0.12305141,0.0,1993-03,-0.8650519031141869
0.0,0.0,0.0,0.0,0.32037836,0.0,0.0,0.4351872,0.0,0.54795754,0.0,0.0,0.0,1.12644,0.120817475,0.04218758,1993-04,-3.315881326352528
0.0,0.0,0.0,0.0,0.30818668,0.0,0.0,0.4425487,0.020327095,0.55938095,0.0,0.0,0.0,1.0964284,0.095381774,0.04805985,1993-05,-4.6931407942238295
0.0,0.0,0.0,0.0,0.41801724,0.0,0.0,0.5015653,0.024981469,0.53965163,0.0,0.0,0.0,1.0420957,0.053189427,0.010361902,1993-06,5.681818181818183
0.0,0.0,0.0,0.0,0.6746506,0.0,0.0,0.62181425,0.0,0.48220327,0.0,0.0,0.0,0.96155864,0.0,0.0,1993-07,1.433691756272409
0.0,0.0,0.32065883,0.0,1.6214669,0.0,0.0,1.0036757,0.0,0.21631482,0.0,0.0,0.0,0.63878113,0.0,0.0,1993-08,3.1802120141342707
0.0,0.0,0.5404867,0.0,2.066147,0.0,0.0,1.1926267,0.0,0.102388754,0.0,0.0,0.0,0.49813882,0.0,0.0,1993-09,5.136986301369864
0.0,0.0,0.6107321,0.0,2.2443652,0.0,0.0,1.2654638,0.0,0.062799335,0.0,0.0,0.0,0.46998608,0.0,0.0,1993-10,8.631921824104241
0.0,0.0,0.265253,0.0,1.6764048,0.0,0.0,1.0308356,0.0,0.2515936,0.0,0.0,0.0,0.74067235,0.0,0.0,1993-11,3.2983508245877107
0.0,0.0,0.0,0.0,1.1600612,0.0,0.0,0.79612607,0.0,0.3846378,0.0,0.0,0.0,0.9501697,0.054258168,0.0,1993-12,-0.4354136429608292
0.0,0.0,0.0,0.0,0.54784054,0.0,0.0,0.5363915,0.0,0.5358204,0.0,0.0,0.0,1.1450478,0.12882653,0.0,1994-01,-2.6239067055393543
0.0,0.0,0.0,0.0,0.1865271,0.0,0.0,0.39462823,0.0,0.62513965,0.0,0.0,0.0,1.2251056,0.16613156,0.13524693,1994-02,-4.041916167664675
0.0,0.0,0.0,0.0,0.0,0.0,0.0,0.3225232,0.0,0.67857736,0.0,0.0,0.0,1.2464577,0.17773926,0.23108795,1994-03,-2.6521060842433632
0.0,0.0,0.0,0.0,0.0,0.0,0.0,0.3087715,0.034343395,0.68778926,0.0,0.0,0.0,1.2270098,0.16854188,0.25023267,1994-04,-0.6410256410256387
0.0,0.0,0.0,0.0,0.0,0.0,0.0,0.3311542,0.06616232,0.6837708,0.0,0.0,0.0,1.1941476,0.14563,0.23797503,1994-05,-3.064516129032256
0.0,0.0,0.0,0.0,0.08158323,0.0,0.0,0.39290404,0.08039118,0.6468071,0.0,0.0,0.0,1.1287687,0.09987333,0.16853118,1994-06,-6.821963394342764
0.0,0.0,0.0,0.0,0.559663,0.0,0.0,0.5731712,0.023032237,0.50287837,0.0,0.0,0.0,0.9515446,0.0,0.0,1994-07,2.6785714285714284
0.0,0.0,1.0088127,0.0,2.5575547,0.0,0.0,1.2577659,0.0,0.0,0.0,0.0,0.0,0.070081934,0.0,0.0,1994-08,4.695652173913048
0.0,0.0,1.2456393,0.0,3.0660603,0.0,0.0,1.4558219,0.0,0.0,0.0,0.0,0.0,0.0,0.0,0.0,1994-09,2.491694352159469
0.0,0.0,1.3154554,0.0,3.2867942,0.0,0.0,1.5492808,0.0,0.0,0.0,0.0,0.0,0.0,0.0,0.0,1994-10,-0.9724473257698564
0.0,0.0,0.9609327,0.0,2.7729487,0.0,0.0,1.4206942,0.0,0.0,0.0,0.0,0.0,0.21232983,0.0,0.0,1994-11,2.6186579378068764
0.0,0.0,0.5052693,0.0,2.0147712,0.0,0.0,1.1348909,0.0,0.08824921,0.0,0.0,0.0,0.58960223,0.0,0.0,1994-12,0.3189792663476806
0.0,0.0,0.04269455,0.0,1.2079263,0.0,0.0,0.79466814,0.0,0.31904066,0.0,0.0,0.0,0.9190631,0.058977596,0.0,1995-01,-0.6359300476947514
0.0,0.0,0.0,0.0,0.6546325,0.0,0.0,0.5619195,0.0,0.46113646,0.0,0.0,0.0,1.0956762,0.11920176,0.0,1995-02,-0.4799999999999954
0.0,0.0,0.0,0.0,0.34779954,0.0,0.0,0.44459242,0.0,0.54368377,0.0,0.0,0.0,1.162818,0.14220297,0.037685134,1995-03,0.8038585209003215
0.0,0.0,0.0,0.0,0.15085122,0.0,0.0,0.38339904,0.009896968,0.60978216,0.0,0.0,0.0,1.1818608,0.14360973,0.12601954,1995-04,3.508771929824566
0.0,0.0,0.0,0.0,0.20343398,0.0,0.0,0.41343334,0.037723105,0.5977678,0.0,0.0,0.0,1.1349261,0.1107577,0.10043868,1995-05,6.471494607087809
0.0,0.0,0.0,0.0,0.31585407,0.0,0.0,0.47241122,0.044132214,0.5764059,0.0,0.0,0.0,1.0792143,0.06799526,0.059861563,1995-06,7.091172214182354
0.0,0.0,0.0,0.0,0.8091182,0.0,0.0,0.66498935,0.0,0.43161067,0.0,0.0,0.0,0.9010189,0.0,0.0,1995-07,-1.8918918918919
0.0,0.0,0.48578697,0.0,1.8129988,0.0,0.0,1.0429169,0.0,0.118915856,0.0,0.0,0.0,0.511707,0.0,0.0,1995-08,4.545454545454562
0.0,0.0,0.978892,0.0,2.7122772,0.0,0.0,1.3821672,0.0,0.0,0.0,0.0,0.0,0.15827549,0.0,0.0,1995-09,5.665349143610008
0.0,0.0,0.966822,0.0,2.796828,0.0,0.0,1.4457152,0.0,0.0,0.0,0.0,0.0,0.19411734,0.0,0.0,1995-10,0.3740648379052333
0.0,0.0,0.6340267,0.0,2.2777803,0.0,0.0,1.2626996,0.0,0.03563523,0.0,0.0,0.0,0.4700107,0.0,0.0,1995-11,2.732919254658389
0.0,0.0,0.1992988,0.0,1.5356768,0.0,0.0,0.9519551,0.0,0.26455355,0.0,0.0,0.0,0.7978219,0.013704553,0.0,1995-12,0.7255139056831853
0.0,0.0,0.0,0.0,0.8572515,0.0,0.0,0.65677446,0.0,0.43791482,0.0,0.0,0.0,1.0390612,0.096453406,0.0,1996-01,2.8811524609844006
0.0,0.0,0.0,0.0,0.39124566,0.0,0.0,0.46411887,0.0,0.5512123,0.0,0.0,0.0,1.160274,0.14589673,0.041271023,1996-02,1.400233372228708
0.0,0.0,0.0,0.0,0.15004869,0.0,0.0,0.37515643,0.0,0.61194533,0.0,0.0,0.0,1.188021,0.15768072,0.13563174,1996-03,9.666283084004592
0.0,0.0,0.0,0.0,0.019984867,0.0,0.0,0.33394477,0.04425708,0.6458252,0.0,0.0,0.0,1.1713449,0.14737085,0.18663353,1996-04,4.93179433368311
0.0,0.0,0.0,0.0,0.07590105,0.0,0.0,0.35562217,0.08039631,0.62180406,0.0,0.0,0.0,1.0947046,0.1036584,0.13630348,1996-05,-5.700000000000003
0.0,0.0,0.0,0.0,0.3017591,0.0,0.0,0.44481713,0.077362075,0.5547037,0.0,0.0,0.0,0.9616517,0.028335117,0.0172466,1996-06,-3.3934252386002157
0.0,0.0,0.063654914,0.0,0.95088196,0.0,0.0,0.6756147,0.0,0.34761786,0.0,0.0,0.0,0.6435303,0.0,0.0,1996-07,-5.817782656421512
0.0,0.0,0.72145253,0.0,1.9930443,0.0,0.0,1.0347146,0.0,0.021570802,0.0,0.0,0.0,0.1455139,0.0,0.0,1996-08,-12.237762237762238
0.0,0.0,1.3708452,0.0,3.0111406,0.0,0.0,1.3039147,0.0,0.0,0.0,0.0,0.0,0.0,0.0,0.0,1996-09,-5.577689243027892
0.0,0.0,1.5413854,0.0,3.3302221,0.0,0.0,1.373105,0.0,0.0,0.0,0.0,0.0,0.0,0.0,0.0,1996-10,-5.203938115330504
0.0,0.0,1.3076972,0.0,3.1807144,0.0,0.0,1.4371238,0.0,0.0,0.0,0.0,0.0,0.0,0.0,0.0,1996-11,0.2967359050444935
0.0,0.0,1.0253096,0.0,2.8116388,0.0,0.0,1.3580886,0.0,0.0,0.0,0.0,0.0,0.062346444,0.0,0.0,1996-12,0.7396449704142012
0.0,0.0,0.5863657,0.0,2.0899413,0.0,0.0,1.1061895,0.0,0.05475929,0.0,0.0,0.0,0.44738004,0.0,0.0,1997-01,0.4405286343612501
0.0,0.0,0.22868645,0.0,1.4491738,0.0,0.0,0.8469199,0.0,0.22194791,0.0,0.0,0.0,0.7154745,0.037986636,0.0,1997-02,3.216374269005831
0.0,0.0,0.033053733,0.0,1.0618334,0.0,0.0,0.6845507,0.0,0.30704,0.0,0.0,0.0,0.83302647,0.053856216,0.0,1997-03,0.283286118980174
0.0,0.0,0.0,0.0,0.6849618,0.0,0.0,0.543949,0.0,0.41061243,0.0,0.0,0.0,0.93029475,0.058232896,0.0,1997-04,-2.824858757062147
0.0,0.0,0.0,0.0,0.5155478,0.0,0.0,0.4967043,0.0,0.47365233,0.0,0.0,0.0,0.9530288,0.04348159,0.0,1997-05,-5.232558139534875
0.0,0.0,0.050491035,0.0,0.948201,0.0,0.0,0.6532665,0.0,0.3339744,0.0,0.0,0.0,0.7323037,0.0,0.0,1997-06,-4.294478527607368
0.0,0.0,0.554296,0.0,1.757546,0.0,0.0,0.95068896,0.0,0.08006148,0.0,0.0,0.0,0.3636604,0.0,0.0,1997-07,5.288461538461545
0.0,0.0,0.918141,0.0,2.427138,0.0,0.0,1.215919,0.0,0.0,0.0,0.0,0.0,0.10714957,0.0,0.0,1997-08,-0.913242009132433
0.0,0.0,1.254861,0.0,3.0757468,0.0,0.0,1.4450837,0.0,0.0,0.0,0.0,0.0,0.0,0.0,0.0,1997-09,0.7680491551459294
0.0,0.0,1.2517024,0.0,3.1839602,0.0,0.0,1.5122406,0.0,0.0,0.0,0.0,0.0,0.0,0.0,0.0,1997-10,-2.134146341463402
0.0,0.0,0.9256357,0.0,2.7308898,0.0,0.0,1.4013009,0.0,0.0,0.0,0.0,0.0,0.21336532,0.0,0.0,1997-11,-1.2461059190031218
0.0,0.0,0.5059169,0.0,2.0452557,0.0,0.0,1.1438987,0.0,0.10773581,0.0,0.0,0.0,0.55926156,0.0,0.0,1997-12,-1.104100946372233
0.0,0.0,0.0,0.0,1.1622769,0.0,0.0,0.7785835,0.0,0.358999,0.0,0.0,0.0,0.92458105,0.06840728,0.0,1998-01,0.0
0.0,0.0,0.0,0.0,0.5336698,0.0,0.0,0.51998764,0.0,0.5179243,0.0,0.0,0.0,1.1221361,0.13272664,0.0,1998-02,0.7974481658692184
0.0,0.0,0.0,0.0,0.21949817,0.0,0.0,0.4055971,0.0,0.6029529,0.0,0.0,0.0,1.1892085,0.15558252,0.114308484,1998-03,-3.797468354430389
0.0,0.0,0.0,0.0,0.054542072,0.0,0.0,0.36092174,0.0120918825,0.6573861,0.0,0.0,0.0,1.2072417,0.15781856,0.1978358,1998-04,-0.9868421052631486
0.0,0.0,0.0,0.0,0.10961649,0.0,0.0,0.39306968,0.03847759,0.64450437,0.0,0.0,0.0,1.1689153,0.13149455,0.17193323,1998-05,-1.9933554817275796
0.0,0.0,0.0,0.0,0.2282305,0.0,0.0,0.45156392,0.043366518,0.6178819,0.0,0.0,0.0,1.1170868,0.09320364,0.12314547,1998-06,-2.5423728813559325
0.0,0.0,0.0,0.0,0.5698286,0.0,0.0,0.59011257,0.0,0.5249625,0.0,0.0,0.0,1.0035067,0.021778401,0.0,1998-07,-5.9130434782608665
0.0,0.0,0.22177392,0.0,1.4618262,0.0,0.0,0.943214,0.0,0.27120236,0.0,0.0,0.0,0.6982252,0.0,0.0,1998-08,-0.3696857670979719
0.0,0.0,0.7031792,0.0,2.3254144,0.0,0.0,1.2803998,0.0,0.009677694,0.0,0.0,0.0,0.37097865,0.0,0.0,1998-09,7.050092764378486
0.0,0.0,0.60427505,0.0,2.2269843,0.0,0.0,1.2590266,0.0,0.06501572,0.0,0.0,0.0,0.47136208,0.0,0.0,1998-10,0.8665511265164645
0.0,0.0,0.38324672,0.0,1.8864225,0.0,0.0,1.121204,0.0,0.18374048,0.0,0.0,0.0,0.6615235,0.0,0.0,1998-11,-2.4054982817869512
0.0,0.0,0.0050938018,0.0,1.2358061,0.0,0.0,0.8366987,0.0,0.36630973,0.0,0.0,0.0,0.93686706,0.042233013,0.0,1998-12,0.5281690140845146
0.0,0.0,0.0,0.0,0.6584308,0.0,0.0,0.58203214,0.0,0.5044231,0.0,0.0,0.0,1.1277696,0.12018863,0.0,1999-01,-3.8528896672504422
0.0,0.0,0.0,0.0,0.21958995,0.0,0.0,0.40759814,0.0,0.6180334,0.0,0.0,0.0,1.231344,0.16556567,0.12352242,1999-02,0.5464480874317018
0.0,0.0,0.0,0.0,0.03776849,0.0,0.0,0.34382495,0.0,0.6626272,0.0,0.0,0.0,1.2496327,0.17605165,0.20088351,1999-03,-2.717391304347826
0.0,0.0,0.0,0.0,0.004195329,0.0,0.0,0.33676615,0.010380559,0.6643778,0.0,0.0,0.0,1.233776,0.16876605,0.20920894,1999-04,-1.6759776536312954
0.0,0.0,0.0,0.0,0.05368615,0.0,0.0,0.36979398,0.037607346,0.6539329,0.0,0.0,0.0,1.2005183,0.14377528,0.18678224,1999-05,1.5151515151515234
0.0,0.0,0.0,0.0,0.16614133,0.0,0.0,0.4293687,0.04548752,0.6309508,0.0,0.0,0.0,1.1548704,0.106852986,0.14537948,1999-06,-4.104477611940303
0.0,0.0,0.0,0.0,0.45128903,0.0,0.0,0.5453923,0.012273833,0.5511921,0.0,0.0,0.0,1.0595676,0.039988853,0.02537506,1999-07,3.1128404669260727
0.0,0.0,0.30025718,0.0,1.5162377,0.0,0.0,0.9416082,0.0,0.21331614,0.0,0.0,0.0,0.67268896,0.0,0.0,1999-08,-0.7547169811320728
0.0,0.0,0.6710683,0.0,2.192476,0.0,0.0,1.2123132,0.0,0.007056944,0.0,0.0,0.0,0.4243161,0.0,0.0,1999-09,-2.0912547528517136
0.0,0.0,0.7276005,0.0,2.339093,0.0,0.0,1.2775176,0.0,0.0,0.0,0.0,0.0,0.40008867,0.0,0.0,1999-10,-0.3883495145631123
0.0,0.0,0.6353838,0.0,2.2013528,0.0,0.0,1.2198048,0.0,0.013521586,0.0,0.0,0.0,0.49311203,0.0,0.0,1999-11,-1.7543859649122782
0.0,0.0,0.32666543,0.0,1.6770984,0.0,0.0,1.0008444,0.0,0.17299965,0.0,0.0,0.0,0.74035937,0.0,0.0,1999-12,3.3730158730158792
0.0,0.0,0.0,0.0,0.9782588,0.0,0.0,0.70355946,0.0,0.37109917,0.0,0.0,0.0,1.0092511,0.06860212,0.0,2000-01,0.1919385796545132
0.0,0.0,0.0,0.0,0.6097705,0.0,0.0,0.5461012,0.0,0.46376097,0.0,0.0,0.0,1.1173418,0.11532728,0.0,2000-02,-0.9578544061302682
0.0,0.0,0.0,0.0,0.34188718,0.0,0.0,0.44551903,0.0,0.5433685,0.0,0.0,0.0,1.1711186,0.13660243,0.035954632,2000-03,0.1934235976789058
0.0,0.0,0.0,0.0,0.21517149,0.0,0.0,0.4058961,0.0036143921,0.5851283,0.0,0.0,0.0,1.1742262,0.13259885,0.08958765,2000-04,1.9305019305019304
0.0,0.0,0.0,0.0,0.36166108,0.0,0.0,0.46437997,0.01305528,0.5367983,0.0,0.0,0.0,1.0994226,0.083086714,0.01344876,2000-05,-2.6515151515151487
0.0,0.0,0.0,0.0,0.71056336,0.0,0.0,0.60190946,0.0,0.42754984,0.0,0.0,0.0,0.96560323,0.0,0.0,2000-06,-3.1128404669260727
0.0,0.0,0.07437116,0.0,1.1042352,0.0,0.0,0.76672745,0.0,0.3182898,0.0,0.0,0.0,0.8295665,0.0,0.0,2000-07,-2.409638554216859
0.0,0.0,0.5090739,0.0,1.8692645,0.0,0.0,1.0709081,0.0,0.0875646,0.0,0.0,0.0,0.5478902,0.0,0.0,2000-08,1.6460905349794182
0.0,0.0,0.823199,0.0,2.4607563,0.0,0.0,1.3086303,0.0,0.0,0.0,0.0,0.0,0.32803,0.0,0.0,2000-09,3.643724696356284
0.0,0.0,0.7269475,0.0,2.3608937,0.0,0.0,1.2912756,0.0,0.0,0.0,0.0,0.0,0.4218393,0.0,0.0,2000-10,1.7578124999999971
0.0,0.0,0.4070627,0.0,1.839357,0.0,0.0,1.0867884,0.0,0.14118578,0.0,0.0,0.0,0.6771072,0.0,0.0,2000-11,3.0710172744721715
0.0,0.0,0.11969725,0.0,1.3408339,0.0,0.0,0.8670094,0.0,0.28482723,0.0,0.0,0.0,0.8875502,0.01803565,0.0,2000-12,0.372439478584722
0.0,0.0,0.0,0.0,0.79150224,0.0,0.0,0.62634337,0.0,0.43092147,0.0,0.0,0.0,1.0745085,0.09456163,0.0,2001-01,-1.669758812615953
0.0,0.0,0.0,0.0,0.42683962,0.0,0.0,0.47514158,0.0,0.5251152,0.0,0.0,0.0,1.1669195,0.13807395,0.0078083947,2001-02,-1.5094339622641455
0.0,0.0,0.0,0.0,0.259266,0.0,0.0,0.409804,0.0,0.5657642,0.0,0.0,0.0,1.1836848,0.1476301,0.068131015,2001-03,-2.298850574712649
0.0,0.0,0.0,0.0,0.15121189,0.0,0.0,0.3786853,0.019801203,0.60148686,0.0,0.0,0.0,1.177885,0.13963324,0.11506172,2001-04,1.3725490196078487
0.0,0.0,0.0,0.0,0.20990402,0.0,0.0,0.41535044,0.046085488,0.59203297,0.0,0.0,0.0,1.1320843,0.10386332,0.09126824,2001-05,-1.3539651837524231
0.0,0.0,0.0,0.0,0.49136993,0.0,0.0,0.53205085,0.023458071,0.51259077,0.0,0.0,0.0,1.0242735,0.03037826,0.0,2001-06,1.3725490196078487
0.0,0.0,0.04898706,0.0,1.0640303,0.0,0.0,0.75457084,0.0,0.34133297,0.0,0.0,0.0,0.82043964,0.0,0.0,2001-07,-0.1934235976789195
0.0,0.0,0.63524616,0.0,2.0861871,0.0,0.0,1.1522309,0.0,0.027861027,0.0,0.0,0.0,0.43436593,0.0,0.0,2001-08,-0.7751937984496096
0.0,0.0,0.8122853,0.0,2.4630325,0.0,0.0,1.3159933,0.0,0.0,0.0,0.0,0.0,0.31784064,0.0,0.0,2001-09,-0.3906250000000055
0.0,0.0,0.79083157,0.0,2.4912164,0.0,0.0,1.3416829,0.0,0.0,0.0,0.0,0.0,0.35778317,0.0,0.0,2001-10,1.7647058823529385
0.0,0.0,0.39609846,0.0,1.8507456,0.0,0.0,1.0942086,0.0,0.16239987,0.0,0.0,0.0,0.669843,0.0,0.0,2001-11,0.192678227360311
0.0,0.0,0.031455874,0.0,1.2280816,0.0,0.0,0.8267292,0.0,0.3421213,0.0,0.0,0.0,0.9319831,0.033431433,0.0,2001-12,-0.5769230769230715
0.0,0.0,0.0,0.0,0.652827,0.0,0.0,0.57862777,0.0,0.49046382,0.0,0.0,0.0,1.1237794,0.11161,0.0,2002-01,-2.514506769825927
0.0,0.0,0.0,0.0,0.2835034,0.0,0.0,0.429406,0.0,0.58646303,0.0,0.0,0.0,1.2105798,0.15395081,0.0817381,2002-02,-1.5873015873015817
0.0,0.0,0.0,0.0,0.09093943,0.0,0.0,0.36109325,0.0,0.6373774,0.0,0.0,0.0,1.2356439,0.16709462,0.16215831,2002-03,-0.6048387096774279
0.0,0.0,0.0,0.0,0.022385005,0.0,0.0,0.34464824,0.017457295,0.6560679,0.0,0.0,0.0,1.2265706,0.16039929,0.19307396,2002-04,1.8255578093306408
0.0,0.0,0.0,0.0,0.11108178,0.0,0.0,0.38594854,0.039824937,0.6295018,0.0,0.0,0.0,1.1785262,0.12745196,0.146853,2002-05,3.5856573705179224
0.0,0.0,0.0,0.0,0.3908592,0.0,0.0,0.49673837,0.026666164,0.54375595,0.0,0.0,0.0,1.0761518,0.05607295,0.016287833,2002-06,5.000000000000003
0.0,0.0,0.0,0.0,0.95521635,0.0,0.0,0.71163684,0.0,0.36514515,0.0,0.0,0.0,0.8771923,0.0,0.0,2002-07,6.41025641025641
0.0,0.0,0.6541968,0.0,2.0620296,0.0,0.0,1.1271652,0.0,0.0027289726,0.0,0.0,0.0,0.4372911,0.0,0.0,2002-08,9.81067125645438
0.0,0.0,0.82387745,0.0,2.4367788,0.0,0.0,1.2984071,0.0,0.0,0.0,0.0,0.0,0.3293264,0.0,0.0,2002-09,0.9404388714733676
0.0,0.0,0.9015306,0.0,2.6450472,0.0,0.0,1.3947858,0.0,0.0,0.0,0.0,0.0,0.29128483,0.0,0.0,2002-10,-2.1739130434782696
0.0,0.0,0.6476748,0.0,2.2489574,0.0,0.0,1.2481278,0.0,0.0,0.0,0.0,0.0,0.5042163,0.0,0.0,2002-11,-5.079365079365084
0.0,0.0,0.31317973,0.0,1.6702431,0.0,0.0,0.9996667,0.0,0.1734845,0.0,0.0,0.0,0.75905234,0.0,0.0,2002-12,-3.010033444816049
0.0,0.0,0.0,0.0,0.97426784,0.0,0.0,0.6968367,0.0,0.36729538,0.0,0.0,0.0,1.0143276,0.07952721,0.0,2003-01,-0.3448275862069014
0.0,0.0,0.0,0.0,0.4868343,0.0,0.0,0.49561793,0.0,0.50144064,0.0,0.0,0.0,1.1464772,0.13265052,0.0,2003-02,-2.249134948096881
0.0,0.0,0.0,0.0,0.22830375,0.0,0.0,0.3995818,0.0,0.5765039,0.0,0.0,0.0,1.1845239,0.14951035,0.085594065,2003-03,-0.1769911504424804
0.0,0.0,0.0,0.0,0.1391707,0.0,0.0,0.37149748,0.026903056,0.6019076,0.0,0.0,0.0,1.1664419,0.137416,0.118454896,2003-04,3.191489361702135
0.0,0.0,0.0,0.0,0.21904533,0.0,0.0,0.40882987,0.05233467,0.57959163,0.0,0.0,0.0,1.1036826,0.095659904,0.074527025,2003-05,-0.8591065292096219
0.0,0.0,0.0,0.0,0.5086515,0.0,0.0,0.5222023,0.025289323,0.49265847,0.0,0.0,0.0,0.97642696,0.016444005,0.0,2003-06,-2.0797227036395194
0.0,0.0,0.08929068,0.0,1.0674286,0.0,0.0,0.7375765,0.0,0.32483292,0.0,0.0,0.0,0.76170576,0.0,0.0,2003-07,6.017699115044245
0.0,0.0,0.3996091,0.0,1.6416366,0.0,0.0,0.9791282,0.0,0.17070147,0.0,0.0,0.0,0.5655931,0.0,0.0,2003-08,1.0016694490818054
0.0,0.0,0.93279374,0.0,2.598192,0.0,0.0,1.3415616,0.0,0.0,0.0,0.0,0.0,0.18413973,0.0,0.0,2003-09,0.1652892561983494
0.0,0.0,1.0790993,0.0,2.9109812,0.0,0.0,1.4579769,0.0,0.0,0.0,0.0,0.0,0.09486656,0.0,0.0,2003-10,6.930693069306923
0.0,0.0,0.83089906,0.0,2.5428483,0.0,0.0,1.3416865,0.0,0.0,0.0,0.0,0.0,0.3214959,0.0,0.0,2003-11,1.3888888888888975
0.0,0.0,0.3546236,0.0,1.7489511,0.0,0.0,1.0309126,0.0,0.17096381,0.0,0.0,0.0,0.6988732,0.0,0.0,2003-12,1.8264840182648443
0.0,0.0,0.0,0.0,0.9769577,0.0,0.0,0.7052563,0.0,0.389343,0.0,0.0,0.0,0.99970245,0.07218962,0.0,2004-01,0.8968609865470767
0.0,0.0,0.0,0.0,0.51912344,0.0,0.0,0.51588804,0.0,0.50888264,0.0,0.0,0.0,1.1345866,0.12598106,0.0,2004-02,1.4814814814814816
0.0,0.0,0.0,0.0,0.29321644,0.0,0.0,0.42604005,0.0,0.5633883,0.0,0.0,0.0,1.1709685,0.14314881,0.06484525,2004-03,2.4817518248175223
0.0,0.0,0.0,0.0,0.17100202,0.0,0.0,0.39050522,0.014847647,0.60232145,0.0,0.0,0.0,1.1717632,0.1371004,0.11431927,2004-04,-1.9943019943020024
0.0,0.0,0.0,0.0,0.23208828,0.0,0.0,0.42167926,0.040411036,0.58559805,0.0,0.0,0.0,1.1173232,0.0998588,0.07916032,2004-05,-3.488372093023244
0.0,0.0,0.0,0.0,0.4281891,0.0,0.0,0.5118705,0.030573204,0.5384277,0.0,0.0,0.0,1.0342045,0.042666636,0.0018239617,2004-06,-8.584337349397595
0.0,0.0,0.0,0.0,0.8497457,0.0,0.0,0.67464805,0.0,0.41421428,0.0,0.0,0.0,0.87091947,0.0,0.0,2004-07,-2.6359143327841865
0.0,0.0,0.59043545,0.0,1.9534727,0.0,0.0,1.0802393,0.0,0.06024708,0.0,0.0,0.0,0.41970575,0.0,0.0,2004-08,1.5228426395939063
0.0,0.0,1.0249671,0.0,2.7477415,0.0,0.0,1.3758917,0.0,0.0,0.0,0.0,0.0,0.104400165,0.0,0.0,2004-09,-1.1666666666666714
0.0,0.0,0.9607083,0.0,2.7203467,0.0,0.0,1.3946997,0.0,0.0,0.0,0.0,0.0,0.18211684,0.0,0.0,2004-10,1.1804384485666153
0.0,0.0,0.6970694,0.0,2.3274481,0.0,0.0,1.2652113,0.0,0.0,0.0,0.0,0.0,0.4126903,0.0,0.0,2004-11,0.8333333333333334
0.0,0.0,0.39666367,0.0,1.8243791,0.0,0.0,1.0599943,0.0,0.15006818,0.0,0.0,0.0,0.6589985,0.0,0.0,2004-12,0.0
0.0,0.0,0.03149011,0.0,1.1802212,0.0,0.0,0.78405076,0.0,0.3260486,0.0,0.0,0.0,0.918444,0.05310539,0.0,2005-01,-0.3305785123966989
0.0,0.0,0.0,0.0,0.74562865,0.0,0.0,0.5965422,0.0,0.42997444,0.0,0.0,0.0,1.0582721,0.10372179,0.0,2005-02,1.9900497512437856
0.0,0.0,0.0,0.0,0.3980051,0.0,0.0,0.465305,0.0,0.5296873,0.0,0.0,0.0,1.1453143,0.13219264,0.0183836,2005-03,-3.252032520325204
0.0,0.0,0.0,0.0,0.2840929,0.0,0.0,0.4277056,0.0,0.56458783,0.0,0.0,0.0,1.1416041,0.12449176,0.062837526,2005-04,-0.1680672268907587
0.0,0.0,0.0,0.0,0.27487585,0.0,0.0,0.4363447,0.024080873,0.5747102,0.0,0.0,0.0,1.1101996,0.09796692,0.066636845,2005-05,1.346801346801354
0.0,0.0,0.0,0.0,0.6551673,0.0,0.0,0.575482,0.0,0.45080528,0.0,0.0,0.0,0.9497688,0.008003432,0.0,2005-06,1.661129568106312
0.0,0.0,0.027226444,0.0,1.0085907,0.0,0.0,0.72389483,0.0,0.35368526,0.0,0.0,0.0,0.8212146,0.0,0.0,2005-07,-0.4901960784313794
0.0,0.0,0.3802835,0.0,1.6282988,0.0,0.0,0.97394145,0.0,0.1735429,0.0,0.0,0.0,0.59803915,0.0,0.0,2005-08,0.9852216748768498
0.0,0.0,0.9341047,0.0,2.5945072,0.0,0.0,1.3309493,0.0,0.0,0.0,0.0,0.0,0.19864874,0.0,0.0,2005-09,0.9756097560975632
0.0,0.0,0.8293943,0.0,2.488443,0.0,0.0,1.320485,0.0,0.0,0.0,0.0,0.0,0.30389366,0.0,0.0,2005-10,-2.415458937198068
0.0,0.0,0.6995809,0.0,2.2973175,0.0,0.0,1.2503375,0.0,0.0,0.0,0.0,0.0,0.42806754,0.0,0.0,2005-11,1.485148514851483
0.0,0.0,0.37508443,0.0,1.7439289,0.0,0.0,1.0229175,0.0,0.15192781,0.0,0.0,0.0,0.68707895,0.0,0.0,2005-12,1.9512195121951263
0.0,0.0,0.0,0.0,1.0638895,0.0,0.0,0.7331331,0.0,0.34360904,0.0,0.0,0.0,0.95183986,0.053567044,0.0,2006-01,3.349282296650709
0.0,0.0,0.0,0.0,0.62925434,0.0,0.0,0.54952276,0.0,0.45538273,0.0,0.0,0.0,1.0808243,0.10180516,0.0,2006-02,-1.3888888888888866
0.0,0.0,0.0,0.0,0.55323017,0.0,0.0,0.50586337,0.0,0.45183542,0.0,0.0,0.0,1.0647895,0.09524398,0.0,2006-03,1.8779342723004628
0.0,0.0,0.0,0.0,0.49619636,0.0,0.0,0.4844016,0.0,0.46249786,0.0,0.0,0.0,1.039438,0.072347626,0.0,2006-04,4.147465437788023
0.0,0.0,0.0,0.0,0.5842421,0.0,0.0,0.52297324,0.0,0.43797413,0.0,0.0,0.0,0.9618495,0.021324817,0.0,2006-05,0.0
0.0,0.0,0.0,0.0,0.8351831,0.0,0.0,0.62413675,0.0,0.36529687,0.0,0.0,0.0,0.837344,0.0,0.0,2006-06,3.097345132743376
0.0,0.0,0.42328414,0.0,1.5538055,0.0,0.0,0.8894294,0.0,0.1336539,0.0,0.0,0.0,0.52809864,0.0,0.0,2006-07,-0.4291845493562394
0.0,0.0,1.0902985,0.0,2.687063,0.0,0.0,1.2873307,0.0,0.0,0.0,0.0,0.0,0.025668716,0.0,0.0,2006-08,4.166666666666676
0.0,0.0,1.2949878,0.0,3.1280923,0.0,0.0,1.4593085,0.0,0.0,0.0,0.0,0.0,0.0,0.0,0.0,2006-09,10.206896551724146
0.0,0.0,1.2569898,0.0,3.1610851,0.0,0.0,1.5040566,0.0,0.0,0.0,0.0,0.0,0.0,0.0,0.0,2006-10,6.758448060075082
0.0,0.0,1.0100663,0.0,2.8064165,0.0,0.0,1.4111795,0.0,0.0,0.0,0.0,0.0,0.17391331,0.0,0.0,2006-11,0.1172332942555785
0.0,0.0,0.6441092,0.0,2.1943712,0.0,0.0,1.1838382,0.0,0.0,0.0,0.0,0.0,0.47646782,0.0,0.0,2006-12,-0.3512880562061022
0.0,0.0,0.28836387,0.0,1.5660511,0.0,0.0,0.92215914,0.0,0.17219871,0.0,0.0,0.0,0.74262124,0.017455775,0.0,2007-01,2.232667450058761
0.0,0.0,0.0,0.0,0.98559237,0.0,0.0,0.6783672,0.0,0.32776868,0.0,0.0,0.0,0.93806577,0.06297208,0.0,2007-02,-0.6896551724137866
0.0,0.0,0.0,0.0,0.5154817,0.0,0.0,0.4951542,0.0,0.46644557,0.0,0.0,0.0,1.0570308,0.09265102,0.0,2007-03,-1.5046296296296426
0.0,0.0,0.0,0.0,0.5863811,0.0,0.0,0.5116618,0.0,0.42349076,0.0,0.0,0.0,0.9588581,0.042267583,0.0,2007-04,1.762632197414806
0.0,0.0,0.0,0.0,0.71308684,0.0,0.0,0.5533581,0.0,0.37677798,0.0,0.0,0.0,0.83020085,0.0,0.0,2007-05,6.120092378752901
0.0,0.0,0.12683666,0.0,1.0259824,0.0,0.0,0.67098665,0.0,0.28177047,0.0,0.0,0.0,0.64895004,0.0,0.0,2007-06,3.2644178454842216
0.0,0.0,0.5374935,0.0,1.6760122,0.0,0.0,0.90709203,0.0,0.08288066,0.0,0.0,0.0,0.3410592,0.0,0.0,2007-07,7.586933614330863
0.0,0.0,1.2930079,0.0,2.8433342,0.0,0.0,1.2450941,0.0,0.0,0.0,0.0,0.0,0.0,0.0,0.0,2007-08,14.789422135161615
0.0,0.0,1.6082375,0.0,3.3542747,0.0,0.0,1.3573582,0.0,0.0,0.0,0.0,0.0,0.0,0.0,0.0,2007-09,3.4982935153583568
0.0,0.0,1.5905161,0.0,3.4531372,0.0,0.0,1.4255393,0.0,0.0,0.0,0.0,0.0,0.0,0.0,0.0,2007-10,-0.2473206924979366
0.0,0.0,1.4578867,0.0,3.3585029,0.0,0.0,1.4446179,0.0,0.0,0.0,0.0,0.0,0.0,0.0,0.0,2007-11,9.256198347107429
0.0,0.0,1.2517897,0.0,3.0547078,0.0,0.0,1.3604078,0.0,0.0,0.0,0.0,0.0,0.0,0.0,0.0,2007-12,6.6565809379727785
0.0,0.0,1.0392914,0.0,2.638419,0.0,0.0,1.1869786,0.0,0.0,0.0,0.0,0.0,0.025126971,0.0,0.0,2008-01,14.042553191489372
0.0,0.0,0.8118405,0.0,2.1225932,0.0,0.0,0.95426774,0.0,0.0,0.0,0.0,0.0,0.1320366,0.0,0.0,2008-02,1.5547263681592038
0.019336956,0.0,1.0287817,0.0,2.070938,0.06300866,0.0,0.7720674,0.0,0.0,0.007128897,0.0,0.028462458,0.0,0.0,0.0,2008-03,-0.36742192284141
0.6225326,0.0,1.2699044,0.75709456,1.954165,0.7373897,0.0,0.53226125,0.0,0.0,0.44875422,0.0,0.6298994,0.0,0.0,0.0,2008-04,-3.257529194837113
1.0470339,0.0,1.2337416,1.2967874,1.5913569,1.2508749,0.15229414,0.2958585,0.0,0.0,0.75977343,0.0,0.96841824,0.0,0.0,0.0,2008-05,1.842439644218555
1.3898761,0.0,1.122246,1.677386,1.2606152,1.6915915,0.2419175,0.12248143,0.0,0.0,1.0119193,0.0,1.1911359,0.0,0.0,0.0,2008-06,-7.548346849656908
1.711191,0.0,0.92160773,1.9624482,0.9262699,2.0911186,0.24135686,0.0,0.0,0.0,1.2438933,0.0,1.392555,0.0,0.0,0.0,2008-07,-7.894736842105256
1.9834039,0.0,0.5547317,2.039308,0.50549245,2.3213465,0.11036144,0.0,0.0,0.0,1.3893586,0.0,1.5732026,0.0,0.0,0.0,2008-08,-8.205128205128208
2.1026335,0.0,0.08637334,1.9053079,0.0,2.4526749,0.0,0.0,0.00474469,0.0,1.31635,0.051473893,1.6266817,0.0,0.023427203,0.0516022,2008-09,-16.280925778132477
1.741562,0.0,0.01596883,1.3899927,0.106495276,2.0455356,0.0,0.0,0.0,0.0,0.9472616,0.22510254,1.2319663,0.0,0.26825514,0.22558016,2008-10,-8.484270734032416
1.1993965,0.0,0.033591576,0.6734749,0.5659327,1.336233,0.0,0.33126786,0.0,0.0,0.49568263,0.21142732,0.7202599,0.0,0.37104735,0.22779611,2008-11,-0.937500000000006
0.6152752,0.0,0.15587774,0.0,1.1811861,0.5300531,0.0,0.7208799,0.0,0.0,0.060442634,0.049197808,0.22325203,0.0,0.34862727,0.066004194,2008-12,5.573080967402746
0.10032108,0.0,0.4338553,0.0,1.8080441,0.0,0.0,0.9893718,0.0,0.0,0.0,0.0,0.0,0.0,0.21119085,0.0,2009-01,-3.1872509960159388
0.0,0.0,0.8164819,0.0,2.347252,0.0,0.0,1.1030934,0.0,0.0,0.0,0.0,0.0,0.0,0.0,0.0,2009-02,0.0
0.0,0.0,1.089255,0.0,2.5582292,0.0,0.0,1.0671179,0.0,0.0,0.0,0.0,0.0,0.0,0.0,0.0,2009-03,0.9259259259259172
0.0,0.0,1.072827,0.0,2.4450612,0.0,0.0,1.0123512,0.0,0.0,0.0,0.0,0.0,0.0,0.0,0.0,2009-04,5.300713557594295
0.0,0.0,1.1561822,0.0,2.4555023,0.0,0.0,0.9824351,0.0,0.0,0.0,0.0,0.0,0.0,0.0,0.0,2009-05,-0.2904162633107426
0.0,0.0,1.1384841,0.0,2.4103224,0.0,0.0,0.9930306,0.0,0.0,0.0,0.0,0.0,0.0,0.0,0.0,2009-06,-8.25242718446602
0.089179724,0.0,1.4166846,0.041632995,2.7086513,0.1656219,0.0,1.0165854,0.0,0.0,0.06687008,0.0,0.0021931455,0.0,0.0,0.0,2009-07,-2.7513227513227454
0.22733183,0.0,1.6093372,0.23524028,2.952156,0.36058897,0.0,1.0316218,0.0,0.0,0.15584227,0.0,0.12044521,0.0,0.0,0.0,2009-08,-2.2850924918389643
0.06757855,0.0,1.6464856,0.03293999,3.1714478,0.20934664,0.0,1.1705384,0.0,0.0,0.03409142,0.0,0.0,0.0,0.0,0.0,2009-09,4.4543429844098
0.0,0.0,1.6716795,0.0,3.3689055,0.093401775,0.0,1.2854816,0.0,0.0,0.0,0.0,0.0,0.0,0.0,0.0,2009-10,4.477611940298511
0.0,0.0,1.559402,0.0,3.427476,0.0,0.0,1.4068348,0.0,0.0,0.0,0.0,0.0,0.0,0.0,0.0,2009-11,1.020408163265306
0.0,0.0,1.3993284,0.0,3.2982798,0.0,0.0,1.4168792,0.0,0.0,0.0,0.0,0.0,0.0,0.0,0.0,2009-12,-0.6060606060606003
0.0,0.0,1.1934514,0.0,2.9886076,0.0,0.0,1.3240784,0.0,0.0,0.0,0.0,0.0,0.0,0.0,0.0,2010-01,-4.47154471544716
0.0,0.0,0.8882014,0.0,2.4435391,0.0,0.0,1.1283867,0.0,0.0,0.0,0.0,0.0,0.16754709,0.0,0.0,2010-02,-2.3404255319148968
0.0,0.0,0.58223474,0.0,1.8648053,0.0,0.0,0.91070604,0.0,0.0,0.0,0.0,0.0,0.36320382,0.0,0.0,2010-03,-1.1982570806100157
0.0,0.0,0.49497873,0.0,1.6088241,0.0,0.0,0.7990306,0.0,0.045357987,0.0,0.0,0.0,0.3557707,0.0,0.0,2010-04,-0.1102535832414647
0.0,0.0,0.45819363,0.0,1.4712626,0.0,0.0,0.75438035,0.0,0.08718589,0.0,0.0,0.0,0.32446927,0.0,0.0,2010-05,-3.090507726269313
0.0,0.0,0.564177,0.0,1.5990157,0.0,0.0,0.81317884,0.0,0.06134374,0.0,0.0,0.0,0.20960201,0.0,0.0,2010-06,8.542141230068337
0.0,0.0,0.9039292,0.0,2.1305144,0.0,0.0,1.0033486,0.0,0.0,0.0,0.0,0.0,0.0,0.0,0.0,2010-07,18.46799580272824
0.0,0.0,1.4060935,0.0,2.9157984,0.0,0.0,1.2141305,0.0,0.0,0.0,0.0,0.0,0.0,0.0,0.0,2010-08,11.514614703277235
0.0,0.0,1.6092311,0.0,3.3085928,0.0,0.0,1.3156983,0.0,0.0,0.0,0.0,0.0,0.0,0.0,0.0,2010-09,3.733121525019848
0.0,0.0,1.5684792,0.0,3.4391472,0.0,0.0,1.4202496,0.0,0.0,0.0,0.0,0.0,0.0,0.0,0.0,2010-10,1.3782542113323213
0.0,0.0,1.4256151,0.0,3.3576877,0.0,0.0,1.4470924,0.0,0.0,0.0,0.0,0.0,0.0,0.0,0.0,2010-11,5.513595166163129
0.0,0.0,1.1577163,0.0,2.9980896,0.0,0.0,1.3665748,0.0,0.0,0.0,0.0,0.0,0.0,0.0,0.0,2010-12,3.722261989978538
0.0,0.0,0.959055,0.0,2.6061773,0.0,0.0,1.1950237,0.0,0.0,0.0,0.0,0.0,0.097406015,0.0,0.0,2011-01,4.485852311939268
0.0,0.0,0.68675554,0.0,2.029252,0.0,0.0,0.9449726,0.0,0.0,0.0,0.0,0.0,0.25477573,0.0,0.0,2011-02,-3.896961690885077
0.0,0.0,0.5406303,0.0,1.5659629,0.0,0.0,0.7095932,0.0,0.0,0.0,0.0,0.0,0.21221623,0.0,0.0,2011-03,4.261168384879718
0.0,0.0,0.39289758,0.0,1.099102,0.0,0.0,0.49445704,0.0,0.06047252,0.0,0.0,0.0,0.111188285,0.0,0.0,2011-04,-0.5273566249175893
0.19632304,0.0,0.4939204,0.34385997,0.96371794,0.19126403,0.0,0.36391708,0.0,0.008003877,0.21196678,0.0,0.29867613,0.0,0.0,0.0,2011-05,-2.51822398939696
0.8342708,0.0,0.81056863,1.0494933,1.0883558,0.9465576,0.0,0.26113912,0.0,0.0,0.6365353,0.0,0.825943,0.0,0.0,0.0,2011-06,-4.486743711760703
1.3102672,0.0,0.9387969,1.5490041,1.0941858,1.5717626,0.15377934,0.15296707,0.0,0.0,0.9546159,0.0,1.1046771,0.0,0.0,0.0,2011-07,3.131672597864773
1.7535272,0.0,0.6653933,1.7939851,0.7466185,2.0657017,0.12449588,0.0,0.0,0.0,1.2058516,0.0,1.348018,0.0,0.0,0.0,2011-08,-3.036576949620432
1.8143883,0.0,0.18468422,1.5398822,0.268777,2.066193,0.0,0.0,0.0,0.0,1.0519764,0.057535753,1.3308339,0.0,0.052422076,0.0,2011-09,-5.266903914590752
1.492543,0.0,0.08455113,1.0732169,0.3826703,1.695585,0.0,0.13101736,0.0,0.0,0.7244098,0.204742,0.9920933,0.0,0.27240506,0.15499547,2011-10,-1.6528925619834625
0.9730352,0.0,0.18340448,0.44307172,0.9179772,0.9845627,0.0,0.49238402,0.0,0.0,0.32278606,0.097066075,0.534448,0.0,0.28642258,0.03565844,2011-11,-4.965622612681436
0.4888472,0.0,0.3656678,0.0,1.468086,0.35304525,0.0,0.7906227,0.0,0.0,0.0,0.0,0.12480455,0.0,0.21931651,0.0,2011-12,2.250803858520898
0.13035494,0.0,0.8045393,0.0,2.1301541,0.06257002,0.0,0.9793211,0.0,0.0,0.0,0.0,0.0,0.0,0.0,0.0,2012-01,3.06603773584905
0.2160856,0.0,1.2670956,0.11049012,2.5380569,0.32103288,0.0,0.94001853,0.0,0.0,0.0,0.0,0.020118495,0.0,0.0,0.0,2012-02,-0.3813882532418002
0.55832785,0.0,1.4366673,0.5874865,2.4470136,0.7369692,0.076599255,0.6996997,0.0,0.0,0.32223928,0.0,0.40223587,0.0,0.0,0.0,2012-03,-1.1485451761102603
0.73324674,0.0,1.4422423,0.8410022,2.268564,0.9267368,0.16144745,0.5670816,0.0,0.0,0.4898957,0.0,0.5753552,0.0,0.0,0.0,2012-04,-2.1688613477924066
0.9069083,0.0,1.432547,1.0795527,2.0895903,1.136289,0.24467166,0.4675832,0.0,0.0,0.6396418,0.0,0.7126428,0.0,0.0,0.0,2012-05,-0.7917656373713382
0.9750037,0.0,1.3931899,1.1729413,1.9727639,1.2260181,0.26209906,0.44485587,0.0,0.0,0.7023502,0.0,0.7475805,0.0,0.0,0.0,2012-06,14.844373503591388
1.1103852,0.0,1.3696452,1.2986448,1.9027388,1.4220941,0.310604,0.42153183,0.0,0.0,0.788705,0.0,0.7897521,0.0,0.0,0.0,2012-07,2.223766504517018
1.0189661,0.0,1.3194396,1.1355513,1.9570701,1.3057865,0.23101716,0.5031791,0.0,0.0,0.6759412,0.0,0.67043424,0.0,0.0,0.0,2012-08,-0.2039428959891114
0.931591,0.0,1.2125906,0.9211701,1.9783268,1.1567788,0.0861716,0.5916663,0.0,0.0,0.5261049,0.0,0.5472579,0.0,0.0,0.0,2012-09,-0.2043596730245309
0.6647548,0.0,1.2372762,0.5960081,2.243821,0.8178334,0.0,0.7844521,0.0,0.0,0.29247212,0.0,0.32095015,0.0,0.0,0.0,2012-10,1.3651877133105803
0.38865083,0.0,1.3933754,0.34301963,2.6314268,0.52983487,0.0,0.9613708,0.0,0.0,0.1022724,0.0,0.13697705,0.0,0.0,0.0,2012-11,-1.41414141414141
0.3765111,0.0,1.5169902,0.36077973,2.7876623,0.53281426,0.0,0.95189553,0.0,0.0,0.1198302,0.0,0.1914659,0.0,0.0,0.0,2012-12,-0.8196721311475527
0.5492101,0.0,1.5744625,0.5843117,2.7054682,0.72654736,0.063645214,0.7987492,0.0,0.0,0.27451405,0.0,0.38309965,0.0,0.0,0.0,2013-01,-1.9972451790633452
0.8209344,0.0,1.591359,0.9414223,2.4784591,1.0372882,0.21268004,0.5745655,0.0,0.0,0.51211125,0.0,0.63637805,0.0,0.0,0.0,2013-02,-1.6865776528461038
1.0968736,0.0,1.5515132,1.2971668,2.1591856,1.372881,0.3344795,0.38499767,0.0,0.0,0.75695324,0.0,0.8732203,0.0,0.0,0.0,2013-03,-3.5739814152966405
1.3227135,0.0,1.4475447,1.5770507,1.8046072,1.6794664,0.4052075,0.25008476,0.0,0.0,0.9595617,0.0,1.049137,0.0,0.0,0.0,2013-04,1.111934766493699
1.508332,0.0,1.3033897,1.794228,1.4843721,1.945298,0.42565495,0.14917901,0.0,0.0,1.1156659,0.0,1.1763706,0.0,0.0,0.0,2013-05,-1.9061583577712569
1.622823,0.0,1.1161463,1.8728297,1.2304418,2.0777216,0.37852308,0.09148042,0.0,0.0,1.1909945,0.0,1.2410995,0.0,0.0,0.0,2013-06,-5.530642750373696
1.6990927,0.0,0.8205497,1.7618834,0.94979835,2.0630004,0.2264414,0.047714476,0.0,0.0,1.1724418,0.0,1.2717317,0.0,0.0,0.0,2013-07,-5.696202531645572
1.6647035,0.0,0.43781185,1.4323096,0.6396819,1.8808001,0.0,0.039287925,0.0,0.0,0.99171185,0.0,1.1935742,0.0,0.0,0.0,2013-08,-2.097315436241611
1.3936372,0.0,0.2201587,0.95153236,0.62739253,1.5185263,0.0,0.21551526,0.0,0.0,0.6656205,0.12626076,0.89709663,0.0,0.19560036,0.04098051,2013-09,1.713796058269066
0.8646741,0.0,0.27899766,0.31501728,1.1198817,0.829342,0.0,0.58202404,0.0,0.0,0.25830442,0.057364076,0.4284788,0.0,0.25088307,0.0,2013-10,-0.5897219882055627
0.33022478,0.0,0.47557893,0.0,1.7250534,0.18391973,0.0,0.9123756,0.0,0.0,0.0,0.0,0.0,0.0,0.17928737,0.0,2013-11,-0.0847457627118595
0.0,0.0,0.8386419,0.0,2.364433,0.0,0.0,1.1335851,0.0,0.0,0.0,0.0,0.0,0.0,0.0,0.0,2013-12,-0.763358778625959
0.0,0.0,1.1252393,0.0,2.6826432,0.0,0.0,1.15416,0.0,0.0,0.0,0.0,0.0,0.0,0.0,0.0,2014-01,2.30769230769231
0.022518944,0.0,1.2781595,0.0,2.6759365,0.1000613,0.0,1.0218226,0.0,0.0,0.0,0.0,0.0,0.0,0.0,0.0,2014-02,4.7619047619047645
0.34751722,0.0,1.4023517,0.3034209,2.544802,0.45349824,0.0,0.8191619,0.0,0.0,0.19185054,0.0,0.25063396,0.0,0.0,0.0,2014-03,0.0797448165869173
0.5952435,0.0,1.4361634,0.667785,2.3354802,0.7258137,0.037706185,0.64764,0.0,0.0,0.4035313,0.0,0.4935655,0.0,0.0,0.0,2014-04,-0.2390438247011929
0.8187935,0.0,1.4408299,0.97780997,2.138813,0.9988297,0.16179442,0.5139789,0.0,0.0,0.57972777,0.0,0.67179024,0.0,0.0,0.0,2014-05,-5.1916932907348246
1.0032588,0.0,1.4351517,1.2129768,2.0046592,1.250251,0.26290056,0.43141586,0.0,0.0,0.7227276,0.0,0.78445375,0.0,0.0,0.0,2014-06,-5.475989890480202
1.0799274,0.0,1.4138879,1.303525,1.955718,1.3788916,0.29829025,0.42453253,0.0,0.0,0.7837416,0.0,0.8074156,0.0,0.0,0.0,2014-07,-1.6042780748663077
0.9762664,0.0,1.3957485,1.1591139,2.0468316,1.2727045,0.24696963,0.515728,0.0,0.0,0.6974853,0.0,0.69123495,0.0,0.0,0.0,2014-08,-2.717391304347826
0.77510023,0.0,1.3800182,0.8562091,2.2334876,1.0364215,0.13751592,0.67470723,0.0,0.0,0.499326,0.0,0.47343558,0.0,0.0,0.0,2014-09,0.7448789571694573
0.40889463,0.0,1.3501556,0.36533695,2.5235617,0.5861006,0.0,0.92795825,0.0,0.0,0.17061141,0.0,0.13596807,0.0,0.0,0.0,2014-10,1.0166358595194032
0.037744835,0.0,1.3472891,0.0,2.8345757,0.15140447,0.0,1.1559517,0.0,0.0,0.0,0.0,0.0,0.0,0.0,0.0,2014-11,1.4638609332113528
0.0,0.0,1.3323462,0.0,2.9584782,0.0,0.0,1.2325772,0.0,0.0,0.0,0.0,0.0,0.0,0.0,0.0,2014-12,-4.508566275924256
0.0,0.0,1.3250214,0.0,2.9235973,0.0,0.0,1.1864494,0.0,0.0,0.0,0.0,0.0,0.0,0.0,0.0,2015-01,-4.060434372049113
0.0,0.0,1.3301098,0.0,2.7936525,0.03248634,0.0,1.0749677,0.0,0.0,0.0,0.0,0.0,0.0,0.0,0.0,2015-02,-2.0669291338582623
0.13094464,0.0,1.3476353,0.016344346,2.6198926,0.19910882,0.0,0.9375764,0.0,0.0,0.052854832,0.0,0.0635968,0.0,0.0,0.0,2015-03,-1.30653266331658
0.28022736,0.0,1.3664279,0.26499566,2.465461,0.3561243,0.0,0.82952076,0.0,0.0,0.19153084,0.0,0.2290751,0.0,0.0,0.0,2015-04,-2.545824847250509
0.52721953,0.0,1.479827,0.61912847,2.4314365,0.6487293,0.0,0.7274138,0.0,0.0,0.38179052,0.0,0.4425282,0.0,0.0,0.0,2015-05,1.044932079414838
0.6015088,0.0,1.5254984,0.73467207,2.4541397,0.75925934,0.046297047,0.7165842,0.0,0.0,0.44568035,0.0,0.48384094,0.0,0.0,0.0,2015-06,2.275077559462257
0.6334938,0.0,1.5967102,0.77886385,2.5895793,0.84076935,0.09954274,0.74433786,0.0,0.0,0.46393165,0.0,0.47579148,0.0,0.0,0.0,2015-07,-7.077856420626895
0.44271946,0.0,1.6280563,0.5430573,2.8337348,0.66255444,0.020729933,0.89863694,0.0,0.0,0.32298812,0.0,0.31232545,0.0,0.0,0.0,2015-08,-1.5233949945593095
0.119679786,0.0,1.6060829,0.11506108,3.1058223,0.32753962,0.0,1.129752,0.0,0.0,0.06855343,0.0,0.030526044,0.0,0.0,0.0,2015-09,1.3259668508287323
0.0,0.0,1.5015227,0.0,3.3001006,0.0,0.0,1.3628979,0.0,0.0,0.0,0.0,0.0,0.0,0.0,0.0,2015-10,-1.3086150490730677
0.0,0.0,1.2686101,0.0,3.1919842,0.0,0.0,1.4516301,0.0,0.0,0.0,0.0,0.0,0.0,0.0,0.0,2015-11,-1.2154696132596623
0.0,0.0,0.9239959,0.0,2.7285957,0.0,0.0,1.3488308,0.0,0.0,0.0,0.0,0.0,0.15148444,0.0,0.0,2015-12,-2.013422818791959
0.0,0.0,0.5027409,0.0,2.022927,0.0,0.0,1.0972847,0.0,0.1115817,0.0,0.0,0.0,0.5239307,0.01355942,0.0,2016-01,-0.3424657534246543
0.0,0.0,0.0056209452,0.0,1.1448882,0.0,0.0,0.75141543,0.0,0.34116045,0.0,0.0,0.0,0.8735613,0.07387564,0.0,2016-02,-0.9163802978235936
0.0,0.0,0.0,0.0,0.6431339,0.0,0.0,0.55053616,0.0,0.45749575,0.0,0.0,0.0,1.0178043,0.100999884,0.0,2016-03,2.196531791907521
0.0,0.0,0.0,0.0,0.5927603,0.0,0.0,0.52826476,0.0,0.45544824,0.0,0.0,0.0,0.9806957,0.0723702,0.0,2016-04,3.054298642533924
0.0,0.0,0.0,0.0,0.5508994,0.0,0.0,0.5216457,0.0,0.47088748,0.0,0.0,0.0,0.94359726,0.03687355,0.0,2016-05,3.293084522502744
0.0,0.0,0.019577544,0.0,0.9503779,0.0,0.0,0.66970474,0.0,0.34639394,0.0,0.0,0.0,0.7358482,0.0,0.0,2016-06,-3.9319872476089146
0.0,0.0,0.6774453,0.0,1.9735999,0.0,0.0,1.0198638,0.0,0.01587361,0.0,0.0,0.0,0.23559949,0.0,0.0,2016-07,-1.2168141592920447
0.0,0.0,1.3884959,0.0,3.0402858,0.0,0.0,1.2965754,0.0,0.0,0.0,0.0,0.0,0.0,0.0,0.0,2016-08,-3.3594624860022395
0.0,0.0,1.5416933,0.0,3.3586457,0.0,0.0,1.3997452,0.0,0.0,0.0,0.0,0.0,0.0,0.0,0.0,2016-09,0.4634994206257308
0.0,0.0,1.4770433,0.0,3.4043581,0.0,0.0,1.476538,0.0,0.0,0.0,0.0,0.0,0.0,0.0,0.0,2016-10,-0.8073817762399109
0.0,0.0,1.2380368,0.0,3.147883,0.0,0.0,1.4690063,0.0,0.0,0.0,0.0,0.0,0.0,0.0,0.0,2016-11,0.1162790697674352
0.0,0.0,1.0715089,0.0,2.894794,0.0,0.0,1.3884557,0.0,0.0,0.0,0.0,0.0,0.0812165,0.0,0.0,2016-12,3.019744483159128
0.0,0.0,0.7846386,0.0,2.3950152,0.0,0.0,1.2026067,0.0,0.0,0.0,0.0,0.0,0.3268178,0.0,0.0,2017-01,1.4656144306651604
0.0,0.0,0.48382974,0.0,1.8458365,0.0,0.0,0.98188305,0.0,0.04949516,0.0,0.0,0.0,0.5467327,0.009866908,0.0,2017-02,-2.333333333333327
0.0,0.0,0.14098202,0.0,1.2190548,0.0,0.0,0.73892564,0.0,0.22525352,0.0,0.0,0.0,0.7551333,0.020260394,0.0,2017-03,-1.1376564277588168
0.0,0.0,0.20326376,0.0,1.2301571,0.0,0.0,0.71984965,0.0,0.19226599,0.0,0.0,0.0,0.653851,0.0,0.0,2017-04,1.6110471806674238
0.0,0.0,0.28165695,0.0,1.2931943,0.0,0.0,0.73814166,0.0,0.16976754,0.0,0.0,0.0,0.5479635,0.0,0.0,2017-05,4.64326160815403
0.0,0.0,0.69359595,0.0,1.8789932,0.0,0.0,0.9232144,0.0,0.0,0.0,0.0,0.0,0.19317512,0.0,0.0,2017-06,4.87012987012987
0.0,0.0,1.1080419,0.0,2.526024,0.0,0.0,1.1311051,0.0,0.0,0.0,0.0,0.0,0.0,0.0,0.0,2017-07,-4.747162022703827
0.0,0.0,1.4282582,0.0,3.0501585,0.0,0.0,1.2784085,0.0,0.0,0.0,0.0,0.0,0.0,0.0,0.0,2017-08,-0.2166847237269803
0.0,0.0,1.6346735,0.0,3.4070108,0.0,0.0,1.3601385,0.0,0.0,0.0,0.0,0.0,0.0,0.0,0.0,2017-09,-0.3257328990227982
0.0,0.0,1.5450684,0.0,3.4464464,0.0,0.0,1.4542174,0.0,0.0,0.0,0.0,0.0,0.0,0.0,0.0,2017-10,0.326797385620912
0.0,0.0,1.3961504,0.0,3.339127,0.0,0.0,1.4830039,0.0,0.0,0.0,0.0,0.0,0.0,0.0,0.0,2017-11,0.3257328990228136
0.0,0.0,1.1492877,0.0,2.9795604,0.0,0.0,1.3908813,0.0,0.0,0.0,0.0,0.0,0.0,0.0,0.0,2017-12,3.0303030303030267
0.0,0.0,0.8568427,0.0,2.4794524,0.0,0.0,1.2138237,0.0,0.0,0.0,0.0,0.0,0.25367913,0.0,0.0,2018-01,3.3613445378151288
0.0,0.0,0.7175507,0.0,2.1651175,0.0,0.0,1.0618259,0.0,0.0,0.0,0.0,0.0,0.33819982,0.0,0.0,2018-02,3.4552845528455194
0.0,0.0,0.5016353,0.0,1.7150722,0.0,0.0,0.87207466,0.0,0.016338438,0.0,0.0,0.0,0.44777006,0.0,0.0,2018-03,2.161100196463657
0.0,0.0,0.3515767,0.0,1.374776,0.0,0.0,0.7322163,0.0,0.10253227,0.0,0.0,0.0,0.48493037,0.0,0.0,2018-04,1.4423076923076923
0.0,0.0,0.58362687,0.0,1.6062483,0.0,0.0,0.77366775,0.0,0.0,0.0,0.0,0.0,0.21364379,0.0,0.0,2018-05,-4.4549763033175385
0.0,0.0,0.8401402,0.0,1.9212081,0.0,0.0,0.86176175,0.0,0.0,0.0,0.0,0.0,0.0,0.0,0.0,2018-06,-2.083333333333328
0.14139128,0.0,1.469527,0.16478719,2.6941264,0.222395,0.0,0.9837017,0.0,0.0,0.1373022,0.0,0.10203287,0.0,0.0,0.0,2018-07,4.863221884498477
0.19486314,0.0,1.6360576,0.23901021,2.9823797,0.3228043,0.0,1.05313,0.0,0.0,0.16538534,0.0,0.14394274,0.0,0.0,0.0,2018-08,-3.091787439613529
0.14932153,0.0,1.7147832,0.1670717,3.2170877,0.3100822,0.0,1.1395065,0.0,0.0,0.10872665,0.0,0.09124777,0.0,0.0,0.0,2018-09,0.5982053838484632
0.0,0.0,1.6527653,0.0,3.4236553,0.0,0.0,1.3423876,0.0,0.0,0.0,0.0,0.0,0.0,0.0,0.0,2018-10,-1.2884043607532325
0.0,0.0,1.5429068,0.0,3.465157,0.0,0.0,1.4399855,0.0,0.0,0.0,0.0,0.0,0.0,0.0,0.0,2018-11,1.5060240963855422
0.0,0.0,1.2918646,0.0,3.212091,0.0,0.0,1.4282105,0.0,0.0,0.0,0.0,0.0,0.0,0.0,0.0,2018-12,0.6923837784371938
0.0,0.0,1.0464147,0.0,2.824832,0.0,0.0,1.3031901,0.0,0.0,0.0,0.0,0.0,0.052739494,0.0,0.0,2019-01,-1.0805500982318217
0.0,0.0,0.6852805,0.0,2.1981688,0.0,0.0,1.0793898,0.0,0.0,0.0,0.0,0.0,0.347471,0.0156257,0.0,2019-02,-3.177755710029794
0.0,0.0,0.37766102,0.0,1.6264846,0.0,0.0,0.860046,0.0,0.11410205,0.0,0.0,0.0,0.53869015,0.021036468,0.0,2019-03,-2.97435897435898
0.0,0.0,0.24147215,0.0,1.305761,0.0,0.0,0.7277619,0.0,0.18363301,0.0,0.0,0.0,0.56718236,0.0,0.0,2019-04,-0.2114164904862459
0.0,0.0,0.15802234,0.0,1.0977821,0.0,0.0,0.6589637,0.0,0.24622291,0.0,0.0,0.0,0.56505865,0.0,0.0,2019-05,5.0847457627118615
0.0,0.0,0.29969954,0.0,1.2809299,0.0,0.0,0.73635274,0.0,0.20427865,0.0,0.0,0.0,0.417769,0.0,0.0,2019-06,-1.6129032258064602
0.0,0.0,0.6895432,0.0,1.870179,0.0,0.0,0.94365406,0.0,0.0367515,0.0,0.0,0.0,0.099656835,0.0,0.0,2019-07,-5.122950819672131
0.0,0.0,1.237214,0.0,2.6936965,0.0,0.0,1.171623,0.0,0.0,0.0,0.0,0.0,0.0,0.0,0.0,2019-08,-0.8639308855291546
0.0,0.0,1.3746278,0.0,3.0311513,0.0,0.0,1.3114933,0.0,0.0,0.0,0.0,0.0,0.0,0.0,0.0,2019-09,4.575163398692814
0.0,0.0,1.5180101,0.0,3.3213909,0.0,0.0,1.3834642,0.0,0.0,0.0,0.0,0.0,0.0,0.0,0.0,2019-10,-0.4166666666666725
0.0,0.0,1.343335,0.0,3.265482,0.0,0.0,1.4637133,0.0,0.0,0.0,0.0,0.0,0.0,0.0,0.0,2019-11,1.8828451882845307
0.0,0.0,1.1003689,0.0,2.9549928,0.0,0.0,1.3964463,0.0,0.0,0.0,0.0,0.0,0.0,0.0,0.0,2019-12,3.388090349075972
0.0,0.0,0.81355685,0.0,2.4755838,0.0,0.0,1.2262309,0.0,0.0,0.0,0.0,0.0,0.2685645,0.0,0.0,2020-01,-1.0923535253227492
0.0,0.0,0.5064267,0.0,1.9148856,0.0,0.0,1.0037665,0.0,0.06126958,0.0,0.0,0.0,0.5056072,0.019626178,0.0,2020-02,-1.6064257028112392
0.0,0.0,0.34458387,0.0,1.5600624,0.0,0.0,0.84577006,0.0,0.12373321,0.0,0.0,0.0,0.58539194,0.014313623,0.0,2020-03,1.632653061224484
0.0,0.0,0.072567195,0.0,1.055995,0.0,0.0,0.66489106,0.0,0.2687739,0.0,0.0,0.0,0.72679514,0.0011611618,0.0,2020-04,-1.6064257028112392
0.0,0.0,0.04807617,0.0,0.9458672,0.0,0.0,0.6238733,0.0,0.2996324,0.0,0.0,0.0,0.6838774,0.0,0.0,2020-05,-0.7142857142857172
0.0,0.0,0.5294865,0.0,1.611155,0.0,0.0,0.8273313,0.0,0.07185729,0.0,0.0,0.0,0.26249635,0.0,0.0,2020-06,0.0
0.0,0.0,0.7901954,0.0,2.0140529,0.0,0.0,0.9766205,0.0,0.0,0.0,0.0,0.0,0.04354202,0.0,0.0,2020-07,1.9527235354573544
0.0,0.0,1.2980474,0.0,2.761727,0.0,0.0,1.1730208,0.0,0.0,0.0,0.0,0.0,0.0,0.0,0.0,2020-08,5.141129032258059
0.0,0.0,1.6036134,0.0,3.190517,0.0602649,0.0,1.2281593,0.0,0.0,0.0,0.0,0.0,0.0,0.0,0.0,2020-09,7.478427612655798
0.0,0.0,1.5818846,0.0,3.3164513,0.0,0.0,1.3303771,0.0,0.0,0.0,0.0,0.0,0.0,0.0,0.0,2020-10,2.4085637823372017
0.0,0.0,1.5020788,0.0,3.323095,0.0,0.0,1.3854444,0.0,0.0,0.0,0.0,0.0,0.0,0.0,0.0,2020-11,1.393728222996523
0.0,0.0,1.3532729,0.0,3.1526499,0.0,0.0,1.3580917,0.0,0.0,0.0,0.0,0.0,0.0,0.0,0.0,2020-12,7.388316151202743
0.0,0.0,1.2072955,0.0,2.868478,0.0,0.0,1.2401298,0.0,0.0,0.0,0.0,0.0,0.0,0.0,0.0,2021-01,0.8799999999999953
0.0,0.0,1.1414691,0.0,2.5990493,0.0,0.0,1.0788294,0.0,0.0,0.0,0.0,0.0,0.0,0.0,0.0,2021-02,-1.7446471054718389
0.0,0.0,1.0718191,0.0,2.259403,0.0,0.0,0.885341,0.0,0.0,0.0,0.0,0.0,0.0,0.0,0.0,2021-03,1.856335754640837
0.35912538,0.0,1.3064156,0.38908193,2.241062,0.42989844,0.0,0.7228337,0.0,0.0,0.25550884,0.0,0.34099016,0.0,0.0,0.0,2021-04,5.94294770206021
0.62336075,0.0,1.329823,0.7650134,2.0449905,0.7335286,0.0,0.58059686,0.0,0.0,0.45979986,0.0,0.5776644,0.0,0.0,0.0,2021-05,-2.54300673148839
0.9914867,0.0,1.4164959,1.2170384,1.947443,1.2011483,0.19636841,0.43104932,0.0,0.0,0.7197153,0.0,0.8249843,0.0,0.0,0.0,2021-06,-3.069838833461254
1.1357969,0.0,1.4165373,1.3835808,1.8990593,1.418935,0.28340974,0.38596645,0.0,0.0,0.8289959,0.0,0.8819001,0.0,0.0,0.0,2021-07,3.2462391132224933
1.1269782,0.0,1.4142147,1.3610985,1.9619441,1.4487842,0.29556426,0.4312294,0.0,0.0,0.81875736,0.0,0.8313018,0.0,0.0,0.0,2021-08,1.8404907975460163
0.97115487,0.0,1.407118,1.1286215,2.1245036,1.2792196,0.23020433,0.5569774,0.0,0.0,0.6662981,0.0,0.66263366,0.0,0.0,0.0,2021-09,3.237951807228902
0.671459,0.0,1.3761824,0.7065949,2.3529332,0.90726286,0.06443989,0.7629043,0.0,0.0,0.37742054,0.0,0.37746006,0.0,0.0,0.0,2021-10,3.136396790663757
0.31621552,0.0,1.3778899,0.2674719,2.6523015,0.47792196,0.0,0.9920062,0.0,0.0,0.07655151,0.0,0.08743569,0.0,0.0,0.0,2021-11,-0.6364922206506405
0.14584623,0.0,1.4110246,0.060228363,2.833825,0.28258777,0.0,1.0799972,0.0,0.0,0.0,0.0,0.0,0.0,0.0,0.0,2021-12,0.0711743772241952
0.21137892,0.0,1.4641849,0.13819292,2.841356,0.35301974,0.0,1.0083054,0.0,0.0,0.021129504,0.0,0.092350036,0.0,0.0,0.0,2022-01,3.3428165007112502
0.45394763,0.0,1.5182145,0.46226278,2.686241,0.61622834,0.0,0.8130705,0.0,0.0,0.23778228,0.0,0.35331133,0.0,0.0,0.0,2022-02,17.068134893324142
0.7231547,0.0,1.5242966,0.83499205,2.4241948,0.9103544,0.13390823,0.5998199,0.0,0.0,0.47099692,0.0,0.608696,0.0,0.0,0.0,2022-03,-0.2351557907113496
0.9451494,0.0,1.4606642,1.1343206,2.099653,1.1712523,0.24078445,0.42957968,0.0,0.0,0.6572288,0.0,0.79992986,0.0,0.0,0.0,2022-04,2.2392457277548683
1.1771483,0.0,1.3671956,1.4346765,1.7564548,1.4716274,0.3232601,0.28175828,0.0,0.0,0.84883267,0.0,0.98142064,0.0,0.0,0.0,2022-05,-4.149855907780974
1.4524255,0.0,1.2216614,1.754847,1.3938136,1.8496147,0.36533493,0.13831377,0.0,0.0,1.0682077,0.0,1.1742783,0.0,0.0,0.0,2022-06,-11.42513529765484
1.709774,0.0,0.939348,1.9448124,0.99054694,2.1373088,0.28919837,0.0057518184,0.0,0.0,1.2426091,0.0,1.3497639,0.0,0.0,0.0,2022-07,-1.154107264086909
2.1059675,0.0,0.32729653,2.0190382,0.2594414,2.4396763,0.051714387,0.0,0.0,0.0,1.400748,0.0,1.6532089,0.0,0.0,0.0,2022-08,1.5796703296703376
2.0060768,0.0,0.05943091,1.7704442,0.0,2.3509843,0.0,0.0,0.0,0.0,1.1928229,0.1252155,1.5202552,0.0,0.11000309,0.10551619,2022-09,2.9749830966869544
1.6733947,0.0,0.024263319,1.3101814,0.1708953,1.9550741,0.0,0.00553973,0.0,0.0,0.8725219,0.22413447,1.1683462,0.0,0.27774793,0.20033148,2022-10,-1.444517399868691
1.2823619,0.0,0.04003836,0.7986768,0.5071743,1.4412713,0.0,0.2785178,0.0,0.0,0.5468473,0.20534082,0.8035817,0.0,0.34938467,0.1911636,2022-11,-1.8654230512991223
0.8548819,0.0,0.17673247,0.3017968,1.0166904,0.83030194,0.0,0.5774919,0.0,0.0,0.22532502,0.05382538,0.44544405,0.0,0.30623585,0.01013834,2022-12,0.1357773251866861
0.49724445,0.0,0.44087633,0.008617472,1.539828,0.37707257,0.0,0.78851676,0.0,0.0,0.0,0.0,0.15339339,0.0,0.17807883,0.0,2023-01,-0.5423728813559399
0.33668333,0.0,0.8606845,0.087251425,2.0245602,0.32990998,0.0,0.8508311,0.0,0.0,0.0,0.0,0.052686468,0.0,0.0,0.0,2023-02,-5.521472392638033
0.4745114,0.0,1.239641,0.44873473,2.2550159,0.6381526,0.011669595,0.7371843,0.0,0.0,0.17873822,0.0,0.26821262,0.0,0.0,0.0,2023-03,-1.803751803751804
0.7877909,0.0,1.3636378,0.90281713,2.1128235,1.0318837,0.22316326,0.52062964,0.0,0.0,0.51033676,0.0,0.6031703,0.0,0.0,0.0,2023-04,-4.996326230712699
0.9871865,0.0,1.3443263,1.1770606,1.8921312,1.2708024,0.30315506,0.4006615,0.0,0.0,0.69860864,0.0,0.77690184,0.0,0.0,0.0,2023-05,-2.088167053364282
1.1553358,0.0,1.267554,1.377808,1.6607387,1.4843553,0.33085978,0.3237509,0.0,0.0,0.8379367,0.0,0.88851905,0.0,0.0,0.0,2023-06,-0.5529225908372739
1.2627708,0.0,1.1089387,1.4245281,1.4460684,1.5954503,0.2718507,0.28400168,0.0,0.0,0.8911723,0.0,0.9262668,0.0,0.0,0.0,2023-07,-0.7148530579825303
1.5281336,0.0,0.567789,1.3163997,0.8653463,1.7268577,0.0,0.14007631,0.0,0.0,0.8924122,0.0,1.0599546,0.0,0.0,0.0,2023-08,1.0399999999999976
1.2151792,0.0,0.38342735,0.7883974,0.9468193,1.2708597,0.0,0.357401,0.0,0.0,0.54829144,0.0204126,0.74018383,0.0,0.09816188,0.0,2023-09,-1.187648456057007
0.823616,0.0,0.37082076,0.29144013,1.2736614,0.7617768,0.0,0.63728476,0.0,0.0,0.23181015,0.009885984,0.3886708,0.0,0.19688898,0.0,2023-10,-3.044871794871793
0.28023455,0.0,0.6625065,0.0,1.9777976,0.16048864,0.0,0.9786313,0.0,0.0,0.0,0.0,0.0,0.0,0.07315185,0.0,2023-11,1.4876033057851217
0.0,0.0,1.0274241,0.0,2.5831425,0.0,0.0,1.1702844,0.0,0.0,0.0,0.0,0.0,0.0,0.0,0.0,2023-12,-2.3615635179153025
0.0,0.0,1.336149,0.0,2.9079905,0.043041512,0.0,1.1676348,0.0,0.0,0.0,0.0,0.0,0.0,0.0,0.0,2024-01,-5.087572977481241
0.2354169,0.0,1.4873291,0.14501904,2.8598251,0.36565912,0.0,0.98128945,0.0,0.0,0.057764586,0.0,0.12771638,0.0,0.0,0.0,2024-02,-2.5483304042179187
0.4420536,0.0,1.537041,0.44594476,2.7093012,0.57807654,0.0,0.8218394,0.0,0.0,0.25475726,0.0,0.34793958,0.0,0.0,0.0,2024-03,0.6311992786293855
0.63258654,0.0,1.5600392,0.7229051,2.544638,0.7874694,0.065297216,0.68904275,0.0,0.0,0.41739106,0.0,0.51843184,0.0,0.0,0.0,2024-04,6.362007168458788
0.7605774,0.0,1.5619091,0.907845,2.4235616,0.94312125,0.14142822,0.6153762,0.0,0.0,0.5268686,0.0,0.614946,0.0,0.0,0.0,2024-05,-2.9486099410278013
0.80413383,0.0,1.5578465,0.97377217,2.3885236,1.0113301,0.17629698,0.6042841,0.0,0.0,0.56891197,0.0,0.6300013,0.0,0.0,0.0,2024-06,-3.90625
0.7226189,0.0,1.5670915,0.8849307,2.4866416,0.93851703,0.14555798,0.6807549,0.0,0.0,0.5153848,0.0,0.54914165,0.0,0.0,0.0,2024-07,-0.4516711833785004
0.7005814,0.0,1.6135548,0.8413925,2.6322882,0.9504275,0.16588223,0.7368729,0.0,0.0,0.47861853,0.0,0.49032947,0.0,0.0,0.0,2024-08,3.0852994555353823
0.4637588,0.0,1.624567,0.52629834,2.8725803,0.6913463,0.043335658,0.91972226,0.0,0.0,0.2779652,0.0,0.27733386,0.0,0.0,0.0,2024-09,0.7042253521126861
0.10927397,0.0,1.5920126,0.057454243,3.1378257,0.28435004,0.0,1.1688194,0.0,0.0,0.0,0.0,0.0,0.0,0.0,0.0,2024-10,-2.6223776223776225
0.0,0.0,1.5304887,0.0,3.2790844,0.0,0.0,1.318976,0.0,0.0,0.0,0.0,0.0,0.0,0.0,0.0,2024-11,0.0
0.0,0.0,1.4641392,0.0,3.2677848,0.0,0.0,1.3419062,0.0,0.0,0.0,0.0,0.0,0.0,0.0,0.0,2024-12,0.3590664272890408
0.0,0.0,1.3910232,0.0,3.117812,0.0,0.0,1.2690699,0.0,0.0,0.0,0.0,0.0,0.0,0.0,0.0,2025-01,0.7155635062611782
0.0,0.0,1.3676053,0.0,2.915862,0.0,0.0,1.1321496,0.0,0.0,0.0,0.0,0.0,0.0,0.0,0.0,2025-02,-2.57548845470692
0.0219799,0.0,1.2926134,0.0,2.6198885,0.080836765,0.0,0.98002124,0.0,0.0,0.0,0.0,0.0,0.0,0.0,0.0,2025-03,1.093892433910668
0.23853856,0.0,1.3560542,0.21747866,2.4814682,0.30507907,0.0,0.8541231,0.0,0.0,0.15849085,0.0,0.21461113,0.0,0.0,0.0,2025-04,-1.7132551848512223
0.505371,0.0,1.4850454,0.59638995,2.4537745,0.6108632,0.0,0.7482779,0.0,0.0,0.3595502,0.0,0.4462813,0.0,0.0,0.0,2025-05,-1.5596330275229384
0.59099334,0.0,1.5138408,0.7266763,2.4292166,0.72400683,0.013706006,0.71926135,0.0,0.0,0.4326066,0.0,0.5001221,0.0,0.0,0.0,2025-06,-0.7455731593662602
0.72190046,0.0,1.6072953,0.88609666,2.5300019,0.9164196,0.12425901,0.69293064,0.0,0.0,0.5156233,0.0,0.55588484,0.0,0.0,0.0,2025-07,-0.8450704225352166
0.6639971,0.0,1.6589886,0.8106406,2.710839,0.890079,0.12860677,0.7667819,0.0,0.0,0.46077532,0.0,0.48013225,0.0,0.0,0.0,2025-08,-0.7575757575757549
0.4358288,0.0,1.6826372,0.5187203,2.9720838,0.6590899,0.0209786,0.94467604,0.0,0.0,0.28047365,0.0,0.28960976,0.0,0.0,0.0,2025-09,-0.9541984732824428
0.10573094,0.0,1.649648,0.07813418,3.2287936,0.30163136,0.0,1.1803151,0.0,0.0,0.017043483,0.0,0.0129338745,0.0,0.0,0.0,2025-10,1.734104046242772
0.0,0.0,1.5342492,0.0,3.353575,0.0,0.0,1.3642298,0.0,0.0,0.0,0.0,0.0,0.0,0.0,0.0,2025-11,1.5151515151515234
0.0,0.0,1.4087929,0.0,3.2971556,0.0,0.0,1.3991649,0.0,0.0,0.0,0.0,0.0,0.0,0.0,0.0,2025-12,0.279850746268654
0.0,0.0,1.2879932,0.0,3.1005676,0.0,0.0,1.3259003,0.0,0.0,0.0,0.0,0.0,0.0,0.0,0.0,2026-01,1.1162790697674445
0.0,0.0,1.0386813,0.0,2.6611545,0.0,0.0,1.1746002,0.0,0.0,0.0,0.0,0.0,0.0055123623,0.0,0.0,2026-02,1.5639374425023025
0.0,0.0,0.835497,0.0,2.2218533,0.0,0.0,0.99776554,0.0,0.0,0.0,0.0,0.0,0.12981062,0.0,0.0,2026-03,0.81521739130434
0.0,0.0,0.6387023,0.0,1.8043948,0.0,0.0,0.84514856,0.0,0.0,0.0,0.0,0.0,0.212649,0.0,0.0,2026-04,2.605570530098837
0.0,0.0,0.57658434,0.0,1.6093131,0.0,0.0,0.77288604,0.0,0.027131114,0.0,0.0,0.0,0.17972118,0.0,0.0,2026-05,-3.677758318739056
0.0,0.0,0.84965247,0.0,1.9026887,0.0,0.0,0.83673877,0.0,0.0,0.0,0.0,0.0,0.0,0.0,0.0,2026-06,3.454545454545452
0.097978026,0.0,1.2990764,0.121869214,2.438867,0.16276634,0.0,0.92736524,0.0,0.0,0.110780366,0.0,0.072699696,0.0,0.0,0.0,2026-07,2.196836555360281
